2026-09-09T16:39:15Z INF Thank you for trying Cloudflare Tunnel. Doing so, without a Cloudflare account, is a quick way to experiment and try it out. However, be aware that these account-less Tunnels have no uptime guarantee, are subject to the Cloudflare Online Services Terms of Use (https://www.cloudflare.com/website-terms/), and Cloudflare reserves the right to investigate your use of Tunnels for violations of such terms. If you intend to use Tunnels in production you should use a pre-created named tunnel by following: https://developers.cloudflare.com/cloudflare-one/connections/connect-apps
2026-09-09T16:39:15Z INF Requesting new quick Tunnel on trycloudflare.com...
2026-09-09T16:39:20Z INF +--------------------------------------------------------------------------------------------+
2026-09-09T16:39:20Z INF |  Your quick Tunnel has been created! Visit it at (it may take some time to be reachable):  |
2026-09-09T16:39:20Z INF |  https://surround-know-coverage-valley.trycloudflare.com                                   |
2026-09-09T16:39:20Z INF +--------------------------------------------------------------------------------------------+
2026-09-09T16:39:20Z INF Cannot determine default configuration path. No file [config.yml config.yaml] in [~/.cloudflared ~/.cloudflare-warp ~/cloudflare-warp]
2026-09-09T16:39:20Z INF Version 2026.8.3 (Checksum 83e726ed18ea78c5ad5213c4c3a3a27051393950d2bc8ed4de69bec12d14eaae)
2026-09-09T16:39:20Z INF GOOS: windows, GOVersion: go1.26.4, GoArch: amd64
2026-09-09T16:39:20Z INF Settings: map[ha-connections:1 protocol:quic url:http://localhost:8060]
2026-09-09T16:39:20Z INF cloudflared will not automatically update on Windows systems.
2026-09-09T16:39:20Z INF Generated Connector ID: 9839ab7c-c771-48db-b79c-b5e582124b2f
2026-09-09T16:39:20Z INF Initial protocol quic
2026-09-09T16:39:20Z INF ICMP proxy will use 192.168.29.160 as source for IPv4
2026-09-09T16:39:20Z INF ICMP proxy will use 2405:201:683b:e0ad:bce3:3da6:7833:676c in zone Wi-Fi as source for IPv6
2026-09-09T16:39:20Z INF cloudflared does not support loading the system root certificate pool on Windows. Please use --origin-ca-pool <PATH> to specify the path to the certificate pool
2026-09-09T16:39:20Z INF ICMP proxy will use 192.168.29.160 as source for IPv4
2026-09-09T16:39:20Z INF Tunnel connection curve preferences: [X25519MLKEM768 CurveID(65074) CurveP256] connIndex=0 event=0 ip=2606:4700:a8::3
2026-09-09T16:39:20Z INF ICMP proxy will use 2405:201:683b:e0ad:bce3:3da6:7833:676c in zone Wi-Fi as source for IPv6
2026-09-09T16:39:20Z INF Starting metrics server on 127.0.0.1:20241/metrics
2026-09-09T16:39:20Z INF +-------------------------------------------------------------------------------------+
2026-09-09T16:39:20Z INF |                               CONNECTIVITY PRE-CHECKS                               |
2026-09-09T16:39:20Z INF +-------------------------------------------------------------------------------------+
2026-09-09T16:39:20Z INF |  COMPONENT         TARGET                     STATUS  DETAILS                       |
2026-09-09T16:39:20Z INF |  DNS Resolution    region1.v2.argotunnel.com  PASS    DNS Resolved successfully     |
2026-09-09T16:39:20Z INF |  DNS Resolution    region2.v2.argotunnel.com  PASS    DNS Resolved successfully     |
2026-09-09T16:39:20Z INF |  UDP Connectivity  region1.v2.argotunnel.com  PASS    QUIC connection successful    |
2026-09-09T16:39:20Z INF |  UDP Connectivity  region2.v2.argotunnel.com  PASS    QUIC connection successful    |
2026-09-09T16:39:20Z INF |  TCP Connectivity  region1.v2.argotunnel.com  PASS    HTTP/2 connection successful  |
2026-09-09T16:39:20Z INF |  TCP Connectivity  region2.v2.argotunnel.com  PASS    HTTP/2 connection successful  |
2026-09-09T16:39:20Z INF |  Cloudflare API    api.cloudflare.com:443     PASS    API is reachable              |
2026-09-09T16:39:20Z INF |                                                                                     |
2026-09-09T16:39:20Z INF |  SUMMARY: Environment is healthy. cloudflared will use 'quic' as primary protocol.  |
2026-09-09T16:39:20Z INF +-------------------------------------------------------------------------------------+
2026-09-09T16:39:20Z INF precheck component="DNS Resolution" details="DNS Resolved successfully" run_id=549724d3-bec8-4156-8271-3542e5d5e7da status=pass target=region1.v2.argotunnel.com
2026-09-09T16:39:20Z INF precheck component="DNS Resolution" details="DNS Resolved successfully" run_id=549724d3-bec8-4156-8271-3542e5d5e7da status=pass target=region2.v2.argotunnel.com
2026-09-09T16:39:20Z INF precheck component="UDP Connectivity" details="QUIC connection successful" run_id=549724d3-bec8-4156-8271-3542e5d5e7da status=pass target=region1.v2.argotunnel.com
2026-09-09T16:39:20Z INF precheck component="UDP Connectivity" details="QUIC connection successful" run_id=549724d3-bec8-4156-8271-3542e5d5e7da status=pass target=region2.v2.argotunnel.com
2026-09-09T16:39:20Z INF precheck component="TCP Connectivity" details="HTTP/2 connection successful" run_id=549724d3-bec8-4156-8271-3542e5d5e7da status=pass target=region1.v2.argotunnel.com
2026-09-09T16:39:20Z INF precheck component="TCP Connectivity" details="HTTP/2 connection successful" run_id=549724d3-bec8-4156-8271-3542e5d5e7da status=pass target=region2.v2.argotunnel.com
2026-09-09T16:39:20Z INF precheck component="Cloudflare API" details="API is reachable" run_id=549724d3-bec8-4156-8271-3542e5d5e7da status=pass target=api.cloudflare.com:443
2026-09-09T16:39:20Z INF precheck complete hard_fail=false run_id=549724d3-bec8-4156-8271-3542e5d5e7da suggested_protocol=quic
2026-09-09T16:39:21Z INF Registered tunnel connection connIndex=0 connection=9c1a1d6b-1db3-4b8f-bc01-f7511fb09baf event=0 ip=2606:4700:a8::3 location=del05 protocol=quic
2026-09-09T17:17:18Z ERR failed to accept incoming stream requests error="failed to accept QUIC stream: timeout: no recent network activity" connIndex=0 event=0 ip=2606:4700:a8::3
2026-09-09T17:17:18Z ERR failed to run the datagram handler error="timeout: no recent network activity" connIndex=0 event=0 ip=2606:4700:a8::3
2026-09-09T17:17:18Z ERR failed to serve tunnel connection error="accept stream listener encountered a failure while serving" connIndex=0 event=0 ip=2606:4700:a8::3
2026-09-09T17:17:18Z ERR Serve tunnel error error="accept stream listener encountered a failure while serving" connIndex=0 event=0 ip=2606:4700:a8::3
2026-09-09T17:17:18Z INF Retrying connection in up to 1s connIndex=0 event=0 ip=2606:4700:a8::3
2026-09-09T17:17:18Z INF Tunnel connection curve preferences: [X25519MLKEM768 CurveID(65074) CurveP256] connIndex=0 event=0 ip=2606:4700:a8::3
2026-09-09T17:17:18Z INF Registered tunnel connection connIndex=0 connection=85e7f86c-7cbf-4a26-b9f0-5d3c723a2eee event=0 ip=2606:4700:a8::3 location=del05 protocol=quic
2026-09-09T20:50:16Z ERR failed to run the datagram handler error="timeout: no recent network activity" connIndex=0 event=0 ip=2606:4700:a8::3
2026-09-09T20:50:16Z ERR failed to accept incoming stream requests error="failed to accept QUIC stream: timeout: no recent network activity" connIndex=0 event=0 ip=2606:4700:a8::3
2026-09-09T20:50:16Z ERR failed to serve tunnel connection error="datagram manager encountered a failure while serving" connIndex=0 event=0 ip=2606:4700:a8::3
2026-09-09T20:50:16Z ERR Serve tunnel error error="datagram manager encountered a failure while serving" connIndex=0 event=0 ip=2606:4700:a8::3
2026-09-09T20:50:16Z INF Retrying connection in up to 1s connIndex=0 event=0 ip=2606:4700:a8::3
2026-09-09T20:50:18Z INF Tunnel connection curve preferences: [X25519MLKEM768 CurveID(65074) CurveP256] connIndex=0 event=0 ip=2606:4700:a8::3
2026-09-09T20:50:18Z ERR failed to run the datagram handler error="context canceled" connIndex=0 event=0 ip=2606:4700:a8::3
2026-09-09T20:50:18Z ERR failed to serve tunnel connection error="control stream encountered a failure while serving" connIndex=0 event=0 ip=2606:4700:a8::3
2026-09-09T20:50:18Z ERR Serve tunnel error error="control stream encountered a failure while serving" connIndex=0 event=0 ip=2606:4700:a8::3
2026-09-09T20:50:18Z INF Retrying connection in up to 4s connIndex=0 event=0 ip=2606:4700:a8::3
2026-09-09T20:50:19Z INF Tunnel connection curve preferences: [X25519MLKEM768 CurveID(65074) CurveP256] connIndex=0 event=0 ip=2606:4700:a8::3
2026-09-09T20:50:19Z ERR failed to run the datagram handler error="context canceled" connIndex=0 event=0 ip=2606:4700:a8::3
2026-09-09T20:50:19Z ERR failed to serve tunnel connection error="control stream encountered a failure while serving" connIndex=0 event=0 ip=2606:4700:a8::3
2026-09-09T20:50:19Z ERR Serve tunnel error error="control stream encountered a failure while serving" connIndex=0 event=0 ip=2606:4700:a8::3
2026-09-09T20:50:19Z INF Retrying connection in up to 8s connIndex=0 event=0 ip=2606:4700:a8::3
2026-09-09T20:50:26Z INF Tunnel connection curve preferences: [X25519MLKEM768 CurveID(65074) CurveP256] connIndex=0 event=0 ip=2606:4700:a8::3
2026-09-09T20:50:26Z ERR failed to run the datagram handler error="context canceled" connIndex=0 event=0 ip=2606:4700:a8::3
2026-09-09T20:50:26Z ERR failed to serve tunnel connection error="control stream encountered a failure while serving" connIndex=0 event=0 ip=2606:4700:a8::3
2026-09-09T20:50:26Z ERR Serve tunnel error error="control stream encountered a failure while serving" connIndex=0 event=0 ip=2606:4700:a8::3
2026-09-09T20:50:26Z INF Retrying connection in up to 16s connIndex=0 event=0 ip=2606:4700:a8::3
2026-09-09T20:50:38Z INF Tunnel connection curve preferences: [X25519MLKEM768 CurveID(65074) CurveP256] connIndex=0 event=0 ip=2606:4700:a8::3
2026-09-09T20:50:38Z ERR failed to run the datagram handler error="context canceled" connIndex=0 event=0 ip=2606:4700:a8::3
2026-09-09T20:50:38Z ERR failed to serve tunnel connection error="control stream encountered a failure while serving" connIndex=0 event=0 ip=2606:4700:a8::3
2026-09-09T20:50:38Z ERR Serve tunnel error error="control stream encountered a failure while serving" connIndex=0 event=0 ip=2606:4700:a8::3
2026-09-09T20:50:38Z INF Retrying connection in up to 32s connIndex=0 event=0 ip=2606:4700:a8::3
2026-09-09T20:50:43Z INF Tunnel connection curve preferences: [X25519MLKEM768 CurveID(65074) CurveP256] connIndex=0 event=0 ip=2606:4700:a8::3
2026-09-09T20:50:43Z ERR failed to run the datagram handler error="context canceled" connIndex=0 event=0 ip=2606:4700:a8::3
2026-09-09T20:50:43Z ERR failed to serve tunnel connection error="control stream encountered a failure while serving" connIndex=0 event=0 ip=2606:4700:a8::3
2026-09-09T20:50:43Z ERR Serve tunnel error error="control stream encountered a failure while serving" connIndex=0 event=0 ip=2606:4700:a8::3
2026-09-09T20:50:43Z INF Retrying connection in up to 1m4s connIndex=0 event=0 ip=2606:4700:a8::3
2026-09-09T20:50:47Z INF Tunnel connection curve preferences: [X25519MLKEM768 CurveID(65074) CurveP256] connIndex=0 event=0 ip=2606:4700:a8::3
2026-09-09T20:50:48Z ERR failed to run the datagram handler error="context canceled" connIndex=0 event=0 ip=2606:4700:a8::3
2026-09-09T20:50:48Z ERR failed to serve tunnel connection error="control stream encountered a failure while serving" connIndex=0 event=0 ip=2606:4700:a8::3
2026-09-09T20:50:48Z ERR Serve tunnel error error="control stream encountered a failure while serving" connIndex=0 event=0 ip=2606:4700:a8::3
2026-09-09T20:50:48Z INF Retrying connection in up to 1m4s connIndex=0 event=0 ip=2606:4700:a8::3
2026-09-09T20:51:10Z INF Tunnel connection curve preferences: [X25519MLKEM768 CurveID(65074) CurveP256] connIndex=0 event=0 ip=2606:4700:a8::3
2026-09-09T20:51:11Z ERR failed to run the datagram handler error="context canceled" connIndex=0 event=0 ip=2606:4700:a8::3
2026-09-09T20:51:11Z ERR failed to serve tunnel connection error="control stream encountered a failure while serving" connIndex=0 event=0 ip=2606:4700:a8::3
2026-09-09T20:51:11Z ERR Serve tunnel error error="control stream encountered a failure while serving" connIndex=0 event=0 ip=2606:4700:a8::3
2026-09-09T20:51:11Z INF Retrying connection in up to 1m4s connIndex=0 event=0 ip=2606:4700:a8::3
2026-09-09T20:51:16Z INF Tunnel connection curve preferences: [X25519MLKEM768 CurveID(65074) CurveP256] connIndex=0 event=0 ip=2606:4700:a8::3
2026-09-09T20:51:16Z ERR failed to run the datagram handler error="context canceled" connIndex=0 event=0 ip=2606:4700:a8::3
2026-09-09T20:51:16Z ERR failed to serve tunnel connection error="control stream encountered a failure while serving" connIndex=0 event=0 ip=2606:4700:a8::3
2026-09-09T20:51:16Z ERR Serve tunnel error error="control stream encountered a failure while serving" connIndex=0 event=0 ip=2606:4700:a8::3
2026-09-09T20:51:16Z INF Retrying connection in up to 1m4s connIndex=0 event=0 ip=2606:4700:a8::3
2026-09-09T20:51:30Z INF Tunnel connection curve preferences: [X25519MLKEM768 CurveID(65074) CurveP256] connIndex=0 event=0 ip=2606:4700:a8::3
2026-09-09T20:51:30Z ERR failed to run the datagram handler error="context canceled" connIndex=0 event=0 ip=2606:4700:a8::3
2026-09-09T20:51:30Z ERR failed to serve tunnel connection error="control stream encountered a failure while serving" connIndex=0 event=0 ip=2606:4700:a8::3
2026-09-09T20:51:30Z ERR Serve tunnel error error="control stream encountered a failure while serving" connIndex=0 event=0 ip=2606:4700:a8::3
2026-09-09T20:51:30Z INF Retrying connection in up to 1m4s connIndex=0 event=0 ip=2606:4700:a8::3
2026-09-09T20:51:34Z INF Tunnel connection curve preferences: [X25519MLKEM768 CurveID(65074) CurveP256] connIndex=0 event=0 ip=2606:4700:a8::3
2026-09-09T20:51:34Z ERR failed to run the datagram handler error="context canceled" connIndex=0 event=0 ip=2606:4700:a8::3
2026-09-09T20:51:34Z ERR failed to serve tunnel connection error="control stream encountered a failure while serving" connIndex=0 event=0 ip=2606:4700:a8::3
2026-09-09T20:51:34Z ERR Serve tunnel error error="control stream encountered a failure while serving" connIndex=0 event=0 ip=2606:4700:a8::3
2026-09-09T20:51:34Z INF Retrying connection in up to 1m4s connIndex=0 event=0 ip=2606:4700:a8::3
2026-09-09T20:51:58Z INF Tunnel connection curve preferences: [X25519MLKEM768 CurveID(65074) CurveP256] connIndex=0 event=0 ip=2606:4700:a8::3
2026-09-09T20:51:58Z ERR failed to run the datagram handler error="context canceled" connIndex=0 event=0 ip=2606:4700:a8::3
2026-09-09T20:51:58Z ERR failed to serve tunnel connection error="control stream encountered a failure while serving" connIndex=0 event=0 ip=2606:4700:a8::3
2026-09-09T20:51:58Z ERR Serve tunnel error error="control stream encountered a failure while serving" connIndex=0 event=0 ip=2606:4700:a8::3
2026-09-09T20:51:58Z INF Retrying connection in up to 1m4s connIndex=0 event=0 ip=2606:4700:a8::3
2026-09-09T20:52:23Z INF Tunnel connection curve preferences: [X25519MLKEM768 CurveID(65074) CurveP256] connIndex=0 event=0 ip=2606:4700:a8::3
2026-09-09T20:52:23Z ERR failed to run the datagram handler error="context canceled" connIndex=0 event=0 ip=2606:4700:a8::3
2026-09-09T20:52:23Z ERR failed to serve tunnel connection error="control stream encountered a failure while serving" connIndex=0 event=0 ip=2606:4700:a8::3
2026-09-09T20:52:23Z ERR Serve tunnel error error="control stream encountered a failure while serving" connIndex=0 event=0 ip=2606:4700:a8::3
2026-09-09T20:52:23Z INF Retrying connection in up to 1m4s connIndex=0 event=0 ip=2606:4700:a8::3
2026-09-09T20:52:41Z INF Tunnel connection curve preferences: [X25519MLKEM768 CurveID(65074) CurveP256] connIndex=0 event=0 ip=2606:4700:a8::3
2026-09-09T20:52:41Z ERR failed to run the datagram handler error="context canceled" connIndex=0 event=0 ip=2606:4700:a8::3
2026-09-09T20:52:41Z ERR failed to serve tunnel connection error="control stream encountered a failure while serving" connIndex=0 event=0 ip=2606:4700:a8::3
2026-09-09T20:52:41Z ERR Serve tunnel error error="control stream encountered a failure while serving" connIndex=0 event=0 ip=2606:4700:a8::3
2026-09-09T20:52:41Z INF Retrying connection in up to 1m4s connIndex=0 event=0 ip=2606:4700:a8::3
2026-09-09T20:52:48Z INF Tunnel connection curve preferences: [X25519MLKEM768 CurveID(65074) CurveP256] connIndex=0 event=0 ip=2606:4700:a8::3
2026-09-09T20:52:48Z ERR failed to run the datagram handler error="context canceled" connIndex=0 event=0 ip=2606:4700:a8::3
2026-09-09T20:52:48Z ERR failed to serve tunnel connection error="control stream encountered a failure while serving" connIndex=0 event=0 ip=2606:4700:a8::3
2026-09-09T20:52:48Z ERR Serve tunnel error error="control stream encountered a failure while serving" connIndex=0 event=0 ip=2606:4700:a8::3
2026-09-09T20:52:48Z INF Retrying connection in up to 1m4s connIndex=0 event=0 ip=2606:4700:a8::3
2026-09-09T20:53:16Z INF Tunnel connection curve preferences: [X25519MLKEM768 CurveID(65074) CurveP256] connIndex=0 event=0 ip=2606:4700:a8::3
2026-09-09T20:53:16Z ERR failed to run the datagram handler error="context canceled" connIndex=0 event=0 ip=2606:4700:a8::3
2026-09-09T20:53:16Z ERR failed to serve tunnel connection error="control stream encountered a failure while serving" connIndex=0 event=0 ip=2606:4700:a8::3
2026-09-09T20:53:16Z ERR Serve tunnel error error="control stream encountered a failure while serving" connIndex=0 event=0 ip=2606:4700:a8::3
2026-09-09T20:53:16Z INF Retrying connection in up to 1m4s connIndex=0 event=0 ip=2606:4700:a8::3
2026-09-09T20:53:45Z INF Tunnel connection curve preferences: [X25519MLKEM768 CurveID(65074) CurveP256] connIndex=0 event=0 ip=2606:4700:a8::3
2026-09-09T20:53:45Z ERR failed to run the datagram handler error="context canceled" connIndex=0 event=0 ip=2606:4700:a8::3
2026-09-09T20:53:45Z ERR failed to serve tunnel connection error="control stream encountered a failure while serving" connIndex=0 event=0 ip=2606:4700:a8::3
2026-09-09T20:53:45Z ERR Serve tunnel error error="control stream encountered a failure while serving" connIndex=0 event=0 ip=2606:4700:a8::3
2026-09-09T20:53:45Z INF Retrying connection in up to 1m4s connIndex=0 event=0 ip=2606:4700:a8::3
2026-09-09T20:53:56Z INF Tunnel connection curve preferences: [X25519MLKEM768 CurveID(65074) CurveP256] connIndex=0 event=0 ip=2606:4700:a8::3
2026-09-09T20:53:56Z ERR failed to run the datagram handler error="context canceled" connIndex=0 event=0 ip=2606:4700:a8::3
2026-09-09T20:53:56Z ERR failed to serve tunnel connection error="control stream encountered a failure while serving" connIndex=0 event=0 ip=2606:4700:a8::3
2026-09-09T20:53:56Z ERR Serve tunnel error error="control stream encountered a failure while serving" connIndex=0 event=0 ip=2606:4700:a8::3
2026-09-09T20:53:56Z INF Retrying connection in up to 1m4s connIndex=0 event=0 ip=2606:4700:a8::3
2026-09-09T20:53:56Z INF Tunnel connection curve preferences: [X25519MLKEM768 CurveID(65074) CurveP256] connIndex=0 event=0 ip=2606:4700:a8::3
2026-09-09T20:53:56Z ERR failed to run the datagram handler error="context canceled" connIndex=0 event=0 ip=2606:4700:a8::3
2026-09-09T20:53:56Z ERR failed to serve tunnel connection error="control stream encountered a failure while serving" connIndex=0 event=0 ip=2606:4700:a8::3
2026-09-09T20:53:56Z ERR Serve tunnel error error="control stream encountered a failure while serving" connIndex=0 event=0 ip=2606:4700:a8::3
2026-09-09T20:53:56Z INF Retrying connection in up to 1m4s connIndex=0 event=0 ip=2606:4700:a8::3
2026-09-09T20:54:27Z INF Tunnel connection curve preferences: [X25519MLKEM768 CurveID(65074) CurveP256] connIndex=0 event=0 ip=2606:4700:a8::3
2026-09-09T20:54:27Z ERR failed to run the datagram handler error="context canceled" connIndex=0 event=0 ip=2606:4700:a8::3
2026-09-09T20:54:27Z ERR failed to serve tunnel connection error="control stream encountered a failure while serving" connIndex=0 event=0 ip=2606:4700:a8::3
2026-09-09T20:54:27Z ERR Serve tunnel error error="control stream encountered a failure while serving" connIndex=0 event=0 ip=2606:4700:a8::3
2026-09-09T20:54:27Z INF Retrying connection in up to 1m4s connIndex=0 event=0 ip=2606:4700:a8::3
2026-09-09T20:54:39Z INF Tunnel connection curve preferences: [X25519MLKEM768 CurveID(65074) CurveP256] connIndex=0 event=0 ip=2606:4700:a8::3
2026-09-09T20:54:39Z ERR failed to run the datagram handler error="context canceled" connIndex=0 event=0 ip=2606:4700:a8::3
2026-09-09T20:54:39Z ERR failed to serve tunnel connection error="control stream encountered a failure while serving" connIndex=0 event=0 ip=2606:4700:a8::3
2026-09-09T20:54:39Z ERR Serve tunnel error error="control stream encountered a failure while serving" connIndex=0 event=0 ip=2606:4700:a8::3
2026-09-09T20:54:39Z INF Retrying connection in up to 1m4s connIndex=0 event=0 ip=2606:4700:a8::3
2026-09-09T20:54:56Z INF Tunnel connection curve preferences: [X25519MLKEM768 CurveID(65074) CurveP256] connIndex=0 event=0 ip=2606:4700:a8::3
2026-09-09T20:54:56Z ERR failed to run the datagram handler error="context canceled" connIndex=0 event=0 ip=2606:4700:a8::3
2026-09-09T20:54:56Z ERR failed to serve tunnel connection error="control stream encountered a failure while serving" connIndex=0 event=0 ip=2606:4700:a8::3
2026-09-09T20:54:56Z ERR Serve tunnel error error="control stream encountered a failure while serving" connIndex=0 event=0 ip=2606:4700:a8::3
2026-09-09T20:54:56Z INF Retrying connection in up to 1m4s connIndex=0 event=0 ip=2606:4700:a8::3
2026-09-09T20:55:11Z INF Tunnel connection curve preferences: [X25519MLKEM768 CurveID(65074) CurveP256] connIndex=0 event=0 ip=2606:4700:a8::3
2026-09-09T20:55:11Z ERR failed to run the datagram handler error="context canceled" connIndex=0 event=0 ip=2606:4700:a8::3
2026-09-09T20:55:11Z ERR failed to serve tunnel connection error="control stream encountered a failure while serving" connIndex=0 event=0 ip=2606:4700:a8::3
2026-09-09T20:55:11Z ERR Serve tunnel error error="control stream encountered a failure while serving" connIndex=0 event=0 ip=2606:4700:a8::3
2026-09-09T20:55:11Z INF Retrying connection in up to 1m4s connIndex=0 event=0 ip=2606:4700:a8::3
2026-09-09T20:55:21Z INF Tunnel connection curve preferences: [X25519MLKEM768 CurveID(65074) CurveP256] connIndex=0 event=0 ip=2606:4700:a8::3
2026-09-09T20:55:21Z ERR failed to run the datagram handler error="context canceled" connIndex=0 event=0 ip=2606:4700:a8::3
2026-09-09T20:55:21Z ERR failed to serve tunnel connection error="control stream encountered a failure while serving" connIndex=0 event=0 ip=2606:4700:a8::3
2026-09-09T20:55:21Z ERR Serve tunnel error error="control stream encountered a failure while serving" connIndex=0 event=0 ip=2606:4700:a8::3
2026-09-09T20:55:21Z INF Retrying connection in up to 1m4s connIndex=0 event=0 ip=2606:4700:a8::3
2026-09-09T20:55:22Z INF Tunnel connection curve preferences: [X25519MLKEM768 CurveID(65074) CurveP256] connIndex=0 event=0 ip=2606:4700:a8::3
2026-09-09T20:55:22Z ERR failed to run the datagram handler error="context canceled" connIndex=0 event=0 ip=2606:4700:a8::3
2026-09-09T20:55:22Z ERR failed to serve tunnel connection error="control stream encountered a failure while serving" connIndex=0 event=0 ip=2606:4700:a8::3
2026-09-09T20:55:22Z ERR Serve tunnel error error="control stream encountered a failure while serving" connIndex=0 event=0 ip=2606:4700:a8::3
2026-09-09T20:55:22Z INF Retrying connection in up to 1m4s connIndex=0 event=0 ip=2606:4700:a8::3
2026-09-09T20:55:52Z INF Tunnel connection curve preferences: [X25519MLKEM768 CurveID(65074) CurveP256] connIndex=0 event=0 ip=2606:4700:a8::3
2026-09-09T20:55:52Z ERR failed to run the datagram handler error="context canceled" connIndex=0 event=0 ip=2606:4700:a8::3
2026-09-09T20:55:52Z ERR failed to serve tunnel connection error="control stream encountered a failure while serving" connIndex=0 event=0 ip=2606:4700:a8::3
2026-09-09T20:55:52Z ERR Serve tunnel error error="control stream encountered a failure while serving" connIndex=0 event=0 ip=2606:4700:a8::3
2026-09-09T20:55:52Z INF Retrying connection in up to 1m4s connIndex=0 event=0 ip=2606:4700:a8::3
2026-09-09T20:55:58Z INF Tunnel connection curve preferences: [X25519MLKEM768 CurveID(65074) CurveP256] connIndex=0 event=0 ip=2606:4700:a8::3
2026-09-09T20:55:58Z ERR failed to run the datagram handler error="context canceled" connIndex=0 event=0 ip=2606:4700:a8::3
2026-09-09T20:55:58Z ERR failed to serve tunnel connection error="control stream encountered a failure while serving" connIndex=0 event=0 ip=2606:4700:a8::3
2026-09-09T20:55:58Z ERR Serve tunnel error error="control stream encountered a failure while serving" connIndex=0 event=0 ip=2606:4700:a8::3
2026-09-09T20:55:58Z INF Retrying connection in up to 1m4s connIndex=0 event=0 ip=2606:4700:a8::3
2026-09-09T20:56:27Z INF Tunnel connection curve preferences: [X25519MLKEM768 CurveID(65074) CurveP256] connIndex=0 event=0 ip=2606:4700:a8::3
2026-09-09T20:56:27Z ERR failed to run the datagram handler error="context canceled" connIndex=0 event=0 ip=2606:4700:a8::3
2026-09-09T20:56:27Z ERR failed to serve tunnel connection error="control stream encountered a failure while serving" connIndex=0 event=0 ip=2606:4700:a8::3
2026-09-09T20:56:27Z ERR Serve tunnel error error="control stream encountered a failure while serving" connIndex=0 event=0 ip=2606:4700:a8::3
2026-09-09T20:56:27Z INF Retrying connection in up to 1m4s connIndex=0 event=0 ip=2606:4700:a8::3
2026-09-09T20:56:40Z INF Tunnel connection curve preferences: [X25519MLKEM768 CurveID(65074) CurveP256] connIndex=0 event=0 ip=2606:4700:a8::3
2026-09-09T20:56:40Z ERR failed to run the datagram handler error="context canceled" connIndex=0 event=0 ip=2606:4700:a8::3
2026-09-09T20:56:40Z ERR failed to serve tunnel connection error="control stream encountered a failure while serving" connIndex=0 event=0 ip=2606:4700:a8::3
2026-09-09T20:56:40Z ERR Serve tunnel error error="control stream encountered a failure while serving" connIndex=0 event=0 ip=2606:4700:a8::3
2026-09-09T20:56:40Z INF Retrying connection in up to 1m4s connIndex=0 event=0 ip=2606:4700:a8::3
2026-09-09T20:56:49Z INF Tunnel connection curve preferences: [X25519MLKEM768 CurveID(65074) CurveP256] connIndex=0 event=0 ip=2606:4700:a8::3
2026-09-09T20:56:49Z ERR failed to run the datagram handler error="context canceled" connIndex=0 event=0 ip=2606:4700:a8::3
2026-09-09T20:56:49Z ERR failed to serve tunnel connection error="control stream encountered a failure while serving" connIndex=0 event=0 ip=2606:4700:a8::3
2026-09-09T20:56:49Z ERR Serve tunnel error error="control stream encountered a failure while serving" connIndex=0 event=0 ip=2606:4700:a8::3
2026-09-09T20:56:49Z INF Retrying connection in up to 1m4s connIndex=0 event=0 ip=2606:4700:a8::3
2026-09-09T20:56:54Z INF Tunnel connection curve preferences: [X25519MLKEM768 CurveID(65074) CurveP256] connIndex=0 event=0 ip=2606:4700:a8::3
2026-09-09T20:56:54Z ERR failed to run the datagram handler error="context canceled" connIndex=0 event=0 ip=2606:4700:a8::3
2026-09-09T20:56:54Z ERR failed to serve tunnel connection error="control stream encountered a failure while serving" connIndex=0 event=0 ip=2606:4700:a8::3
2026-09-09T20:56:54Z ERR Serve tunnel error error="control stream encountered a failure while serving" connIndex=0 event=0 ip=2606:4700:a8::3
2026-09-09T20:56:54Z INF Retrying connection in up to 1m4s connIndex=0 event=0 ip=2606:4700:a8::3
2026-09-09T20:57:25Z INF Tunnel connection curve preferences: [X25519MLKEM768 CurveID(65074) CurveP256] connIndex=0 event=0 ip=2606:4700:a8::3
2026-09-09T20:57:25Z ERR failed to run the datagram handler error="context canceled" connIndex=0 event=0 ip=2606:4700:a8::3
2026-09-09T20:57:25Z ERR failed to serve tunnel connection error="control stream encountered a failure while serving" connIndex=0 event=0 ip=2606:4700:a8::3
2026-09-09T20:57:25Z ERR Serve tunnel error error="control stream encountered a failure while serving" connIndex=0 event=0 ip=2606:4700:a8::3
2026-09-09T20:57:25Z INF Retrying connection in up to 1m4s connIndex=0 event=0 ip=2606:4700:a8::3
2026-09-09T20:57:50Z INF Tunnel connection curve preferences: [X25519MLKEM768 CurveID(65074) CurveP256] connIndex=0 event=0 ip=2606:4700:a8::3
2026-09-09T20:57:50Z ERR failed to run the datagram handler error="context canceled" connIndex=0 event=0 ip=2606:4700:a8::3
2026-09-09T20:57:50Z ERR failed to serve tunnel connection error="control stream encountered a failure while serving" connIndex=0 event=0 ip=2606:4700:a8::3
2026-09-09T20:57:50Z ERR Serve tunnel error error="control stream encountered a failure while serving" connIndex=0 event=0 ip=2606:4700:a8::3
2026-09-09T20:57:50Z INF Retrying connection in up to 1m4s connIndex=0 event=0 ip=2606:4700:a8::3
2026-09-09T20:58:01Z INF Tunnel connection curve preferences: [X25519MLKEM768 CurveID(65074) CurveP256] connIndex=0 event=0 ip=2606:4700:a8::3
2026-09-09T20:58:01Z ERR failed to run the datagram handler error="context canceled" connIndex=0 event=0 ip=2606:4700:a8::3
2026-09-09T20:58:01Z ERR failed to serve tunnel connection error="control stream encountered a failure while serving" connIndex=0 event=0 ip=2606:4700:a8::3
2026-09-09T20:58:01Z ERR Serve tunnel error error="control stream encountered a failure while serving" connIndex=0 event=0 ip=2606:4700:a8::3
2026-09-09T20:58:01Z INF Retrying connection in up to 1m4s connIndex=0 event=0 ip=2606:4700:a8::3
2026-09-09T20:58:28Z INF Tunnel connection curve preferences: [X25519MLKEM768 CurveID(65074) CurveP256] connIndex=0 event=0 ip=2606:4700:a8::3
2026-09-09T20:58:28Z ERR failed to run the datagram handler error="context canceled" connIndex=0 event=0 ip=2606:4700:a8::3
2026-09-09T20:58:28Z ERR failed to serve tunnel connection error="control stream encountered a failure while serving" connIndex=0 event=0 ip=2606:4700:a8::3
2026-09-09T20:58:28Z ERR Serve tunnel error error="control stream encountered a failure while serving" connIndex=0 event=0 ip=2606:4700:a8::3
2026-09-09T20:58:28Z INF Retrying connection in up to 1m4s connIndex=0 event=0 ip=2606:4700:a8::3
2026-09-09T20:58:57Z INF Tunnel connection curve preferences: [X25519MLKEM768 CurveID(65074) CurveP256] connIndex=0 event=0 ip=2606:4700:a8::3
2026-09-09T20:58:57Z ERR failed to run the datagram handler error="context canceled" connIndex=0 event=0 ip=2606:4700:a8::3
2026-09-09T20:58:57Z ERR failed to serve tunnel connection error="control stream encountered a failure while serving" connIndex=0 event=0 ip=2606:4700:a8::3
2026-09-09T20:58:57Z ERR Serve tunnel error error="control stream encountered a failure while serving" connIndex=0 event=0 ip=2606:4700:a8::3
2026-09-09T20:58:57Z INF Retrying connection in up to 1m4s connIndex=0 event=0 ip=2606:4700:a8::3
2026-09-09T20:59:24Z INF Tunnel connection curve preferences: [X25519MLKEM768 CurveID(65074) CurveP256] connIndex=0 event=0 ip=2606:4700:a8::3
2026-09-09T20:59:24Z ERR failed to run the datagram handler error="context canceled" connIndex=0 event=0 ip=2606:4700:a8::3
2026-09-09T20:59:24Z ERR failed to serve tunnel connection error="control stream encountered a failure while serving" connIndex=0 event=0 ip=2606:4700:a8::3
2026-09-09T20:59:24Z ERR Serve tunnel error error="control stream encountered a failure while serving" connIndex=0 event=0 ip=2606:4700:a8::3
2026-09-09T20:59:24Z INF Retrying connection in up to 1m4s connIndex=0 event=0 ip=2606:4700:a8::3
2026-09-09T20:59:36Z INF Tunnel connection curve preferences: [X25519MLKEM768 CurveID(65074) CurveP256] connIndex=0 event=0 ip=2606:4700:a8::3
2026-09-09T20:59:37Z ERR failed to run the datagram handler error="context canceled" connIndex=0 event=0 ip=2606:4700:a8::3
2026-09-09T20:59:37Z ERR failed to serve tunnel connection error="control stream encountered a failure while serving" connIndex=0 event=0 ip=2606:4700:a8::3
2026-09-09T20:59:37Z ERR Serve tunnel error error="control stream encountered a failure while serving" connIndex=0 event=0 ip=2606:4700:a8::3
2026-09-09T20:59:37Z INF Retrying connection in up to 1m4s connIndex=0 event=0 ip=2606:4700:a8::3
2026-09-09T21:00:06Z INF Tunnel connection curve preferences: [X25519MLKEM768 CurveID(65074) CurveP256] connIndex=0 event=0 ip=2606:4700:a8::3
2026-09-09T21:00:06Z ERR failed to run the datagram handler error="context canceled" connIndex=0 event=0 ip=2606:4700:a8::3
2026-09-09T21:00:06Z ERR failed to serve tunnel connection error="control stream encountered a failure while serving" connIndex=0 event=0 ip=2606:4700:a8::3
2026-09-09T21:00:06Z ERR Serve tunnel error error="control stream encountered a failure while serving" connIndex=0 event=0 ip=2606:4700:a8::3
2026-09-09T21:00:06Z INF Retrying connection in up to 1m4s connIndex=0 event=0 ip=2606:4700:a8::3
2026-09-09T21:00:34Z INF Tunnel connection curve preferences: [X25519MLKEM768 CurveID(65074) CurveP256] connIndex=0 event=0 ip=2606:4700:a8::3
2026-09-09T21:00:34Z ERR failed to run the datagram handler error="context canceled" connIndex=0 event=0 ip=2606:4700:a8::3
2026-09-09T21:00:34Z ERR failed to serve tunnel connection error="control stream encountered a failure while serving" connIndex=0 event=0 ip=2606:4700:a8::3
2026-09-09T21:00:34Z ERR Serve tunnel error error="control stream encountered a failure while serving" connIndex=0 event=0 ip=2606:4700:a8::3
2026-09-09T21:00:34Z INF Retrying connection in up to 1m4s connIndex=0 event=0 ip=2606:4700:a8::3
2026-09-09T21:00:49Z INF Tunnel connection curve preferences: [X25519MLKEM768 CurveID(65074) CurveP256] connIndex=0 event=0 ip=2606:4700:a8::3
2026-09-09T21:00:49Z ERR failed to run the datagram handler error="context canceled" connIndex=0 event=0 ip=2606:4700:a8::3
2026-09-09T21:00:49Z ERR failed to serve tunnel connection error="control stream encountered a failure while serving" connIndex=0 event=0 ip=2606:4700:a8::3
2026-09-09T21:00:49Z ERR Serve tunnel error error="control stream encountered a failure while serving" connIndex=0 event=0 ip=2606:4700:a8::3
2026-09-09T21:00:49Z INF Retrying connection in up to 1m4s connIndex=0 event=0 ip=2606:4700:a8::3
2026-09-09T21:00:54Z INF Tunnel connection curve preferences: [X25519MLKEM768 CurveID(65074) CurveP256] connIndex=0 event=0 ip=2606:4700:a8::3
2026-09-09T21:00:54Z ERR failed to run the datagram handler error="context canceled" connIndex=0 event=0 ip=2606:4700:a8::3
2026-09-09T21:00:54Z ERR failed to serve tunnel connection error="control stream encountered a failure while serving" connIndex=0 event=0 ip=2606:4700:a8::3
2026-09-09T21:00:54Z ERR Serve tunnel error error="control stream encountered a failure while serving" connIndex=0 event=0 ip=2606:4700:a8::3
2026-09-09T21:00:54Z INF Retrying connection in up to 1m4s connIndex=0 event=0 ip=2606:4700:a8::3
2026-09-09T21:00:59Z INF Tunnel connection curve preferences: [X25519MLKEM768 CurveID(65074) CurveP256] connIndex=0 event=0 ip=2606:4700:a8::3
2026-09-09T21:00:59Z ERR failed to run the datagram handler error="context canceled" connIndex=0 event=0 ip=2606:4700:a8::3
2026-09-09T21:00:59Z ERR failed to serve tunnel connection error="control stream encountered a failure while serving" connIndex=0 event=0 ip=2606:4700:a8::3
2026-09-09T21:00:59Z ERR Serve tunnel error error="control stream encountered a failure while serving" connIndex=0 event=0 ip=2606:4700:a8::3
2026-09-09T21:00:59Z INF Retrying connection in up to 1m4s connIndex=0 event=0 ip=2606:4700:a8::3
2026-09-09T21:01:03Z INF Tunnel connection curve preferences: [X25519MLKEM768 CurveID(65074) CurveP256] connIndex=0 event=0 ip=2606:4700:a8::3
2026-09-09T21:01:03Z ERR failed to run the datagram handler error="context canceled" connIndex=0 event=0 ip=2606:4700:a8::3
2026-09-09T21:01:03Z ERR failed to serve tunnel connection error="control stream encountered a failure while serving" connIndex=0 event=0 ip=2606:4700:a8::3
2026-09-09T21:01:03Z ERR Serve tunnel error error="control stream encountered a failure while serving" connIndex=0 event=0 ip=2606:4700:a8::3
2026-09-09T21:01:03Z INF Retrying connection in up to 1m4s connIndex=0 event=0 ip=2606:4700:a8::3
2026-09-09T21:01:30Z INF Tunnel connection curve preferences: [X25519MLKEM768 CurveID(65074) CurveP256] connIndex=0 event=0 ip=2606:4700:a8::3
2026-09-09T21:01:30Z ERR failed to run the datagram handler error="context canceled" connIndex=0 event=0 ip=2606:4700:a8::3
2026-09-09T21:01:30Z ERR failed to serve tunnel connection error="control stream encountered a failure while serving" connIndex=0 event=0 ip=2606:4700:a8::3
2026-09-09T21:01:30Z ERR Serve tunnel error error="control stream encountered a failure while serving" connIndex=0 event=0 ip=2606:4700:a8::3
2026-09-09T21:01:30Z INF Retrying connection in up to 1m4s connIndex=0 event=0 ip=2606:4700:a8::3
2026-09-09T21:01:54Z INF Tunnel connection curve preferences: [X25519MLKEM768 CurveID(65074) CurveP256] connIndex=0 event=0 ip=2606:4700:a8::3
2026-09-09T21:01:54Z ERR failed to run the datagram handler error="context canceled" connIndex=0 event=0 ip=2606:4700:a8::3
2026-09-09T21:01:54Z ERR failed to serve tunnel connection error="control stream encountered a failure while serving" connIndex=0 event=0 ip=2606:4700:a8::3
2026-09-09T21:01:54Z ERR Serve tunnel error error="control stream encountered a failure while serving" connIndex=0 event=0 ip=2606:4700:a8::3
2026-09-09T21:01:54Z INF Retrying connection in up to 1m4s connIndex=0 event=0 ip=2606:4700:a8::3
2026-09-09T21:02:04Z INF Tunnel connection curve preferences: [X25519MLKEM768 CurveID(65074) CurveP256] connIndex=0 event=0 ip=2606:4700:a8::3
2026-09-09T21:02:04Z ERR failed to run the datagram handler error="context canceled" connIndex=0 event=0 ip=2606:4700:a8::3
2026-09-09T21:02:04Z ERR failed to serve tunnel connection error="control stream encountered a failure while serving" connIndex=0 event=0 ip=2606:4700:a8::3
2026-09-09T21:02:04Z ERR Serve tunnel error error="control stream encountered a failure while serving" connIndex=0 event=0 ip=2606:4700:a8::3
2026-09-09T21:02:04Z INF Retrying connection in up to 1m4s connIndex=0 event=0 ip=2606:4700:a8::3
2026-09-09T21:02:28Z INF Tunnel connection curve preferences: [X25519MLKEM768 CurveID(65074) CurveP256] connIndex=0 event=0 ip=2606:4700:a8::3
2026-09-09T21:02:28Z ERR failed to run the datagram handler error="context canceled" connIndex=0 event=0 ip=2606:4700:a8::3
2026-09-09T21:02:28Z ERR failed to serve tunnel connection error="control stream encountered a failure while serving" connIndex=0 event=0 ip=2606:4700:a8::3
2026-09-09T21:02:28Z ERR Serve tunnel error error="control stream encountered a failure while serving" connIndex=0 event=0 ip=2606:4700:a8::3
2026-09-09T21:02:28Z INF Retrying connection in up to 1m4s connIndex=0 event=0 ip=2606:4700:a8::3
2026-09-09T21:02:36Z INF Tunnel connection curve preferences: [X25519MLKEM768 CurveID(65074) CurveP256] connIndex=0 event=0 ip=2606:4700:a8::3
2026-09-09T21:02:36Z ERR failed to run the datagram handler error="context canceled" connIndex=0 event=0 ip=2606:4700:a8::3
2026-09-09T21:02:36Z ERR failed to serve tunnel connection error="control stream encountered a failure while serving" connIndex=0 event=0 ip=2606:4700:a8::3
2026-09-09T21:02:36Z ERR Serve tunnel error error="control stream encountered a failure while serving" connIndex=0 event=0 ip=2606:4700:a8::3
2026-09-09T21:02:36Z INF Retrying connection in up to 1m4s connIndex=0 event=0 ip=2606:4700:a8::3
2026-09-09T21:02:43Z INF Tunnel connection curve preferences: [X25519MLKEM768 CurveID(65074) CurveP256] connIndex=0 event=0 ip=2606:4700:a8::3
2026-09-09T21:02:43Z ERR failed to run the datagram handler error="context canceled" connIndex=0 event=0 ip=2606:4700:a8::3
2026-09-09T21:02:43Z ERR failed to serve tunnel connection error="control stream encountered a failure while serving" connIndex=0 event=0 ip=2606:4700:a8::3
2026-09-09T21:02:43Z ERR Serve tunnel error error="control stream encountered a failure while serving" connIndex=0 event=0 ip=2606:4700:a8::3
2026-09-09T21:02:43Z INF Retrying connection in up to 1m4s connIndex=0 event=0 ip=2606:4700:a8::3
2026-09-09T21:02:51Z INF Tunnel connection curve preferences: [X25519MLKEM768 CurveID(65074) CurveP256] connIndex=0 event=0 ip=2606:4700:a8::3
2026-09-09T21:02:51Z ERR failed to run the datagram handler error="context canceled" connIndex=0 event=0 ip=2606:4700:a8::3
2026-09-09T21:02:51Z ERR failed to serve tunnel connection error="control stream encountered a failure while serving" connIndex=0 event=0 ip=2606:4700:a8::3
2026-09-09T21:02:51Z ERR Serve tunnel error error="control stream encountered a failure while serving" connIndex=0 event=0 ip=2606:4700:a8::3
2026-09-09T21:02:51Z INF Retrying connection in up to 1m4s connIndex=0 event=0 ip=2606:4700:a8::3
2026-09-09T21:03:23Z INF Tunnel connection curve preferences: [X25519MLKEM768 CurveID(65074) CurveP256] connIndex=0 event=0 ip=2606:4700:a8::3
2026-09-09T21:03:23Z ERR failed to run the datagram handler error="context canceled" connIndex=0 event=0 ip=2606:4700:a8::3
2026-09-09T21:03:23Z ERR failed to serve tunnel connection error="control stream encountered a failure while serving" connIndex=0 event=0 ip=2606:4700:a8::3
2026-09-09T21:03:23Z ERR Serve tunnel error error="control stream encountered a failure while serving" connIndex=0 event=0 ip=2606:4700:a8::3
2026-09-09T21:03:23Z INF Retrying connection in up to 1m4s connIndex=0 event=0 ip=2606:4700:a8::3
2026-09-09T21:03:27Z INF Tunnel connection curve preferences: [X25519MLKEM768 CurveID(65074) CurveP256] connIndex=0 event=0 ip=2606:4700:a8::3
2026-09-09T21:03:27Z ERR failed to run the datagram handler error="context canceled" connIndex=0 event=0 ip=2606:4700:a8::3
2026-09-09T21:03:27Z ERR failed to serve tunnel connection error="control stream encountered a failure while serving" connIndex=0 event=0 ip=2606:4700:a8::3
2026-09-09T21:03:27Z ERR Serve tunnel error error="control stream encountered a failure while serving" connIndex=0 event=0 ip=2606:4700:a8::3
2026-09-09T21:03:27Z INF Retrying connection in up to 1m4s connIndex=0 event=0 ip=2606:4700:a8::3
2026-09-09T21:03:41Z INF Tunnel connection curve preferences: [X25519MLKEM768 CurveID(65074) CurveP256] connIndex=0 event=0 ip=2606:4700:a8::3
2026-09-09T21:03:41Z ERR failed to run the datagram handler error="context canceled" connIndex=0 event=0 ip=2606:4700:a8::3
2026-09-09T21:03:41Z ERR failed to serve tunnel connection error="control stream encountered a failure while serving" connIndex=0 event=0 ip=2606:4700:a8::3
2026-09-09T21:03:41Z ERR Serve tunnel error error="control stream encountered a failure while serving" connIndex=0 event=0 ip=2606:4700:a8::3
2026-09-09T21:03:41Z INF Retrying connection in up to 1m4s connIndex=0 event=0 ip=2606:4700:a8::3
2026-09-09T21:03:55Z INF Tunnel connection curve preferences: [X25519MLKEM768 CurveID(65074) CurveP256] connIndex=0 event=0 ip=2606:4700:a8::3
2026-09-09T21:03:55Z ERR failed to run the datagram handler error="context canceled" connIndex=0 event=0 ip=2606:4700:a8::3
2026-09-09T21:03:55Z ERR failed to serve tunnel connection error="control stream encountered a failure while serving" connIndex=0 event=0 ip=2606:4700:a8::3
2026-09-09T21:03:55Z ERR Serve tunnel error error="control stream encountered a failure while serving" connIndex=0 event=0 ip=2606:4700:a8::3
2026-09-09T21:03:55Z INF Retrying connection in up to 1m4s connIndex=0 event=0 ip=2606:4700:a8::3
2026-09-09T21:04:21Z INF Tunnel connection curve preferences: [X25519MLKEM768 CurveID(65074) CurveP256] connIndex=0 event=0 ip=2606:4700:a8::3
2026-09-09T21:04:21Z ERR failed to run the datagram handler error="context canceled" connIndex=0 event=0 ip=2606:4700:a8::3
2026-09-09T21:04:21Z ERR failed to serve tunnel connection error="control stream encountered a failure while serving" connIndex=0 event=0 ip=2606:4700:a8::3
2026-09-09T21:04:21Z ERR Serve tunnel error error="control stream encountered a failure while serving" connIndex=0 event=0 ip=2606:4700:a8::3
2026-09-09T21:04:21Z INF Retrying connection in up to 1m4s connIndex=0 event=0 ip=2606:4700:a8::3
2026-09-09T21:04:48Z INF Tunnel connection curve preferences: [X25519MLKEM768 CurveID(65074) CurveP256] connIndex=0 event=0 ip=2606:4700:a8::3
2026-09-09T21:04:48Z ERR failed to run the datagram handler error="context canceled" connIndex=0 event=0 ip=2606:4700:a8::3
2026-09-09T21:04:48Z ERR failed to serve tunnel connection error="control stream encountered a failure while serving" connIndex=0 event=0 ip=2606:4700:a8::3
2026-09-09T21:04:48Z ERR Serve tunnel error error="control stream encountered a failure while serving" connIndex=0 event=0 ip=2606:4700:a8::3
2026-09-09T21:04:48Z INF Retrying connection in up to 1m4s connIndex=0 event=0 ip=2606:4700:a8::3
2026-09-09T21:04:48Z INF Tunnel connection curve preferences: [X25519MLKEM768 CurveID(65074) CurveP256] connIndex=0 event=0 ip=2606:4700:a8::3
2026-09-09T21:04:48Z ERR failed to run the datagram handler error="context canceled" connIndex=0 event=0 ip=2606:4700:a8::3
2026-09-09T21:04:48Z ERR failed to serve tunnel connection error="control stream encountered a failure while serving" connIndex=0 event=0 ip=2606:4700:a8::3
2026-09-09T21:04:48Z ERR Serve tunnel error error="control stream encountered a failure while serving" connIndex=0 event=0 ip=2606:4700:a8::3
2026-09-09T21:04:48Z INF Retrying connection in up to 1m4s connIndex=0 event=0 ip=2606:4700:a8::3
2026-09-09T21:05:14Z INF Tunnel connection curve preferences: [X25519MLKEM768 CurveID(65074) CurveP256] connIndex=0 event=0 ip=2606:4700:a8::3
2026-09-09T21:05:14Z ERR failed to run the datagram handler error="context canceled" connIndex=0 event=0 ip=2606:4700:a8::3
2026-09-09T21:05:14Z ERR failed to serve tunnel connection error="control stream encountered a failure while serving" connIndex=0 event=0 ip=2606:4700:a8::3
2026-09-09T21:05:14Z ERR Serve tunnel error error="control stream encountered a failure while serving" connIndex=0 event=0 ip=2606:4700:a8::3
2026-09-09T21:05:14Z INF Retrying connection in up to 1m4s connIndex=0 event=0 ip=2606:4700:a8::3
2026-09-09T21:05:36Z INF Tunnel connection curve preferences: [X25519MLKEM768 CurveID(65074) CurveP256] connIndex=0 event=0 ip=2606:4700:a8::3
2026-09-09T21:05:36Z ERR failed to run the datagram handler error="context canceled" connIndex=0 event=0 ip=2606:4700:a8::3
2026-09-09T21:05:36Z ERR failed to serve tunnel connection error="control stream encountered a failure while serving" connIndex=0 event=0 ip=2606:4700:a8::3
2026-09-09T21:05:36Z ERR Serve tunnel error error="control stream encountered a failure while serving" connIndex=0 event=0 ip=2606:4700:a8::3
2026-09-09T21:05:36Z INF Retrying connection in up to 1m4s connIndex=0 event=0 ip=2606:4700:a8::3
2026-09-09T21:06:06Z INF Tunnel connection curve preferences: [X25519MLKEM768 CurveID(65074) CurveP256] connIndex=0 event=0 ip=2606:4700:a8::3
2026-09-09T21:06:06Z ERR failed to run the datagram handler error="context canceled" connIndex=0 event=0 ip=2606:4700:a8::3
2026-09-09T21:06:06Z ERR failed to serve tunnel connection error="control stream encountered a failure while serving" connIndex=0 event=0 ip=2606:4700:a8::3
2026-09-09T21:06:06Z ERR Serve tunnel error error="control stream encountered a failure while serving" connIndex=0 event=0 ip=2606:4700:a8::3
2026-09-09T21:06:06Z INF Retrying connection in up to 1m4s connIndex=0 event=0 ip=2606:4700:a8::3
2026-09-09T21:06:10Z INF Tunnel connection curve preferences: [X25519MLKEM768 CurveID(65074) CurveP256] connIndex=0 event=0 ip=2606:4700:a8::3
2026-09-09T21:06:11Z ERR failed to run the datagram handler error="context canceled" connIndex=0 event=0 ip=2606:4700:a8::3
2026-09-09T21:06:11Z ERR failed to serve tunnel connection error="control stream encountered a failure while serving" connIndex=0 event=0 ip=2606:4700:a8::3
2026-09-09T21:06:11Z ERR Serve tunnel error error="control stream encountered a failure while serving" connIndex=0 event=0 ip=2606:4700:a8::3
2026-09-09T21:06:11Z INF Retrying connection in up to 1m4s connIndex=0 event=0 ip=2606:4700:a8::3
2026-09-09T21:06:17Z INF Tunnel connection curve preferences: [X25519MLKEM768 CurveID(65074) CurveP256] connIndex=0 event=0 ip=2606:4700:a8::3
2026-09-09T21:06:17Z ERR failed to run the datagram handler error="context canceled" connIndex=0 event=0 ip=2606:4700:a8::3
2026-09-09T21:06:17Z ERR failed to serve tunnel connection error="control stream encountered a failure while serving" connIndex=0 event=0 ip=2606:4700:a8::3
2026-09-09T21:06:17Z ERR Serve tunnel error error="control stream encountered a failure while serving" connIndex=0 event=0 ip=2606:4700:a8::3
2026-09-09T21:06:17Z INF Retrying connection in up to 1m4s connIndex=0 event=0 ip=2606:4700:a8::3
2026-09-09T21:06:39Z INF Tunnel connection curve preferences: [X25519MLKEM768 CurveID(65074) CurveP256] connIndex=0 event=0 ip=2606:4700:a8::3
2026-09-09T21:06:39Z ERR failed to run the datagram handler error="context canceled" connIndex=0 event=0 ip=2606:4700:a8::3
2026-09-09T21:06:39Z ERR failed to serve tunnel connection error="control stream encountered a failure while serving" connIndex=0 event=0 ip=2606:4700:a8::3
2026-09-09T21:06:39Z ERR Serve tunnel error error="control stream encountered a failure while serving" connIndex=0 event=0 ip=2606:4700:a8::3
2026-09-09T21:06:39Z INF Retrying connection in up to 1m4s connIndex=0 event=0 ip=2606:4700:a8::3
2026-09-09T21:06:41Z INF Tunnel connection curve preferences: [X25519MLKEM768 CurveID(65074) CurveP256] connIndex=0 event=0 ip=2606:4700:a8::3
2026-09-09T21:06:41Z ERR failed to run the datagram handler error="context canceled" connIndex=0 event=0 ip=2606:4700:a8::3
2026-09-09T21:06:41Z ERR failed to serve tunnel connection error="control stream encountered a failure while serving" connIndex=0 event=0 ip=2606:4700:a8::3
2026-09-09T21:06:41Z ERR Serve tunnel error error="control stream encountered a failure while serving" connIndex=0 event=0 ip=2606:4700:a8::3
2026-09-09T21:06:41Z INF Retrying connection in up to 1m4s connIndex=0 event=0 ip=2606:4700:a8::3
2026-09-09T21:07:02Z INF Tunnel connection curve preferences: [X25519MLKEM768 CurveID(65074) CurveP256] connIndex=0 event=0 ip=2606:4700:a8::3
2026-09-09T21:07:02Z ERR failed to run the datagram handler error="context canceled" connIndex=0 event=0 ip=2606:4700:a8::3
2026-09-09T21:07:02Z ERR failed to serve tunnel connection error="control stream encountered a failure while serving" connIndex=0 event=0 ip=2606:4700:a8::3
2026-09-09T21:07:02Z ERR Serve tunnel error error="control stream encountered a failure while serving" connIndex=0 event=0 ip=2606:4700:a8::3
2026-09-09T21:07:02Z INF Retrying connection in up to 1m4s connIndex=0 event=0 ip=2606:4700:a8::3
2026-09-09T21:07:30Z INF Tunnel connection curve preferences: [X25519MLKEM768 CurveID(65074) CurveP256] connIndex=0 event=0 ip=2606:4700:a8::3
2026-09-09T21:07:30Z ERR failed to run the datagram handler error="context canceled" connIndex=0 event=0 ip=2606:4700:a8::3
2026-09-09T21:07:30Z ERR failed to serve tunnel connection error="control stream encountered a failure while serving" connIndex=0 event=0 ip=2606:4700:a8::3
2026-09-09T21:07:30Z ERR Serve tunnel error error="control stream encountered a failure while serving" connIndex=0 event=0 ip=2606:4700:a8::3
2026-09-09T21:07:30Z INF Retrying connection in up to 1m4s connIndex=0 event=0 ip=2606:4700:a8::3
2026-09-09T21:07:37Z INF Tunnel connection curve preferences: [X25519MLKEM768 CurveID(65074) CurveP256] connIndex=0 event=0 ip=2606:4700:a8::3
2026-09-09T21:07:37Z ERR failed to run the datagram handler error="context canceled" connIndex=0 event=0 ip=2606:4700:a8::3
2026-09-09T21:07:37Z ERR failed to serve tunnel connection error="control stream encountered a failure while serving" connIndex=0 event=0 ip=2606:4700:a8::3
2026-09-09T21:07:37Z ERR Serve tunnel error error="control stream encountered a failure while serving" connIndex=0 event=0 ip=2606:4700:a8::3
2026-09-09T21:07:37Z INF Retrying connection in up to 1m4s connIndex=0 event=0 ip=2606:4700:a8::3
2026-09-09T21:07:40Z INF Tunnel connection curve preferences: [X25519MLKEM768 CurveID(65074) CurveP256] connIndex=0 event=0 ip=2606:4700:a8::3
2026-09-09T21:07:40Z ERR failed to run the datagram handler error="context canceled" connIndex=0 event=0 ip=2606:4700:a8::3
2026-09-09T21:07:40Z ERR failed to serve tunnel connection error="control stream encountered a failure while serving" connIndex=0 event=0 ip=2606:4700:a8::3
2026-09-09T21:07:40Z ERR Serve tunnel error error="control stream encountered a failure while serving" connIndex=0 event=0 ip=2606:4700:a8::3
2026-09-09T21:07:40Z INF Retrying connection in up to 1m4s connIndex=0 event=0 ip=2606:4700:a8::3
2026-09-09T21:08:03Z INF Tunnel connection curve preferences: [X25519MLKEM768 CurveID(65074) CurveP256] connIndex=0 event=0 ip=2606:4700:a8::3
2026-09-09T21:08:03Z ERR failed to run the datagram handler error="context canceled" connIndex=0 event=0 ip=2606:4700:a8::3
2026-09-09T21:08:03Z ERR failed to serve tunnel connection error="control stream encountered a failure while serving" connIndex=0 event=0 ip=2606:4700:a8::3
2026-09-09T21:08:03Z ERR Serve tunnel error error="control stream encountered a failure while serving" connIndex=0 event=0 ip=2606:4700:a8::3
2026-09-09T21:08:03Z INF Retrying connection in up to 1m4s connIndex=0 event=0 ip=2606:4700:a8::3
2026-09-09T21:08:35Z INF Tunnel connection curve preferences: [X25519MLKEM768 CurveID(65074) CurveP256] connIndex=0 event=0 ip=2606:4700:a8::3
2026-09-09T21:08:35Z ERR failed to run the datagram handler error="context canceled" connIndex=0 event=0 ip=2606:4700:a8::3
2026-09-09T21:08:35Z ERR failed to serve tunnel connection error="control stream encountered a failure while serving" connIndex=0 event=0 ip=2606:4700:a8::3
2026-09-09T21:08:35Z ERR Serve tunnel error error="control stream encountered a failure while serving" connIndex=0 event=0 ip=2606:4700:a8::3
2026-09-09T21:08:35Z INF Retrying connection in up to 1m4s connIndex=0 event=0 ip=2606:4700:a8::3
2026-09-09T21:09:03Z INF Tunnel connection curve preferences: [X25519MLKEM768 CurveID(65074) CurveP256] connIndex=0 event=0 ip=2606:4700:a8::3
2026-09-09T21:09:03Z ERR failed to run the datagram handler error="context canceled" connIndex=0 event=0 ip=2606:4700:a8::3
2026-09-09T21:09:03Z ERR failed to serve tunnel connection error="control stream encountered a failure while serving" connIndex=0 event=0 ip=2606:4700:a8::3
2026-09-09T21:09:03Z ERR Serve tunnel error error="control stream encountered a failure while serving" connIndex=0 event=0 ip=2606:4700:a8::3
2026-09-09T21:09:03Z INF Retrying connection in up to 1m4s connIndex=0 event=0 ip=2606:4700:a8::3
2026-09-09T21:09:10Z INF Tunnel connection curve preferences: [X25519MLKEM768 CurveID(65074) CurveP256] connIndex=0 event=0 ip=2606:4700:a8::3
2026-09-09T21:09:10Z ERR failed to run the datagram handler error="context canceled" connIndex=0 event=0 ip=2606:4700:a8::3
2026-09-09T21:09:10Z ERR failed to serve tunnel connection error="control stream encountered a failure while serving" connIndex=0 event=0 ip=2606:4700:a8::3
2026-09-09T21:09:10Z ERR Serve tunnel error error="control stream encountered a failure while serving" connIndex=0 event=0 ip=2606:4700:a8::3
2026-09-09T21:09:10Z INF Retrying connection in up to 1m4s connIndex=0 event=0 ip=2606:4700:a8::3
2026-09-09T21:09:24Z INF Tunnel connection curve preferences: [X25519MLKEM768 CurveID(65074) CurveP256] connIndex=0 event=0 ip=2606:4700:a8::3
2026-09-09T21:09:24Z ERR failed to run the datagram handler error="context canceled" connIndex=0 event=0 ip=2606:4700:a8::3
2026-09-09T21:09:24Z ERR failed to serve tunnel connection error="control stream encountered a failure while serving" connIndex=0 event=0 ip=2606:4700:a8::3
2026-09-09T21:09:24Z ERR Serve tunnel error error="control stream encountered a failure while serving" connIndex=0 event=0 ip=2606:4700:a8::3
2026-09-09T21:09:24Z INF Retrying connection in up to 1m4s connIndex=0 event=0 ip=2606:4700:a8::3
2026-09-09T21:09:46Z INF Tunnel connection curve preferences: [X25519MLKEM768 CurveID(65074) CurveP256] connIndex=0 event=0 ip=2606:4700:a8::3
2026-09-09T21:09:46Z ERR failed to run the datagram handler error="context canceled" connIndex=0 event=0 ip=2606:4700:a8::3
2026-09-09T21:09:46Z ERR failed to serve tunnel connection error="control stream encountered a failure while serving" connIndex=0 event=0 ip=2606:4700:a8::3
2026-09-09T21:09:46Z ERR Serve tunnel error error="control stream encountered a failure while serving" connIndex=0 event=0 ip=2606:4700:a8::3
2026-09-09T21:09:46Z INF Retrying connection in up to 1m4s connIndex=0 event=0 ip=2606:4700:a8::3
2026-09-09T21:09:48Z INF Tunnel connection curve preferences: [X25519MLKEM768 CurveID(65074) CurveP256] connIndex=0 event=0 ip=2606:4700:a8::3
2026-09-09T21:09:48Z ERR failed to run the datagram handler error="context canceled" connIndex=0 event=0 ip=2606:4700:a8::3
2026-09-09T21:09:48Z ERR failed to serve tunnel connection error="control stream encountered a failure while serving" connIndex=0 event=0 ip=2606:4700:a8::3
2026-09-09T21:09:48Z ERR Serve tunnel error error="control stream encountered a failure while serving" connIndex=0 event=0 ip=2606:4700:a8::3
2026-09-09T21:09:48Z INF Retrying connection in up to 1m4s connIndex=0 event=0 ip=2606:4700:a8::3
2026-09-09T21:09:59Z INF Tunnel connection curve preferences: [X25519MLKEM768 CurveID(65074) CurveP256] connIndex=0 event=0 ip=2606:4700:a8::3
2026-09-09T21:09:59Z ERR failed to run the datagram handler error="context canceled" connIndex=0 event=0 ip=2606:4700:a8::3
2026-09-09T21:09:59Z ERR failed to serve tunnel connection error="control stream encountered a failure while serving" connIndex=0 event=0 ip=2606:4700:a8::3
2026-09-09T21:09:59Z ERR Serve tunnel error error="control stream encountered a failure while serving" connIndex=0 event=0 ip=2606:4700:a8::3
2026-09-09T21:09:59Z INF Retrying connection in up to 1m4s connIndex=0 event=0 ip=2606:4700:a8::3
2026-09-09T21:10:28Z INF Tunnel connection curve preferences: [X25519MLKEM768 CurveID(65074) CurveP256] connIndex=0 event=0 ip=2606:4700:a8::3
2026-09-09T21:10:28Z ERR failed to run the datagram handler error="context canceled" connIndex=0 event=0 ip=2606:4700:a8::3
2026-09-09T21:10:28Z ERR failed to serve tunnel connection error="control stream encountered a failure while serving" connIndex=0 event=0 ip=2606:4700:a8::3
2026-09-09T21:10:28Z ERR Serve tunnel error error="control stream encountered a failure while serving" connIndex=0 event=0 ip=2606:4700:a8::3
2026-09-09T21:10:28Z INF Retrying connection in up to 1m4s connIndex=0 event=0 ip=2606:4700:a8::3
2026-09-09T21:10:43Z INF Tunnel connection curve preferences: [X25519MLKEM768 CurveID(65074) CurveP256] connIndex=0 event=0 ip=2606:4700:a8::3
2026-09-09T21:10:43Z ERR failed to run the datagram handler error="context canceled" connIndex=0 event=0 ip=2606:4700:a8::3
2026-09-09T21:10:43Z ERR failed to serve tunnel connection error="control stream encountered a failure while serving" connIndex=0 event=0 ip=2606:4700:a8::3
2026-09-09T21:10:43Z ERR Serve tunnel error error="control stream encountered a failure while serving" connIndex=0 event=0 ip=2606:4700:a8::3
2026-09-09T21:10:43Z INF Retrying connection in up to 1m4s connIndex=0 event=0 ip=2606:4700:a8::3
2026-09-09T21:10:49Z INF Tunnel connection curve preferences: [X25519MLKEM768 CurveID(65074) CurveP256] connIndex=0 event=0 ip=2606:4700:a8::3
2026-09-09T21:10:49Z ERR failed to run the datagram handler error="context canceled" connIndex=0 event=0 ip=2606:4700:a8::3
2026-09-09T21:10:49Z ERR failed to serve tunnel connection error="control stream encountered a failure while serving" connIndex=0 event=0 ip=2606:4700:a8::3
2026-09-09T21:10:49Z ERR Serve tunnel error error="control stream encountered a failure while serving" connIndex=0 event=0 ip=2606:4700:a8::3
2026-09-09T21:10:49Z INF Retrying connection in up to 1m4s connIndex=0 event=0 ip=2606:4700:a8::3
2026-09-09T21:10:54Z INF Tunnel connection curve preferences: [X25519MLKEM768 CurveID(65074) CurveP256] connIndex=0 event=0 ip=2606:4700:a8::3
2026-09-09T21:10:54Z ERR failed to run the datagram handler error="context canceled" connIndex=0 event=0 ip=2606:4700:a8::3
2026-09-09T21:10:54Z ERR failed to serve tunnel connection error="control stream encountered a failure while serving" connIndex=0 event=0 ip=2606:4700:a8::3
2026-09-09T21:10:54Z ERR Serve tunnel error error="control stream encountered a failure while serving" connIndex=0 event=0 ip=2606:4700:a8::3
2026-09-09T21:10:54Z INF Retrying connection in up to 1m4s connIndex=0 event=0 ip=2606:4700:a8::3
2026-09-09T21:11:04Z INF Tunnel connection curve preferences: [X25519MLKEM768 CurveID(65074) CurveP256] connIndex=0 event=0 ip=2606:4700:a8::3
2026-09-09T21:11:04Z ERR failed to run the datagram handler error="context canceled" connIndex=0 event=0 ip=2606:4700:a8::3
2026-09-09T21:11:04Z ERR failed to serve tunnel connection error="control stream encountered a failure while serving" connIndex=0 event=0 ip=2606:4700:a8::3
2026-09-09T21:11:04Z ERR Serve tunnel error error="control stream encountered a failure while serving" connIndex=0 event=0 ip=2606:4700:a8::3
2026-09-09T21:11:04Z INF Retrying connection in up to 1m4s connIndex=0 event=0 ip=2606:4700:a8::3
2026-09-09T21:11:13Z INF Tunnel connection curve preferences: [X25519MLKEM768 CurveID(65074) CurveP256] connIndex=0 event=0 ip=2606:4700:a8::3
2026-09-09T21:11:13Z ERR failed to run the datagram handler error="context canceled" connIndex=0 event=0 ip=2606:4700:a8::3
2026-09-09T21:11:13Z ERR failed to serve tunnel connection error="control stream encountered a failure while serving" connIndex=0 event=0 ip=2606:4700:a8::3
2026-09-09T21:11:13Z ERR Serve tunnel error error="control stream encountered a failure while serving" connIndex=0 event=0 ip=2606:4700:a8::3
2026-09-09T21:11:13Z INF Retrying connection in up to 1m4s connIndex=0 event=0 ip=2606:4700:a8::3
2026-09-09T21:11:39Z INF Tunnel connection curve preferences: [X25519MLKEM768 CurveID(65074) CurveP256] connIndex=0 event=0 ip=2606:4700:a8::3
2026-09-09T21:11:39Z ERR failed to run the datagram handler error="context canceled" connIndex=0 event=0 ip=2606:4700:a8::3
2026-09-09T21:11:39Z ERR failed to serve tunnel connection error="control stream encountered a failure while serving" connIndex=0 event=0 ip=2606:4700:a8::3
2026-09-09T21:11:39Z ERR Serve tunnel error error="control stream encountered a failure while serving" connIndex=0 event=0 ip=2606:4700:a8::3
2026-09-09T21:11:39Z INF Retrying connection in up to 1m4s connIndex=0 event=0 ip=2606:4700:a8::3
2026-09-09T21:11:39Z INF Tunnel connection curve preferences: [X25519MLKEM768 CurveID(65074) CurveP256] connIndex=0 event=0 ip=2606:4700:a8::3
2026-09-09T21:11:39Z ERR failed to run the datagram handler error="context canceled" connIndex=0 event=0 ip=2606:4700:a8::3
2026-09-09T21:11:39Z ERR failed to serve tunnel connection error="control stream encountered a failure while serving" connIndex=0 event=0 ip=2606:4700:a8::3
2026-09-09T21:11:39Z ERR Serve tunnel error error="control stream encountered a failure while serving" connIndex=0 event=0 ip=2606:4700:a8::3
2026-09-09T21:11:39Z INF Retrying connection in up to 1m4s connIndex=0 event=0 ip=2606:4700:a8::3
2026-09-09T21:12:10Z INF Tunnel connection curve preferences: [X25519MLKEM768 CurveID(65074) CurveP256] connIndex=0 event=0 ip=2606:4700:a8::3
2026-09-09T21:12:10Z ERR failed to run the datagram handler error="context canceled" connIndex=0 event=0 ip=2606:4700:a8::3
2026-09-09T21:12:10Z ERR failed to serve tunnel connection error="control stream encountered a failure while serving" connIndex=0 event=0 ip=2606:4700:a8::3
2026-09-09T21:12:10Z ERR Serve tunnel error error="control stream encountered a failure while serving" connIndex=0 event=0 ip=2606:4700:a8::3
2026-09-09T21:12:10Z INF Retrying connection in up to 1m4s connIndex=0 event=0 ip=2606:4700:a8::3
2026-09-09T21:12:41Z INF Tunnel connection curve preferences: [X25519MLKEM768 CurveID(65074) CurveP256] connIndex=0 event=0 ip=2606:4700:a8::3
2026-09-09T21:12:41Z ERR failed to run the datagram handler error="context canceled" connIndex=0 event=0 ip=2606:4700:a8::3
2026-09-09T21:12:41Z ERR failed to serve tunnel connection error="control stream encountered a failure while serving" connIndex=0 event=0 ip=2606:4700:a8::3
2026-09-09T21:12:41Z ERR Serve tunnel error error="control stream encountered a failure while serving" connIndex=0 event=0 ip=2606:4700:a8::3
2026-09-09T21:12:41Z INF Retrying connection in up to 1m4s connIndex=0 event=0 ip=2606:4700:a8::3
2026-09-09T21:12:43Z INF Tunnel connection curve preferences: [X25519MLKEM768 CurveID(65074) CurveP256] connIndex=0 event=0 ip=2606:4700:a8::3
2026-09-09T21:12:43Z ERR failed to run the datagram handler error="context canceled" connIndex=0 event=0 ip=2606:4700:a8::3
2026-09-09T21:12:43Z ERR failed to serve tunnel connection error="control stream encountered a failure while serving" connIndex=0 event=0 ip=2606:4700:a8::3
2026-09-09T21:12:43Z ERR Serve tunnel error error="control stream encountered a failure while serving" connIndex=0 event=0 ip=2606:4700:a8::3
2026-09-09T21:12:43Z INF Retrying connection in up to 1m4s connIndex=0 event=0 ip=2606:4700:a8::3
2026-09-09T21:12:57Z INF Tunnel connection curve preferences: [X25519MLKEM768 CurveID(65074) CurveP256] connIndex=0 event=0 ip=2606:4700:a8::3
2026-09-09T21:12:57Z ERR failed to run the datagram handler error="context canceled" connIndex=0 event=0 ip=2606:4700:a8::3
2026-09-09T21:12:57Z ERR failed to serve tunnel connection error="control stream encountered a failure while serving" connIndex=0 event=0 ip=2606:4700:a8::3
2026-09-09T21:12:57Z ERR Serve tunnel error error="control stream encountered a failure while serving" connIndex=0 event=0 ip=2606:4700:a8::3
2026-09-09T21:12:57Z INF Retrying connection in up to 1m4s connIndex=0 event=0 ip=2606:4700:a8::3
2026-09-09T21:13:27Z INF Tunnel connection curve preferences: [X25519MLKEM768 CurveID(65074) CurveP256] connIndex=0 event=0 ip=2606:4700:a8::3
2026-09-09T21:13:27Z ERR failed to run the datagram handler error="context canceled" connIndex=0 event=0 ip=2606:4700:a8::3
2026-09-09T21:13:27Z ERR failed to serve tunnel connection error="control stream encountered a failure while serving" connIndex=0 event=0 ip=2606:4700:a8::3
2026-09-09T21:13:27Z ERR Serve tunnel error error="control stream encountered a failure while serving" connIndex=0 event=0 ip=2606:4700:a8::3
2026-09-09T21:13:27Z INF Retrying connection in up to 1m4s connIndex=0 event=0 ip=2606:4700:a8::3
2026-09-09T21:13:35Z INF Tunnel connection curve preferences: [X25519MLKEM768 CurveID(65074) CurveP256] connIndex=0 event=0 ip=2606:4700:a8::3
2026-09-09T21:13:35Z ERR failed to run the datagram handler error="context canceled" connIndex=0 event=0 ip=2606:4700:a8::3
2026-09-09T21:13:35Z ERR failed to serve tunnel connection error="control stream encountered a failure while serving" connIndex=0 event=0 ip=2606:4700:a8::3
2026-09-09T21:13:35Z ERR Serve tunnel error error="control stream encountered a failure while serving" connIndex=0 event=0 ip=2606:4700:a8::3
2026-09-09T21:13:35Z INF Retrying connection in up to 1m4s connIndex=0 event=0 ip=2606:4700:a8::3
2026-09-09T21:13:56Z INF Tunnel connection curve preferences: [X25519MLKEM768 CurveID(65074) CurveP256] connIndex=0 event=0 ip=2606:4700:a8::3
2026-09-09T21:13:56Z ERR failed to run the datagram handler error="context canceled" connIndex=0 event=0 ip=2606:4700:a8::3
2026-09-09T21:13:56Z ERR failed to serve tunnel connection error="control stream encountered a failure while serving" connIndex=0 event=0 ip=2606:4700:a8::3
2026-09-09T21:13:56Z ERR Serve tunnel error error="control stream encountered a failure while serving" connIndex=0 event=0 ip=2606:4700:a8::3
2026-09-09T21:13:56Z INF Retrying connection in up to 1m4s connIndex=0 event=0 ip=2606:4700:a8::3
2026-09-09T21:14:00Z INF Tunnel connection curve preferences: [X25519MLKEM768 CurveID(65074) CurveP256] connIndex=0 event=0 ip=2606:4700:a8::3
2026-09-09T21:14:00Z ERR failed to run the datagram handler error="context canceled" connIndex=0 event=0 ip=2606:4700:a8::3
2026-09-09T21:14:00Z ERR failed to serve tunnel connection error="control stream encountered a failure while serving" connIndex=0 event=0 ip=2606:4700:a8::3
2026-09-09T21:14:00Z ERR Serve tunnel error error="control stream encountered a failure while serving" connIndex=0 event=0 ip=2606:4700:a8::3
2026-09-09T21:14:00Z INF Retrying connection in up to 1m4s connIndex=0 event=0 ip=2606:4700:a8::3
2026-09-09T21:14:27Z INF Tunnel connection curve preferences: [X25519MLKEM768 CurveID(65074) CurveP256] connIndex=0 event=0 ip=2606:4700:a8::3
2026-09-09T21:14:27Z ERR failed to run the datagram handler error="context canceled" connIndex=0 event=0 ip=2606:4700:a8::3
2026-09-09T21:14:27Z ERR failed to serve tunnel connection error="control stream encountered a failure while serving" connIndex=0 event=0 ip=2606:4700:a8::3
2026-09-09T21:14:27Z ERR Serve tunnel error error="control stream encountered a failure while serving" connIndex=0 event=0 ip=2606:4700:a8::3
2026-09-09T21:14:27Z INF Retrying connection in up to 1m4s connIndex=0 event=0 ip=2606:4700:a8::3
2026-09-09T21:14:42Z INF Tunnel connection curve preferences: [X25519MLKEM768 CurveID(65074) CurveP256] connIndex=0 event=0 ip=2606:4700:a8::3
2026-09-09T21:14:42Z ERR failed to run the datagram handler error="context canceled" connIndex=0 event=0 ip=2606:4700:a8::3
2026-09-09T21:14:42Z ERR failed to serve tunnel connection error="control stream encountered a failure while serving" connIndex=0 event=0 ip=2606:4700:a8::3
2026-09-09T21:14:42Z ERR Serve tunnel error error="control stream encountered a failure while serving" connIndex=0 event=0 ip=2606:4700:a8::3
2026-09-09T21:14:42Z INF Retrying connection in up to 1m4s connIndex=0 event=0 ip=2606:4700:a8::3
2026-09-09T21:15:11Z INF Tunnel connection curve preferences: [X25519MLKEM768 CurveID(65074) CurveP256] connIndex=0 event=0 ip=2606:4700:a8::3
2026-09-09T21:15:12Z ERR failed to run the datagram handler error="context canceled" connIndex=0 event=0 ip=2606:4700:a8::3
2026-09-09T21:15:12Z ERR failed to serve tunnel connection error="control stream encountered a failure while serving" connIndex=0 event=0 ip=2606:4700:a8::3
2026-09-09T21:15:12Z ERR Serve tunnel error error="control stream encountered a failure while serving" connIndex=0 event=0 ip=2606:4700:a8::3
2026-09-09T21:15:12Z INF Retrying connection in up to 1m4s connIndex=0 event=0 ip=2606:4700:a8::3
2026-09-09T21:15:30Z INF Tunnel connection curve preferences: [X25519MLKEM768 CurveID(65074) CurveP256] connIndex=0 event=0 ip=2606:4700:a8::3
2026-09-09T21:15:30Z ERR failed to run the datagram handler error="context canceled" connIndex=0 event=0 ip=2606:4700:a8::3
2026-09-09T21:15:30Z ERR failed to serve tunnel connection error="control stream encountered a failure while serving" connIndex=0 event=0 ip=2606:4700:a8::3
2026-09-09T21:15:30Z ERR Serve tunnel error error="control stream encountered a failure while serving" connIndex=0 event=0 ip=2606:4700:a8::3
2026-09-09T21:15:30Z INF Retrying connection in up to 1m4s connIndex=0 event=0 ip=2606:4700:a8::3
2026-09-09T21:16:00Z INF Tunnel connection curve preferences: [X25519MLKEM768 CurveID(65074) CurveP256] connIndex=0 event=0 ip=2606:4700:a8::3
2026-09-09T21:16:00Z ERR failed to run the datagram handler error="context canceled" connIndex=0 event=0 ip=2606:4700:a8::3
2026-09-09T21:16:00Z ERR failed to serve tunnel connection error="control stream encountered a failure while serving" connIndex=0 event=0 ip=2606:4700:a8::3
2026-09-09T21:16:00Z ERR Serve tunnel error error="control stream encountered a failure while serving" connIndex=0 event=0 ip=2606:4700:a8::3
2026-09-09T21:16:00Z INF Retrying connection in up to 1m4s connIndex=0 event=0 ip=2606:4700:a8::3
2026-09-09T21:16:23Z INF Tunnel connection curve preferences: [X25519MLKEM768 CurveID(65074) CurveP256] connIndex=0 event=0 ip=2606:4700:a8::3
2026-09-09T21:16:23Z ERR failed to run the datagram handler error="context canceled" connIndex=0 event=0 ip=2606:4700:a8::3
2026-09-09T21:16:23Z ERR failed to serve tunnel connection error="control stream encountered a failure while serving" connIndex=0 event=0 ip=2606:4700:a8::3
2026-09-09T21:16:23Z ERR Serve tunnel error error="control stream encountered a failure while serving" connIndex=0 event=0 ip=2606:4700:a8::3
2026-09-09T21:16:23Z INF Retrying connection in up to 1m4s connIndex=0 event=0 ip=2606:4700:a8::3
2026-09-09T21:16:39Z INF Tunnel connection curve preferences: [X25519MLKEM768 CurveID(65074) CurveP256] connIndex=0 event=0 ip=2606:4700:a8::3
2026-09-09T21:16:39Z ERR failed to run the datagram handler error="context canceled" connIndex=0 event=0 ip=2606:4700:a8::3
2026-09-09T21:16:39Z ERR failed to serve tunnel connection error="control stream encountered a failure while serving" connIndex=0 event=0 ip=2606:4700:a8::3
2026-09-09T21:16:39Z ERR Serve tunnel error error="control stream encountered a failure while serving" connIndex=0 event=0 ip=2606:4700:a8::3
2026-09-09T21:16:39Z INF Retrying connection in up to 1m4s connIndex=0 event=0 ip=2606:4700:a8::3
2026-09-09T21:17:09Z INF Tunnel connection curve preferences: [X25519MLKEM768 CurveID(65074) CurveP256] connIndex=0 event=0 ip=2606:4700:a8::3
2026-09-09T21:17:09Z ERR failed to run the datagram handler error="context canceled" connIndex=0 event=0 ip=2606:4700:a8::3
2026-09-09T21:17:09Z ERR failed to serve tunnel connection error="control stream encountered a failure while serving" connIndex=0 event=0 ip=2606:4700:a8::3
2026-09-09T21:17:09Z ERR Serve tunnel error error="control stream encountered a failure while serving" connIndex=0 event=0 ip=2606:4700:a8::3
2026-09-09T21:17:09Z INF Retrying connection in up to 1m4s connIndex=0 event=0 ip=2606:4700:a8::3
2026-09-09T21:17:09Z INF Tunnel connection curve preferences: [X25519MLKEM768 CurveID(65074) CurveP256] connIndex=0 event=0 ip=2606:4700:a8::3
2026-09-09T21:17:09Z ERR failed to run the datagram handler error="context canceled" connIndex=0 event=0 ip=2606:4700:a8::3
2026-09-09T21:17:10Z ERR failed to serve tunnel connection error="control stream encountered a failure while serving" connIndex=0 event=0 ip=2606:4700:a8::3
2026-09-09T21:17:10Z ERR Serve tunnel error error="control stream encountered a failure while serving" connIndex=0 event=0 ip=2606:4700:a8::3
2026-09-09T21:17:10Z INF Retrying connection in up to 1m4s connIndex=0 event=0 ip=2606:4700:a8::3
2026-09-09T21:17:14Z INF Tunnel connection curve preferences: [X25519MLKEM768 CurveID(65074) CurveP256] connIndex=0 event=0 ip=2606:4700:a8::3
2026-09-09T21:17:14Z ERR failed to run the datagram handler error="context canceled" connIndex=0 event=0 ip=2606:4700:a8::3
2026-09-09T21:17:14Z ERR failed to serve tunnel connection error="control stream encountered a failure while serving" connIndex=0 event=0 ip=2606:4700:a8::3
2026-09-09T21:17:14Z ERR Serve tunnel error error="control stream encountered a failure while serving" connIndex=0 event=0 ip=2606:4700:a8::3
2026-09-09T21:17:14Z INF Retrying connection in up to 1m4s connIndex=0 event=0 ip=2606:4700:a8::3
2026-09-09T21:17:35Z INF Tunnel connection curve preferences: [X25519MLKEM768 CurveID(65074) CurveP256] connIndex=0 event=0 ip=2606:4700:a8::3
2026-09-09T21:17:35Z ERR failed to run the datagram handler error="context canceled" connIndex=0 event=0 ip=2606:4700:a8::3
2026-09-09T21:17:35Z ERR failed to serve tunnel connection error="control stream encountered a failure while serving" connIndex=0 event=0 ip=2606:4700:a8::3
2026-09-09T21:17:35Z ERR Serve tunnel error error="control stream encountered a failure while serving" connIndex=0 event=0 ip=2606:4700:a8::3
2026-09-09T21:17:35Z INF Retrying connection in up to 1m4s connIndex=0 event=0 ip=2606:4700:a8::3
2026-09-09T21:17:51Z INF Tunnel connection curve preferences: [X25519MLKEM768 CurveID(65074) CurveP256] connIndex=0 event=0 ip=2606:4700:a8::3
2026-09-09T21:17:51Z ERR failed to run the datagram handler error="context canceled" connIndex=0 event=0 ip=2606:4700:a8::3
2026-09-09T21:17:51Z ERR failed to serve tunnel connection error="control stream encountered a failure while serving" connIndex=0 event=0 ip=2606:4700:a8::3
2026-09-09T21:17:51Z ERR Serve tunnel error error="control stream encountered a failure while serving" connIndex=0 event=0 ip=2606:4700:a8::3
2026-09-09T21:17:51Z INF Retrying connection in up to 1m4s connIndex=0 event=0 ip=2606:4700:a8::3
2026-09-09T21:18:04Z INF Tunnel connection curve preferences: [X25519MLKEM768 CurveID(65074) CurveP256] connIndex=0 event=0 ip=2606:4700:a8::3
2026-09-09T21:18:04Z ERR failed to run the datagram handler error="context canceled" connIndex=0 event=0 ip=2606:4700:a8::3
2026-09-09T21:18:04Z ERR failed to serve tunnel connection error="control stream encountered a failure while serving" connIndex=0 event=0 ip=2606:4700:a8::3
2026-09-09T21:18:04Z ERR Serve tunnel error error="control stream encountered a failure while serving" connIndex=0 event=0 ip=2606:4700:a8::3
2026-09-09T21:18:04Z INF Retrying connection in up to 1m4s connIndex=0 event=0 ip=2606:4700:a8::3
2026-09-09T21:18:28Z INF Tunnel connection curve preferences: [X25519MLKEM768 CurveID(65074) CurveP256] connIndex=0 event=0 ip=2606:4700:a8::3
2026-09-09T21:18:28Z ERR failed to run the datagram handler error="context canceled" connIndex=0 event=0 ip=2606:4700:a8::3
2026-09-09T21:18:28Z ERR failed to serve tunnel connection error="control stream encountered a failure while serving" connIndex=0 event=0 ip=2606:4700:a8::3
2026-09-09T21:18:28Z ERR Serve tunnel error error="control stream encountered a failure while serving" connIndex=0 event=0 ip=2606:4700:a8::3
2026-09-09T21:18:28Z INF Retrying connection in up to 1m4s connIndex=0 event=0 ip=2606:4700:a8::3
2026-09-09T21:18:29Z INF Tunnel connection curve preferences: [X25519MLKEM768 CurveID(65074) CurveP256] connIndex=0 event=0 ip=2606:4700:a8::3
2026-09-09T21:18:29Z ERR failed to run the datagram handler error="context canceled" connIndex=0 event=0 ip=2606:4700:a8::3
2026-09-09T21:18:29Z ERR failed to serve tunnel connection error="control stream encountered a failure while serving" connIndex=0 event=0 ip=2606:4700:a8::3
2026-09-09T21:18:29Z ERR Serve tunnel error error="control stream encountered a failure while serving" connIndex=0 event=0 ip=2606:4700:a8::3
2026-09-09T21:18:29Z INF Retrying connection in up to 1m4s connIndex=0 event=0 ip=2606:4700:a8::3
2026-09-09T21:18:35Z INF Tunnel connection curve preferences: [X25519MLKEM768 CurveID(65074) CurveP256] connIndex=0 event=0 ip=2606:4700:a8::3
2026-09-09T21:18:35Z ERR failed to run the datagram handler error="context canceled" connIndex=0 event=0 ip=2606:4700:a8::3
2026-09-09T21:18:35Z ERR failed to serve tunnel connection error="control stream encountered a failure while serving" connIndex=0 event=0 ip=2606:4700:a8::3
2026-09-09T21:18:35Z ERR Serve tunnel error error="control stream encountered a failure while serving" connIndex=0 event=0 ip=2606:4700:a8::3
2026-09-09T21:18:35Z INF Retrying connection in up to 1m4s connIndex=0 event=0 ip=2606:4700:a8::3
2026-09-09T21:18:39Z INF Tunnel connection curve preferences: [X25519MLKEM768 CurveID(65074) CurveP256] connIndex=0 event=0 ip=2606:4700:a8::3
2026-09-09T21:18:39Z ERR failed to run the datagram handler error="context canceled" connIndex=0 event=0 ip=2606:4700:a8::3
2026-09-09T21:18:39Z ERR failed to serve tunnel connection error="control stream encountered a failure while serving" connIndex=0 event=0 ip=2606:4700:a8::3
2026-09-09T21:18:39Z ERR Serve tunnel error error="control stream encountered a failure while serving" connIndex=0 event=0 ip=2606:4700:a8::3
2026-09-09T21:18:39Z INF Retrying connection in up to 1m4s connIndex=0 event=0 ip=2606:4700:a8::3
2026-09-09T21:18:54Z INF Tunnel connection curve preferences: [X25519MLKEM768 CurveID(65074) CurveP256] connIndex=0 event=0 ip=2606:4700:a8::3
2026-09-09T21:18:54Z ERR failed to run the datagram handler error="context canceled" connIndex=0 event=0 ip=2606:4700:a8::3
2026-09-09T21:18:54Z ERR failed to serve tunnel connection error="control stream encountered a failure while serving" connIndex=0 event=0 ip=2606:4700:a8::3
2026-09-09T21:18:54Z ERR Serve tunnel error error="control stream encountered a failure while serving" connIndex=0 event=0 ip=2606:4700:a8::3
2026-09-09T21:18:54Z INF Retrying connection in up to 1m4s connIndex=0 event=0 ip=2606:4700:a8::3
2026-09-09T21:19:18Z INF Tunnel connection curve preferences: [X25519MLKEM768 CurveID(65074) CurveP256] connIndex=0 event=0 ip=2606:4700:a8::3
2026-09-09T21:19:18Z ERR failed to run the datagram handler error="context canceled" connIndex=0 event=0 ip=2606:4700:a8::3
2026-09-09T21:19:18Z ERR failed to serve tunnel connection error="control stream encountered a failure while serving" connIndex=0 event=0 ip=2606:4700:a8::3
2026-09-09T21:19:18Z ERR Serve tunnel error error="control stream encountered a failure while serving" connIndex=0 event=0 ip=2606:4700:a8::3
2026-09-09T21:19:18Z INF Retrying connection in up to 1m4s connIndex=0 event=0 ip=2606:4700:a8::3
2026-09-09T21:19:49Z INF Tunnel connection curve preferences: [X25519MLKEM768 CurveID(65074) CurveP256] connIndex=0 event=0 ip=2606:4700:a8::3
2026-09-09T21:19:49Z ERR failed to run the datagram handler error="context canceled" connIndex=0 event=0 ip=2606:4700:a8::3
2026-09-09T21:19:49Z ERR failed to serve tunnel connection error="control stream encountered a failure while serving" connIndex=0 event=0 ip=2606:4700:a8::3
2026-09-09T21:19:49Z ERR Serve tunnel error error="control stream encountered a failure while serving" connIndex=0 event=0 ip=2606:4700:a8::3
2026-09-09T21:19:49Z INF Retrying connection in up to 1m4s connIndex=0 event=0 ip=2606:4700:a8::3
2026-09-09T21:20:10Z INF Tunnel connection curve preferences: [X25519MLKEM768 CurveID(65074) CurveP256] connIndex=0 event=0 ip=2606:4700:a8::3
2026-09-09T21:20:10Z ERR failed to run the datagram handler error="context canceled" connIndex=0 event=0 ip=2606:4700:a8::3
2026-09-09T21:20:10Z ERR failed to serve tunnel connection error="control stream encountered a failure while serving" connIndex=0 event=0 ip=2606:4700:a8::3
2026-09-09T21:20:10Z ERR Serve tunnel error error="control stream encountered a failure while serving" connIndex=0 event=0 ip=2606:4700:a8::3
2026-09-09T21:20:10Z INF Retrying connection in up to 1m4s connIndex=0 event=0 ip=2606:4700:a8::3
2026-09-09T21:20:38Z INF Tunnel connection curve preferences: [X25519MLKEM768 CurveID(65074) CurveP256] connIndex=0 event=0 ip=2606:4700:a8::3
2026-09-09T21:20:38Z ERR failed to run the datagram handler error="context canceled" connIndex=0 event=0 ip=2606:4700:a8::3
2026-09-09T21:20:38Z ERR failed to serve tunnel connection error="control stream encountered a failure while serving" connIndex=0 event=0 ip=2606:4700:a8::3
2026-09-09T21:20:38Z ERR Serve tunnel error error="control stream encountered a failure while serving" connIndex=0 event=0 ip=2606:4700:a8::3
2026-09-09T21:20:38Z INF Retrying connection in up to 1m4s connIndex=0 event=0 ip=2606:4700:a8::3
2026-09-09T21:20:40Z INF Tunnel connection curve preferences: [X25519MLKEM768 CurveID(65074) CurveP256] connIndex=0 event=0 ip=2606:4700:a8::3
2026-09-09T21:20:40Z ERR failed to run the datagram handler error="context canceled" connIndex=0 event=0 ip=2606:4700:a8::3
2026-09-09T21:20:40Z ERR failed to serve tunnel connection error="control stream encountered a failure while serving" connIndex=0 event=0 ip=2606:4700:a8::3
2026-09-09T21:20:40Z ERR Serve tunnel error error="control stream encountered a failure while serving" connIndex=0 event=0 ip=2606:4700:a8::3
2026-09-09T21:20:40Z INF Retrying connection in up to 1m4s connIndex=0 event=0 ip=2606:4700:a8::3
2026-09-09T21:21:02Z INF Tunnel connection curve preferences: [X25519MLKEM768 CurveID(65074) CurveP256] connIndex=0 event=0 ip=2606:4700:a8::3
2026-09-09T21:21:02Z ERR failed to run the datagram handler error="context canceled" connIndex=0 event=0 ip=2606:4700:a8::3
2026-09-09T21:21:02Z ERR failed to serve tunnel connection error="control stream encountered a failure while serving" connIndex=0 event=0 ip=2606:4700:a8::3
2026-09-09T21:21:02Z ERR Serve tunnel error error="control stream encountered a failure while serving" connIndex=0 event=0 ip=2606:4700:a8::3
2026-09-09T21:21:02Z INF Retrying connection in up to 1m4s connIndex=0 event=0 ip=2606:4700:a8::3
2026-09-09T21:21:20Z INF Tunnel connection curve preferences: [X25519MLKEM768 CurveID(65074) CurveP256] connIndex=0 event=0 ip=2606:4700:a8::3
2026-09-09T21:21:20Z ERR failed to run the datagram handler error="context canceled" connIndex=0 event=0 ip=2606:4700:a8::3
2026-09-09T21:21:20Z ERR failed to serve tunnel connection error="control stream encountered a failure while serving" connIndex=0 event=0 ip=2606:4700:a8::3
2026-09-09T21:21:20Z ERR Serve tunnel error error="control stream encountered a failure while serving" connIndex=0 event=0 ip=2606:4700:a8::3
2026-09-09T21:21:20Z INF Retrying connection in up to 1m4s connIndex=0 event=0 ip=2606:4700:a8::3
2026-09-09T21:21:33Z INF Tunnel connection curve preferences: [X25519MLKEM768 CurveID(65074) CurveP256] connIndex=0 event=0 ip=2606:4700:a8::3
2026-09-09T21:21:33Z ERR failed to run the datagram handler error="context canceled" connIndex=0 event=0 ip=2606:4700:a8::3
2026-09-09T21:21:33Z ERR failed to serve tunnel connection error="control stream encountered a failure while serving" connIndex=0 event=0 ip=2606:4700:a8::3
2026-09-09T21:21:33Z ERR Serve tunnel error error="control stream encountered a failure while serving" connIndex=0 event=0 ip=2606:4700:a8::3
2026-09-09T21:21:33Z INF Retrying connection in up to 1m4s connIndex=0 event=0 ip=2606:4700:a8::3
2026-09-09T21:21:34Z INF Tunnel connection curve preferences: [X25519MLKEM768 CurveID(65074) CurveP256] connIndex=0 event=0 ip=2606:4700:a8::3
2026-09-09T21:21:34Z ERR failed to run the datagram handler error="context canceled" connIndex=0 event=0 ip=2606:4700:a8::3
2026-09-09T21:21:34Z ERR failed to serve tunnel connection error="control stream encountered a failure while serving" connIndex=0 event=0 ip=2606:4700:a8::3
2026-09-09T21:21:34Z ERR Serve tunnel error error="control stream encountered a failure while serving" connIndex=0 event=0 ip=2606:4700:a8::3
2026-09-09T21:21:34Z INF Retrying connection in up to 1m4s connIndex=0 event=0 ip=2606:4700:a8::3
2026-09-09T21:21:54Z INF Tunnel connection curve preferences: [X25519MLKEM768 CurveID(65074) CurveP256] connIndex=0 event=0 ip=2606:4700:a8::3
2026-09-09T21:21:54Z ERR failed to run the datagram handler error="context canceled" connIndex=0 event=0 ip=2606:4700:a8::3
2026-09-09T21:21:54Z ERR failed to serve tunnel connection error="control stream encountered a failure while serving" connIndex=0 event=0 ip=2606:4700:a8::3
2026-09-09T21:21:54Z ERR Serve tunnel error error="control stream encountered a failure while serving" connIndex=0 event=0 ip=2606:4700:a8::3
2026-09-09T21:21:54Z INF Retrying connection in up to 1m4s connIndex=0 event=0 ip=2606:4700:a8::3
2026-09-09T21:22:09Z INF Tunnel connection curve preferences: [X25519MLKEM768 CurveID(65074) CurveP256] connIndex=0 event=0 ip=2606:4700:a8::3
2026-09-09T21:22:09Z ERR failed to run the datagram handler error="context canceled" connIndex=0 event=0 ip=2606:4700:a8::3
2026-09-09T21:22:09Z ERR failed to serve tunnel connection error="control stream encountered a failure while serving" connIndex=0 event=0 ip=2606:4700:a8::3
2026-09-09T21:22:09Z ERR Serve tunnel error error="control stream encountered a failure while serving" connIndex=0 event=0 ip=2606:4700:a8::3
2026-09-09T21:22:09Z INF Retrying connection in up to 1m4s connIndex=0 event=0 ip=2606:4700:a8::3
2026-09-09T21:22:37Z INF Tunnel connection curve preferences: [X25519MLKEM768 CurveID(65074) CurveP256] connIndex=0 event=0 ip=2606:4700:a8::3
2026-09-09T21:22:37Z ERR failed to run the datagram handler error="context canceled" connIndex=0 event=0 ip=2606:4700:a8::3
2026-09-09T21:22:37Z ERR failed to serve tunnel connection error="control stream encountered a failure while serving" connIndex=0 event=0 ip=2606:4700:a8::3
2026-09-09T21:22:37Z ERR Serve tunnel error error="control stream encountered a failure while serving" connIndex=0 event=0 ip=2606:4700:a8::3
2026-09-09T21:22:37Z INF Retrying connection in up to 1m4s connIndex=0 event=0 ip=2606:4700:a8::3
2026-09-09T21:22:50Z INF Tunnel connection curve preferences: [X25519MLKEM768 CurveID(65074) CurveP256] connIndex=0 event=0 ip=2606:4700:a8::3
2026-09-09T21:22:50Z ERR failed to run the datagram handler error="context canceled" connIndex=0 event=0 ip=2606:4700:a8::3
2026-09-09T21:22:50Z ERR failed to serve tunnel connection error="control stream encountered a failure while serving" connIndex=0 event=0 ip=2606:4700:a8::3
2026-09-09T21:22:50Z ERR Serve tunnel error error="control stream encountered a failure while serving" connIndex=0 event=0 ip=2606:4700:a8::3
2026-09-09T21:22:50Z INF Retrying connection in up to 1m4s connIndex=0 event=0 ip=2606:4700:a8::3
2026-09-09T21:23:05Z INF Tunnel connection curve preferences: [X25519MLKEM768 CurveID(65074) CurveP256] connIndex=0 event=0 ip=2606:4700:a8::3
2026-09-09T21:23:05Z ERR failed to run the datagram handler error="context canceled" connIndex=0 event=0 ip=2606:4700:a8::3
2026-09-09T21:23:05Z ERR failed to serve tunnel connection error="control stream encountered a failure while serving" connIndex=0 event=0 ip=2606:4700:a8::3
2026-09-09T21:23:05Z ERR Serve tunnel error error="control stream encountered a failure while serving" connIndex=0 event=0 ip=2606:4700:a8::3
2026-09-09T21:23:05Z INF Retrying connection in up to 1m4s connIndex=0 event=0 ip=2606:4700:a8::3
2026-09-09T21:23:28Z INF Tunnel connection curve preferences: [X25519MLKEM768 CurveID(65074) CurveP256] connIndex=0 event=0 ip=2606:4700:a8::3
2026-09-09T21:23:28Z ERR failed to run the datagram handler error="context canceled" connIndex=0 event=0 ip=2606:4700:a8::3
2026-09-09T21:23:28Z ERR failed to serve tunnel connection error="control stream encountered a failure while serving" connIndex=0 event=0 ip=2606:4700:a8::3
2026-09-09T21:23:28Z ERR Serve tunnel error error="control stream encountered a failure while serving" connIndex=0 event=0 ip=2606:4700:a8::3
2026-09-09T21:23:28Z INF Retrying connection in up to 1m4s connIndex=0 event=0 ip=2606:4700:a8::3
2026-09-09T21:23:48Z INF Tunnel connection curve preferences: [X25519MLKEM768 CurveID(65074) CurveP256] connIndex=0 event=0 ip=2606:4700:a8::3
2026-09-09T21:23:48Z ERR failed to run the datagram handler error="context canceled" connIndex=0 event=0 ip=2606:4700:a8::3
2026-09-09T21:23:48Z ERR failed to serve tunnel connection error="control stream encountered a failure while serving" connIndex=0 event=0 ip=2606:4700:a8::3
2026-09-09T21:23:48Z ERR Serve tunnel error error="control stream encountered a failure while serving" connIndex=0 event=0 ip=2606:4700:a8::3
2026-09-09T21:23:48Z INF Retrying connection in up to 1m4s connIndex=0 event=0 ip=2606:4700:a8::3
2026-09-09T21:23:50Z INF Tunnel connection curve preferences: [X25519MLKEM768 CurveID(65074) CurveP256] connIndex=0 event=0 ip=2606:4700:a8::3
2026-09-09T21:23:50Z ERR failed to run the datagram handler error="context canceled" connIndex=0 event=0 ip=2606:4700:a8::3
2026-09-09T21:23:50Z ERR failed to serve tunnel connection error="control stream encountered a failure while serving" connIndex=0 event=0 ip=2606:4700:a8::3
2026-09-09T21:23:50Z ERR Serve tunnel error error="control stream encountered a failure while serving" connIndex=0 event=0 ip=2606:4700:a8::3
2026-09-09T21:23:50Z INF Retrying connection in up to 1m4s connIndex=0 event=0 ip=2606:4700:a8::3
2026-09-09T21:24:12Z INF Tunnel connection curve preferences: [X25519MLKEM768 CurveID(65074) CurveP256] connIndex=0 event=0 ip=2606:4700:a8::3
2026-09-09T21:24:12Z ERR failed to run the datagram handler error="context canceled" connIndex=0 event=0 ip=2606:4700:a8::3
2026-09-09T21:24:12Z ERR failed to serve tunnel connection error="control stream encountered a failure while serving" connIndex=0 event=0 ip=2606:4700:a8::3
2026-09-09T21:24:12Z ERR Serve tunnel error error="control stream encountered a failure while serving" connIndex=0 event=0 ip=2606:4700:a8::3
2026-09-09T21:24:12Z INF Retrying connection in up to 1m4s connIndex=0 event=0 ip=2606:4700:a8::3
2026-09-09T21:24:15Z INF Tunnel connection curve preferences: [X25519MLKEM768 CurveID(65074) CurveP256] connIndex=0 event=0 ip=2606:4700:a8::3
2026-09-09T21:24:15Z ERR failed to run the datagram handler error="context canceled" connIndex=0 event=0 ip=2606:4700:a8::3
2026-09-09T21:24:15Z ERR failed to serve tunnel connection error="control stream encountered a failure while serving" connIndex=0 event=0 ip=2606:4700:a8::3
2026-09-09T21:24:15Z ERR Serve tunnel error error="control stream encountered a failure while serving" connIndex=0 event=0 ip=2606:4700:a8::3
2026-09-09T21:24:15Z INF Retrying connection in up to 1m4s connIndex=0 event=0 ip=2606:4700:a8::3
2026-09-09T21:24:39Z INF Tunnel connection curve preferences: [X25519MLKEM768 CurveID(65074) CurveP256] connIndex=0 event=0 ip=2606:4700:a8::3
2026-09-09T21:24:39Z ERR failed to run the datagram handler error="context canceled" connIndex=0 event=0 ip=2606:4700:a8::3
2026-09-09T21:24:39Z ERR failed to serve tunnel connection error="control stream encountered a failure while serving" connIndex=0 event=0 ip=2606:4700:a8::3
2026-09-09T21:24:39Z ERR Serve tunnel error error="control stream encountered a failure while serving" connIndex=0 event=0 ip=2606:4700:a8::3
2026-09-09T21:24:39Z INF Retrying connection in up to 1m4s connIndex=0 event=0 ip=2606:4700:a8::3
2026-09-09T21:24:40Z INF Tunnel connection curve preferences: [X25519MLKEM768 CurveID(65074) CurveP256] connIndex=0 event=0 ip=2606:4700:a8::3
2026-09-09T21:24:40Z ERR failed to run the datagram handler error="context canceled" connIndex=0 event=0 ip=2606:4700:a8::3
2026-09-09T21:24:40Z ERR failed to serve tunnel connection error="control stream encountered a failure while serving" connIndex=0 event=0 ip=2606:4700:a8::3
2026-09-09T21:24:40Z ERR Serve tunnel error error="control stream encountered a failure while serving" connIndex=0 event=0 ip=2606:4700:a8::3
2026-09-09T21:24:40Z INF Retrying connection in up to 1m4s connIndex=0 event=0 ip=2606:4700:a8::3
2026-09-09T21:24:53Z INF Tunnel connection curve preferences: [X25519MLKEM768 CurveID(65074) CurveP256] connIndex=0 event=0 ip=2606:4700:a8::3
2026-09-09T21:24:53Z ERR failed to run the datagram handler error="context canceled" connIndex=0 event=0 ip=2606:4700:a8::3
2026-09-09T21:24:53Z ERR failed to serve tunnel connection error="control stream encountered a failure while serving" connIndex=0 event=0 ip=2606:4700:a8::3
2026-09-09T21:24:53Z ERR Serve tunnel error error="control stream encountered a failure while serving" connIndex=0 event=0 ip=2606:4700:a8::3
2026-09-09T21:24:53Z INF Retrying connection in up to 1m4s connIndex=0 event=0 ip=2606:4700:a8::3
2026-09-09T21:24:56Z INF Tunnel connection curve preferences: [X25519MLKEM768 CurveID(65074) CurveP256] connIndex=0 event=0 ip=2606:4700:a8::3
2026-09-09T21:24:56Z ERR failed to run the datagram handler error="context canceled" connIndex=0 event=0 ip=2606:4700:a8::3
2026-09-09T21:24:56Z ERR failed to serve tunnel connection error="control stream encountered a failure while serving" connIndex=0 event=0 ip=2606:4700:a8::3
2026-09-09T21:24:56Z ERR Serve tunnel error error="control stream encountered a failure while serving" connIndex=0 event=0 ip=2606:4700:a8::3
2026-09-09T21:24:56Z INF Retrying connection in up to 1m4s connIndex=0 event=0 ip=2606:4700:a8::3
2026-09-09T21:25:23Z INF Tunnel connection curve preferences: [X25519MLKEM768 CurveID(65074) CurveP256] connIndex=0 event=0 ip=2606:4700:a8::3
2026-09-09T21:25:23Z ERR failed to run the datagram handler error="context canceled" connIndex=0 event=0 ip=2606:4700:a8::3
2026-09-09T21:25:23Z ERR failed to serve tunnel connection error="control stream encountered a failure while serving" connIndex=0 event=0 ip=2606:4700:a8::3
2026-09-09T21:25:23Z ERR Serve tunnel error error="control stream encountered a failure while serving" connIndex=0 event=0 ip=2606:4700:a8::3
2026-09-09T21:25:23Z INF Retrying connection in up to 1m4s connIndex=0 event=0 ip=2606:4700:a8::3
2026-09-09T21:25:46Z INF Tunnel connection curve preferences: [X25519MLKEM768 CurveID(65074) CurveP256] connIndex=0 event=0 ip=2606:4700:a8::3
2026-09-09T21:25:46Z ERR failed to run the datagram handler error="context canceled" connIndex=0 event=0 ip=2606:4700:a8::3
2026-09-09T21:25:46Z ERR failed to serve tunnel connection error="control stream encountered a failure while serving" connIndex=0 event=0 ip=2606:4700:a8::3
2026-09-09T21:25:46Z ERR Serve tunnel error error="control stream encountered a failure while serving" connIndex=0 event=0 ip=2606:4700:a8::3
2026-09-09T21:25:46Z INF Retrying connection in up to 1m4s connIndex=0 event=0 ip=2606:4700:a8::3
2026-09-09T21:25:50Z INF Tunnel connection curve preferences: [X25519MLKEM768 CurveID(65074) CurveP256] connIndex=0 event=0 ip=2606:4700:a8::3
2026-09-09T21:25:50Z ERR failed to run the datagram handler error="context canceled" connIndex=0 event=0 ip=2606:4700:a8::3
2026-09-09T21:25:50Z ERR failed to serve tunnel connection error="control stream encountered a failure while serving" connIndex=0 event=0 ip=2606:4700:a8::3
2026-09-09T21:25:50Z ERR Serve tunnel error error="control stream encountered a failure while serving" connIndex=0 event=0 ip=2606:4700:a8::3
2026-09-09T21:25:50Z INF Retrying connection in up to 1m4s connIndex=0 event=0 ip=2606:4700:a8::3
2026-09-09T21:26:08Z INF Tunnel connection curve preferences: [X25519MLKEM768 CurveID(65074) CurveP256] connIndex=0 event=0 ip=2606:4700:a8::3
2026-09-09T21:26:08Z ERR failed to run the datagram handler error="context canceled" connIndex=0 event=0 ip=2606:4700:a8::3
2026-09-09T21:26:08Z ERR failed to serve tunnel connection error="control stream encountered a failure while serving" connIndex=0 event=0 ip=2606:4700:a8::3
2026-09-09T21:26:08Z ERR Serve tunnel error error="control stream encountered a failure while serving" connIndex=0 event=0 ip=2606:4700:a8::3
2026-09-09T21:26:08Z INF Retrying connection in up to 1m4s connIndex=0 event=0 ip=2606:4700:a8::3
2026-09-09T21:26:39Z INF Tunnel connection curve preferences: [X25519MLKEM768 CurveID(65074) CurveP256] connIndex=0 event=0 ip=2606:4700:a8::3
2026-09-09T21:26:39Z ERR failed to run the datagram handler error="context canceled" connIndex=0 event=0 ip=2606:4700:a8::3
2026-09-09T21:26:39Z ERR failed to serve tunnel connection error="control stream encountered a failure while serving" connIndex=0 event=0 ip=2606:4700:a8::3
2026-09-09T21:26:39Z ERR Serve tunnel error error="control stream encountered a failure while serving" connIndex=0 event=0 ip=2606:4700:a8::3
2026-09-09T21:26:39Z INF Retrying connection in up to 1m4s connIndex=0 event=0 ip=2606:4700:a8::3
2026-09-09T21:26:41Z INF Tunnel connection curve preferences: [X25519MLKEM768 CurveID(65074) CurveP256] connIndex=0 event=0 ip=2606:4700:a8::3
2026-09-09T21:26:41Z ERR failed to run the datagram handler error="context canceled" connIndex=0 event=0 ip=2606:4700:a8::3
2026-09-09T21:26:41Z ERR failed to serve tunnel connection error="control stream encountered a failure while serving" connIndex=0 event=0 ip=2606:4700:a8::3
2026-09-09T21:26:41Z ERR Serve tunnel error error="control stream encountered a failure while serving" connIndex=0 event=0 ip=2606:4700:a8::3
2026-09-09T21:26:41Z INF Retrying connection in up to 1m4s connIndex=0 event=0 ip=2606:4700:a8::3
2026-09-09T21:27:11Z INF Tunnel connection curve preferences: [X25519MLKEM768 CurveID(65074) CurveP256] connIndex=0 event=0 ip=2606:4700:a8::3
2026-09-09T21:27:11Z ERR failed to run the datagram handler error="context canceled" connIndex=0 event=0 ip=2606:4700:a8::3
2026-09-09T21:27:11Z ERR failed to serve tunnel connection error="control stream encountered a failure while serving" connIndex=0 event=0 ip=2606:4700:a8::3
2026-09-09T21:27:11Z ERR Serve tunnel error error="control stream encountered a failure while serving" connIndex=0 event=0 ip=2606:4700:a8::3
2026-09-09T21:27:11Z INF Retrying connection in up to 1m4s connIndex=0 event=0 ip=2606:4700:a8::3
2026-09-09T21:27:35Z INF Tunnel connection curve preferences: [X25519MLKEM768 CurveID(65074) CurveP256] connIndex=0 event=0 ip=2606:4700:a8::3
2026-09-09T21:27:35Z ERR failed to run the datagram handler error="context canceled" connIndex=0 event=0 ip=2606:4700:a8::3
2026-09-09T21:27:35Z ERR failed to serve tunnel connection error="control stream encountered a failure while serving" connIndex=0 event=0 ip=2606:4700:a8::3
2026-09-09T21:27:35Z ERR Serve tunnel error error="control stream encountered a failure while serving" connIndex=0 event=0 ip=2606:4700:a8::3
2026-09-09T21:27:35Z INF Retrying connection in up to 1m4s connIndex=0 event=0 ip=2606:4700:a8::3
2026-09-09T21:27:37Z INF Tunnel connection curve preferences: [X25519MLKEM768 CurveID(65074) CurveP256] connIndex=0 event=0 ip=2606:4700:a8::3
2026-09-09T21:27:37Z ERR failed to run the datagram handler error="context canceled" connIndex=0 event=0 ip=2606:4700:a8::3
2026-09-09T21:27:37Z ERR failed to serve tunnel connection error="control stream encountered a failure while serving" connIndex=0 event=0 ip=2606:4700:a8::3
2026-09-09T21:27:37Z ERR Serve tunnel error error="control stream encountered a failure while serving" connIndex=0 event=0 ip=2606:4700:a8::3
2026-09-09T21:27:37Z INF Retrying connection in up to 1m4s connIndex=0 event=0 ip=2606:4700:a8::3
2026-09-09T21:27:45Z INF Tunnel connection curve preferences: [X25519MLKEM768 CurveID(65074) CurveP256] connIndex=0 event=0 ip=2606:4700:a8::3
2026-09-09T21:27:45Z ERR failed to run the datagram handler error="context canceled" connIndex=0 event=0 ip=2606:4700:a8::3
2026-09-09T21:27:45Z ERR failed to serve tunnel connection error="control stream encountered a failure while serving" connIndex=0 event=0 ip=2606:4700:a8::3
2026-09-09T21:27:45Z ERR Serve tunnel error error="control stream encountered a failure while serving" connIndex=0 event=0 ip=2606:4700:a8::3
2026-09-09T21:27:45Z INF Retrying connection in up to 1m4s connIndex=0 event=0 ip=2606:4700:a8::3
2026-09-09T21:28:01Z INF Tunnel connection curve preferences: [X25519MLKEM768 CurveID(65074) CurveP256] connIndex=0 event=0 ip=2606:4700:a8::3
2026-09-09T21:28:01Z ERR failed to run the datagram handler error="context canceled" connIndex=0 event=0 ip=2606:4700:a8::3
2026-09-09T21:28:01Z ERR failed to serve tunnel connection error="control stream encountered a failure while serving" connIndex=0 event=0 ip=2606:4700:a8::3
2026-09-09T21:28:01Z ERR Serve tunnel error error="control stream encountered a failure while serving" connIndex=0 event=0 ip=2606:4700:a8::3
2026-09-09T21:28:01Z INF Retrying connection in up to 1m4s connIndex=0 event=0 ip=2606:4700:a8::3
2026-09-09T21:28:27Z INF Tunnel connection curve preferences: [X25519MLKEM768 CurveID(65074) CurveP256] connIndex=0 event=0 ip=2606:4700:a8::3
2026-09-09T21:28:27Z ERR failed to run the datagram handler error="context canceled" connIndex=0 event=0 ip=2606:4700:a8::3
2026-09-09T21:28:27Z ERR failed to serve tunnel connection error="control stream encountered a failure while serving" connIndex=0 event=0 ip=2606:4700:a8::3
2026-09-09T21:28:27Z ERR Serve tunnel error error="control stream encountered a failure while serving" connIndex=0 event=0 ip=2606:4700:a8::3
2026-09-09T21:28:27Z INF Retrying connection in up to 1m4s connIndex=0 event=0 ip=2606:4700:a8::3
2026-09-09T21:28:53Z INF Tunnel connection curve preferences: [X25519MLKEM768 CurveID(65074) CurveP256] connIndex=0 event=0 ip=2606:4700:a8::3
2026-09-09T21:28:53Z ERR failed to run the datagram handler error="context canceled" connIndex=0 event=0 ip=2606:4700:a8::3
2026-09-09T21:28:53Z ERR failed to serve tunnel connection error="control stream encountered a failure while serving" connIndex=0 event=0 ip=2606:4700:a8::3
2026-09-09T21:28:53Z ERR Serve tunnel error error="control stream encountered a failure while serving" connIndex=0 event=0 ip=2606:4700:a8::3
2026-09-09T21:28:53Z INF Retrying connection in up to 1m4s connIndex=0 event=0 ip=2606:4700:a8::3
2026-09-09T21:29:24Z INF Tunnel connection curve preferences: [X25519MLKEM768 CurveID(65074) CurveP256] connIndex=0 event=0 ip=2606:4700:a8::3
2026-09-09T21:29:24Z ERR failed to run the datagram handler error="context canceled" connIndex=0 event=0 ip=2606:4700:a8::3
2026-09-09T21:29:24Z ERR failed to serve tunnel connection error="control stream encountered a failure while serving" connIndex=0 event=0 ip=2606:4700:a8::3
2026-09-09T21:29:24Z ERR Serve tunnel error error="control stream encountered a failure while serving" connIndex=0 event=0 ip=2606:4700:a8::3
2026-09-09T21:29:24Z INF Retrying connection in up to 1m4s connIndex=0 event=0 ip=2606:4700:a8::3
2026-09-09T21:29:52Z INF Tunnel connection curve preferences: [X25519MLKEM768 CurveID(65074) CurveP256] connIndex=0 event=0 ip=2606:4700:a8::3
2026-09-09T21:29:52Z ERR failed to run the datagram handler error="context canceled" connIndex=0 event=0 ip=2606:4700:a8::3
2026-09-09T21:29:52Z ERR failed to serve tunnel connection error="control stream encountered a failure while serving" connIndex=0 event=0 ip=2606:4700:a8::3
2026-09-09T21:29:52Z ERR Serve tunnel error error="control stream encountered a failure while serving" connIndex=0 event=0 ip=2606:4700:a8::3
2026-09-09T21:29:52Z INF Retrying connection in up to 1m4s connIndex=0 event=0 ip=2606:4700:a8::3
2026-09-09T21:30:23Z INF Tunnel connection curve preferences: [X25519MLKEM768 CurveID(65074) CurveP256] connIndex=0 event=0 ip=2606:4700:a8::3
2026-09-09T21:30:23Z ERR failed to run the datagram handler error="context canceled" connIndex=0 event=0 ip=2606:4700:a8::3
2026-09-09T21:30:23Z ERR failed to serve tunnel connection error="control stream encountered a failure while serving" connIndex=0 event=0 ip=2606:4700:a8::3
2026-09-09T21:30:23Z ERR Serve tunnel error error="control stream encountered a failure while serving" connIndex=0 event=0 ip=2606:4700:a8::3
2026-09-09T21:30:23Z INF Retrying connection in up to 1m4s connIndex=0 event=0 ip=2606:4700:a8::3
2026-09-09T21:30:40Z INF Tunnel connection curve preferences: [X25519MLKEM768 CurveID(65074) CurveP256] connIndex=0 event=0 ip=2606:4700:a8::3
2026-09-09T21:30:40Z ERR failed to run the datagram handler error="context canceled" connIndex=0 event=0 ip=2606:4700:a8::3
2026-09-09T21:30:40Z ERR failed to serve tunnel connection error="control stream encountered a failure while serving" connIndex=0 event=0 ip=2606:4700:a8::3
2026-09-09T21:30:40Z ERR Serve tunnel error error="control stream encountered a failure while serving" connIndex=0 event=0 ip=2606:4700:a8::3
2026-09-09T21:30:40Z INF Retrying connection in up to 1m4s connIndex=0 event=0 ip=2606:4700:a8::3
2026-09-09T21:30:53Z INF Tunnel connection curve preferences: [X25519MLKEM768 CurveID(65074) CurveP256] connIndex=0 event=0 ip=2606:4700:a8::3
2026-09-09T21:30:53Z ERR failed to run the datagram handler error="context canceled" connIndex=0 event=0 ip=2606:4700:a8::3
2026-09-09T21:30:53Z ERR failed to serve tunnel connection error="control stream encountered a failure while serving" connIndex=0 event=0 ip=2606:4700:a8::3
2026-09-09T21:30:53Z ERR Serve tunnel error error="control stream encountered a failure while serving" connIndex=0 event=0 ip=2606:4700:a8::3
2026-09-09T21:30:53Z INF Retrying connection in up to 1m4s connIndex=0 event=0 ip=2606:4700:a8::3
2026-09-09T21:31:12Z INF Tunnel connection curve preferences: [X25519MLKEM768 CurveID(65074) CurveP256] connIndex=0 event=0 ip=2606:4700:a8::3
2026-09-09T21:31:12Z ERR failed to run the datagram handler error="context canceled" connIndex=0 event=0 ip=2606:4700:a8::3
2026-09-09T21:31:12Z ERR failed to serve tunnel connection error="control stream encountered a failure while serving" connIndex=0 event=0 ip=2606:4700:a8::3
2026-09-09T21:31:12Z ERR Serve tunnel error error="control stream encountered a failure while serving" connIndex=0 event=0 ip=2606:4700:a8::3
2026-09-09T21:31:12Z INF Retrying connection in up to 1m4s connIndex=0 event=0 ip=2606:4700:a8::3
2026-09-09T21:31:32Z INF Tunnel connection curve preferences: [X25519MLKEM768 CurveID(65074) CurveP256] connIndex=0 event=0 ip=2606:4700:a8::3
2026-09-09T21:31:32Z ERR failed to run the datagram handler error="context canceled" connIndex=0 event=0 ip=2606:4700:a8::3
2026-09-09T21:31:32Z ERR failed to serve tunnel connection error="control stream encountered a failure while serving" connIndex=0 event=0 ip=2606:4700:a8::3
2026-09-09T21:31:32Z ERR Serve tunnel error error="control stream encountered a failure while serving" connIndex=0 event=0 ip=2606:4700:a8::3
2026-09-09T21:31:32Z INF Retrying connection in up to 1m4s connIndex=0 event=0 ip=2606:4700:a8::3
2026-09-09T21:31:37Z INF Tunnel connection curve preferences: [X25519MLKEM768 CurveID(65074) CurveP256] connIndex=0 event=0 ip=2606:4700:a8::3
2026-09-09T21:31:37Z ERR failed to run the datagram handler error="context canceled" connIndex=0 event=0 ip=2606:4700:a8::3
2026-09-09T21:31:37Z ERR failed to serve tunnel connection error="control stream encountered a failure while serving" connIndex=0 event=0 ip=2606:4700:a8::3
2026-09-09T21:31:37Z ERR Serve tunnel error error="control stream encountered a failure while serving" connIndex=0 event=0 ip=2606:4700:a8::3
2026-09-09T21:31:37Z INF Retrying connection in up to 1m4s connIndex=0 event=0 ip=2606:4700:a8::3
2026-09-09T21:31:39Z INF Tunnel connection curve preferences: [X25519MLKEM768 CurveID(65074) CurveP256] connIndex=0 event=0 ip=2606:4700:a8::3
2026-09-09T21:31:39Z ERR failed to run the datagram handler error="context canceled" connIndex=0 event=0 ip=2606:4700:a8::3
2026-09-09T21:31:39Z ERR failed to serve tunnel connection error="control stream encountered a failure while serving" connIndex=0 event=0 ip=2606:4700:a8::3
2026-09-09T21:31:39Z ERR Serve tunnel error error="control stream encountered a failure while serving" connIndex=0 event=0 ip=2606:4700:a8::3
2026-09-09T21:31:39Z INF Retrying connection in up to 1m4s connIndex=0 event=0 ip=2606:4700:a8::3
2026-09-09T21:31:41Z INF Tunnel connection curve preferences: [X25519MLKEM768 CurveID(65074) CurveP256] connIndex=0 event=0 ip=2606:4700:a8::3
2026-09-09T21:31:41Z ERR failed to run the datagram handler error="context canceled" connIndex=0 event=0 ip=2606:4700:a8::3
2026-09-09T21:31:41Z ERR failed to serve tunnel connection error="control stream encountered a failure while serving" connIndex=0 event=0 ip=2606:4700:a8::3
2026-09-09T21:31:41Z ERR Serve tunnel error error="control stream encountered a failure while serving" connIndex=0 event=0 ip=2606:4700:a8::3
2026-09-09T21:31:41Z INF Retrying connection in up to 1m4s connIndex=0 event=0 ip=2606:4700:a8::3
2026-09-09T21:32:12Z INF Tunnel connection curve preferences: [X25519MLKEM768 CurveID(65074) CurveP256] connIndex=0 event=0 ip=2606:4700:a8::3
2026-09-09T21:32:12Z ERR failed to run the datagram handler error="context canceled" connIndex=0 event=0 ip=2606:4700:a8::3
2026-09-09T21:32:12Z ERR failed to serve tunnel connection error="control stream encountered a failure while serving" connIndex=0 event=0 ip=2606:4700:a8::3
2026-09-09T21:32:12Z ERR Serve tunnel error error="control stream encountered a failure while serving" connIndex=0 event=0 ip=2606:4700:a8::3
2026-09-09T21:32:12Z INF Retrying connection in up to 1m4s connIndex=0 event=0 ip=2606:4700:a8::3
2026-09-09T21:32:42Z INF Tunnel connection curve preferences: [X25519MLKEM768 CurveID(65074) CurveP256] connIndex=0 event=0 ip=2606:4700:a8::3
2026-09-09T21:32:42Z ERR failed to run the datagram handler error="context canceled" connIndex=0 event=0 ip=2606:4700:a8::3
2026-09-09T21:32:42Z ERR failed to serve tunnel connection error="control stream encountered a failure while serving" connIndex=0 event=0 ip=2606:4700:a8::3
2026-09-09T21:32:42Z ERR Serve tunnel error error="control stream encountered a failure while serving" connIndex=0 event=0 ip=2606:4700:a8::3
2026-09-09T21:32:42Z INF Retrying connection in up to 1m4s connIndex=0 event=0 ip=2606:4700:a8::3
2026-09-09T21:33:02Z INF Tunnel connection curve preferences: [X25519MLKEM768 CurveID(65074) CurveP256] connIndex=0 event=0 ip=2606:4700:a8::3
2026-09-09T21:33:02Z ERR failed to run the datagram handler error="context canceled" connIndex=0 event=0 ip=2606:4700:a8::3
2026-09-09T21:33:02Z ERR failed to serve tunnel connection error="control stream encountered a failure while serving" connIndex=0 event=0 ip=2606:4700:a8::3
2026-09-09T21:33:02Z ERR Serve tunnel error error="control stream encountered a failure while serving" connIndex=0 event=0 ip=2606:4700:a8::3
2026-09-09T21:33:02Z INF Retrying connection in up to 1m4s connIndex=0 event=0 ip=2606:4700:a8::3
2026-09-09T21:33:15Z INF Tunnel connection curve preferences: [X25519MLKEM768 CurveID(65074) CurveP256] connIndex=0 event=0 ip=2606:4700:a8::3
2026-09-09T21:33:15Z ERR failed to run the datagram handler error="context canceled" connIndex=0 event=0 ip=2606:4700:a8::3
2026-09-09T21:33:15Z ERR failed to serve tunnel connection error="control stream encountered a failure while serving" connIndex=0 event=0 ip=2606:4700:a8::3
2026-09-09T21:33:15Z ERR Serve tunnel error error="control stream encountered a failure while serving" connIndex=0 event=0 ip=2606:4700:a8::3
2026-09-09T21:33:15Z INF Retrying connection in up to 1m4s connIndex=0 event=0 ip=2606:4700:a8::3
2026-09-09T21:33:27Z INF Tunnel connection curve preferences: [X25519MLKEM768 CurveID(65074) CurveP256] connIndex=0 event=0 ip=2606:4700:a8::3
2026-09-09T21:33:27Z ERR failed to run the datagram handler error="context canceled" connIndex=0 event=0 ip=2606:4700:a8::3
2026-09-09T21:33:27Z ERR failed to serve tunnel connection error="control stream encountered a failure while serving" connIndex=0 event=0 ip=2606:4700:a8::3
2026-09-09T21:33:27Z ERR Serve tunnel error error="control stream encountered a failure while serving" connIndex=0 event=0 ip=2606:4700:a8::3
2026-09-09T21:33:27Z INF Retrying connection in up to 1m4s connIndex=0 event=0 ip=2606:4700:a8::3
2026-09-09T21:33:53Z INF Tunnel connection curve preferences: [X25519MLKEM768 CurveID(65074) CurveP256] connIndex=0 event=0 ip=2606:4700:a8::3
2026-09-09T21:33:53Z ERR failed to run the datagram handler error="context canceled" connIndex=0 event=0 ip=2606:4700:a8::3
2026-09-09T21:33:53Z ERR failed to serve tunnel connection error="control stream encountered a failure while serving" connIndex=0 event=0 ip=2606:4700:a8::3
2026-09-09T21:33:53Z ERR Serve tunnel error error="control stream encountered a failure while serving" connIndex=0 event=0 ip=2606:4700:a8::3
2026-09-09T21:33:53Z INF Retrying connection in up to 1m4s connIndex=0 event=0 ip=2606:4700:a8::3
2026-09-09T21:34:18Z INF Tunnel connection curve preferences: [X25519MLKEM768 CurveID(65074) CurveP256] connIndex=0 event=0 ip=2606:4700:a8::3
2026-09-09T21:34:18Z ERR failed to run the datagram handler error="context canceled" connIndex=0 event=0 ip=2606:4700:a8::3
2026-09-09T21:34:18Z ERR failed to serve tunnel connection error="control stream encountered a failure while serving" connIndex=0 event=0 ip=2606:4700:a8::3
2026-09-09T21:34:18Z ERR Serve tunnel error error="control stream encountered a failure while serving" connIndex=0 event=0 ip=2606:4700:a8::3
2026-09-09T21:34:18Z INF Retrying connection in up to 1m4s connIndex=0 event=0 ip=2606:4700:a8::3
2026-09-09T21:34:37Z INF Tunnel connection curve preferences: [X25519MLKEM768 CurveID(65074) CurveP256] connIndex=0 event=0 ip=2606:4700:a8::3
2026-09-09T21:34:37Z ERR failed to run the datagram handler error="context canceled" connIndex=0 event=0 ip=2606:4700:a8::3
2026-09-09T21:34:37Z ERR failed to serve tunnel connection error="control stream encountered a failure while serving" connIndex=0 event=0 ip=2606:4700:a8::3
2026-09-09T21:34:37Z ERR Serve tunnel error error="control stream encountered a failure while serving" connIndex=0 event=0 ip=2606:4700:a8::3
2026-09-09T21:34:37Z INF Retrying connection in up to 1m4s connIndex=0 event=0 ip=2606:4700:a8::3
2026-09-09T21:47:18Z INF Tunnel connection curve preferences: [X25519MLKEM768 CurveID(65074) CurveP256] connIndex=0 event=0 ip=2606:4700:a8::3
2026-09-09T21:47:18Z ERR failed to run the datagram handler error="context canceled" connIndex=0 event=0 ip=2606:4700:a8::3
2026-09-09T21:47:18Z ERR failed to serve tunnel connection error="control stream encountered a failure while serving" connIndex=0 event=0 ip=2606:4700:a8::3
2026-09-09T21:47:18Z ERR Serve tunnel error error="control stream encountered a failure while serving" connIndex=0 event=0 ip=2606:4700:a8::3
2026-09-09T21:47:18Z INF Retrying connection in up to 1m4s connIndex=0 event=0 ip=2606:4700:a8::3
2026-09-09T21:47:36Z INF Tunnel connection curve preferences: [X25519MLKEM768 CurveID(65074) CurveP256] connIndex=0 event=0 ip=2606:4700:a8::3
2026-09-09T21:47:36Z ERR failed to run the datagram handler error="context canceled" connIndex=0 event=0 ip=2606:4700:a8::3
2026-09-09T21:47:36Z ERR failed to serve tunnel connection error="control stream encountered a failure while serving" connIndex=0 event=0 ip=2606:4700:a8::3
2026-09-09T21:47:36Z ERR Serve tunnel error error="control stream encountered a failure while serving" connIndex=0 event=0 ip=2606:4700:a8::3
2026-09-09T21:47:36Z INF Retrying connection in up to 1m4s connIndex=0 event=0 ip=2606:4700:a8::3
2026-09-09T21:48:01Z INF Tunnel connection curve preferences: [X25519MLKEM768 CurveID(65074) CurveP256] connIndex=0 event=0 ip=2606:4700:a8::3
2026-09-09T21:48:01Z ERR failed to run the datagram handler error="context canceled" connIndex=0 event=0 ip=2606:4700:a8::3
2026-09-09T21:48:01Z ERR failed to serve tunnel connection error="control stream encountered a failure while serving" connIndex=0 event=0 ip=2606:4700:a8::3
2026-09-09T21:48:01Z ERR Serve tunnel error error="control stream encountered a failure while serving" connIndex=0 event=0 ip=2606:4700:a8::3
2026-09-09T21:48:01Z INF Retrying connection in up to 1m4s connIndex=0 event=0 ip=2606:4700:a8::3
2026-09-09T21:48:12Z INF Tunnel connection curve preferences: [X25519MLKEM768 CurveID(65074) CurveP256] connIndex=0 event=0 ip=2606:4700:a8::3
2026-09-09T21:48:12Z ERR failed to run the datagram handler error="context canceled" connIndex=0 event=0 ip=2606:4700:a8::3
2026-09-09T21:48:12Z ERR failed to serve tunnel connection error="control stream encountered a failure while serving" connIndex=0 event=0 ip=2606:4700:a8::3
2026-09-09T21:48:12Z ERR Serve tunnel error error="control stream encountered a failure while serving" connIndex=0 event=0 ip=2606:4700:a8::3
2026-09-09T21:48:12Z INF Retrying connection in up to 1m4s connIndex=0 event=0 ip=2606:4700:a8::3
2026-09-09T21:48:28Z INF Tunnel connection curve preferences: [X25519MLKEM768 CurveID(65074) CurveP256] connIndex=0 event=0 ip=2606:4700:a8::3
2026-09-09T21:48:28Z ERR failed to run the datagram handler error="context canceled" connIndex=0 event=0 ip=2606:4700:a8::3
2026-09-09T21:48:28Z ERR failed to serve tunnel connection error="control stream encountered a failure while serving" connIndex=0 event=0 ip=2606:4700:a8::3
2026-09-09T21:48:28Z ERR Serve tunnel error error="control stream encountered a failure while serving" connIndex=0 event=0 ip=2606:4700:a8::3
2026-09-09T21:48:28Z INF Retrying connection in up to 1m4s connIndex=0 event=0 ip=2606:4700:a8::3
2026-09-09T21:48:36Z INF Tunnel connection curve preferences: [X25519MLKEM768 CurveID(65074) CurveP256] connIndex=0 event=0 ip=2606:4700:a8::3
2026-09-09T21:48:36Z ERR failed to run the datagram handler error="context canceled" connIndex=0 event=0 ip=2606:4700:a8::3
2026-09-09T21:48:36Z ERR failed to serve tunnel connection error="control stream encountered a failure while serving" connIndex=0 event=0 ip=2606:4700:a8::3
2026-09-09T21:48:36Z ERR Serve tunnel error error="control stream encountered a failure while serving" connIndex=0 event=0 ip=2606:4700:a8::3
2026-09-09T21:48:36Z INF Retrying connection in up to 1m4s connIndex=0 event=0 ip=2606:4700:a8::3
2026-09-09T21:48:56Z INF Tunnel connection curve preferences: [X25519MLKEM768 CurveID(65074) CurveP256] connIndex=0 event=0 ip=2606:4700:a8::3
2026-09-09T21:48:56Z ERR failed to run the datagram handler error="context canceled" connIndex=0 event=0 ip=2606:4700:a8::3
2026-09-09T21:48:56Z ERR failed to serve tunnel connection error="control stream encountered a failure while serving" connIndex=0 event=0 ip=2606:4700:a8::3
2026-09-09T21:48:56Z ERR Serve tunnel error error="control stream encountered a failure while serving" connIndex=0 event=0 ip=2606:4700:a8::3
2026-09-09T21:48:56Z INF Retrying connection in up to 1m4s connIndex=0 event=0 ip=2606:4700:a8::3
2026-09-09T21:48:59Z INF Tunnel connection curve preferences: [X25519MLKEM768 CurveID(65074) CurveP256] connIndex=0 event=0 ip=2606:4700:a8::3
2026-09-09T21:48:59Z ERR failed to run the datagram handler error="context canceled" connIndex=0 event=0 ip=2606:4700:a8::3
2026-09-09T21:48:59Z ERR failed to serve tunnel connection error="control stream encountered a failure while serving" connIndex=0 event=0 ip=2606:4700:a8::3
2026-09-09T21:48:59Z ERR Serve tunnel error error="control stream encountered a failure while serving" connIndex=0 event=0 ip=2606:4700:a8::3
2026-09-09T21:48:59Z INF Retrying connection in up to 1m4s connIndex=0 event=0 ip=2606:4700:a8::3
2026-09-09T21:49:01Z INF Tunnel connection curve preferences: [X25519MLKEM768 CurveID(65074) CurveP256] connIndex=0 event=0 ip=2606:4700:a8::3
2026-09-09T21:49:02Z ERR failed to run the datagram handler error="context canceled" connIndex=0 event=0 ip=2606:4700:a8::3
2026-09-09T21:49:02Z ERR failed to serve tunnel connection error="control stream encountered a failure while serving" connIndex=0 event=0 ip=2606:4700:a8::3
2026-09-09T21:49:02Z ERR Serve tunnel error error="control stream encountered a failure while serving" connIndex=0 event=0 ip=2606:4700:a8::3
2026-09-09T21:49:02Z INF Retrying connection in up to 1m4s connIndex=0 event=0 ip=2606:4700:a8::3
2026-09-09T21:49:28Z INF Tunnel connection curve preferences: [X25519MLKEM768 CurveID(65074) CurveP256] connIndex=0 event=0 ip=2606:4700:a8::3
2026-09-09T21:49:28Z ERR failed to run the datagram handler error="context canceled" connIndex=0 event=0 ip=2606:4700:a8::3
2026-09-09T21:49:28Z ERR failed to serve tunnel connection error="control stream encountered a failure while serving" connIndex=0 event=0 ip=2606:4700:a8::3
2026-09-09T21:49:28Z ERR Serve tunnel error error="control stream encountered a failure while serving" connIndex=0 event=0 ip=2606:4700:a8::3
2026-09-09T21:49:28Z INF Retrying connection in up to 1m4s connIndex=0 event=0 ip=2606:4700:a8::3
2026-09-09T21:49:46Z INF Tunnel connection curve preferences: [X25519MLKEM768 CurveID(65074) CurveP256] connIndex=0 event=0 ip=2606:4700:a8::3
2026-09-09T21:49:46Z ERR failed to run the datagram handler error="context canceled" connIndex=0 event=0 ip=2606:4700:a8::3
2026-09-09T21:49:46Z ERR failed to serve tunnel connection error="control stream encountered a failure while serving" connIndex=0 event=0 ip=2606:4700:a8::3
2026-09-09T21:49:46Z ERR Serve tunnel error error="control stream encountered a failure while serving" connIndex=0 event=0 ip=2606:4700:a8::3
2026-09-09T21:49:46Z INF Retrying connection in up to 1m4s connIndex=0 event=0 ip=2606:4700:a8::3
2026-09-09T21:50:02Z INF Tunnel connection curve preferences: [X25519MLKEM768 CurveID(65074) CurveP256] connIndex=0 event=0 ip=2606:4700:a8::3
2026-09-09T21:50:02Z ERR failed to run the datagram handler error="context canceled" connIndex=0 event=0 ip=2606:4700:a8::3
2026-09-09T21:50:02Z ERR failed to serve tunnel connection error="control stream encountered a failure while serving" connIndex=0 event=0 ip=2606:4700:a8::3
2026-09-09T21:50:02Z ERR Serve tunnel error error="control stream encountered a failure while serving" connIndex=0 event=0 ip=2606:4700:a8::3
2026-09-09T21:50:02Z INF Retrying connection in up to 1m4s connIndex=0 event=0 ip=2606:4700:a8::3
2026-09-09T21:50:16Z INF Tunnel connection curve preferences: [X25519MLKEM768 CurveID(65074) CurveP256] connIndex=0 event=0 ip=2606:4700:a8::3
2026-09-09T21:50:16Z ERR failed to run the datagram handler error="context canceled" connIndex=0 event=0 ip=2606:4700:a8::3
2026-09-09T21:50:16Z ERR failed to serve tunnel connection error="control stream encountered a failure while serving" connIndex=0 event=0 ip=2606:4700:a8::3
2026-09-09T21:50:16Z ERR Serve tunnel error error="control stream encountered a failure while serving" connIndex=0 event=0 ip=2606:4700:a8::3
2026-09-09T21:50:16Z INF Retrying connection in up to 1m4s connIndex=0 event=0 ip=2606:4700:a8::3
2026-09-09T21:50:44Z INF Tunnel connection curve preferences: [X25519MLKEM768 CurveID(65074) CurveP256] connIndex=0 event=0 ip=2606:4700:a8::3
2026-09-09T21:50:44Z ERR failed to run the datagram handler error="context canceled" connIndex=0 event=0 ip=2606:4700:a8::3
2026-09-09T21:50:44Z ERR failed to serve tunnel connection error="control stream encountered a failure while serving" connIndex=0 event=0 ip=2606:4700:a8::3
2026-09-09T21:50:44Z ERR Serve tunnel error error="control stream encountered a failure while serving" connIndex=0 event=0 ip=2606:4700:a8::3
2026-09-09T21:50:44Z INF Retrying connection in up to 1m4s connIndex=0 event=0 ip=2606:4700:a8::3
2026-09-09T21:57:45Z INF Tunnel connection curve preferences: [X25519MLKEM768 CurveID(65074) CurveP256] connIndex=0 event=0 ip=2606:4700:a8::3
2026-09-09T21:57:45Z ERR failed to run the datagram handler error="context canceled" connIndex=0 event=0 ip=2606:4700:a8::3
2026-09-09T21:57:45Z ERR failed to serve tunnel connection error="control stream encountered a failure while serving" connIndex=0 event=0 ip=2606:4700:a8::3
2026-09-09T21:57:45Z ERR Serve tunnel error error="control stream encountered a failure while serving" connIndex=0 event=0 ip=2606:4700:a8::3
2026-09-09T21:57:45Z INF Retrying connection in up to 1m4s connIndex=0 event=0 ip=2606:4700:a8::3
2026-09-09T22:19:29Z INF Tunnel connection curve preferences: [X25519MLKEM768 CurveID(65074) CurveP256] connIndex=0 event=0 ip=2606:4700:a8::3
2026-09-09T22:19:29Z ERR failed to run the datagram handler error="context canceled" connIndex=0 event=0 ip=2606:4700:a8::3
2026-09-09T22:19:29Z ERR failed to serve tunnel connection error="control stream encountered a failure while serving" connIndex=0 event=0 ip=2606:4700:a8::3
2026-09-09T22:19:29Z ERR Serve tunnel error error="control stream encountered a failure while serving" connIndex=0 event=0 ip=2606:4700:a8::3
2026-09-09T22:19:29Z INF Retrying connection in up to 1m4s connIndex=0 event=0 ip=2606:4700:a8::3
2026-09-09T22:19:45Z INF Tunnel connection curve preferences: [X25519MLKEM768 CurveID(65074) CurveP256] connIndex=0 event=0 ip=2606:4700:a8::3
2026-09-09T22:19:45Z ERR failed to run the datagram handler error="context canceled" connIndex=0 event=0 ip=2606:4700:a8::3
2026-09-09T22:19:45Z ERR failed to serve tunnel connection error="control stream encountered a failure while serving" connIndex=0 event=0 ip=2606:4700:a8::3
2026-09-09T22:19:45Z ERR Serve tunnel error error="control stream encountered a failure while serving" connIndex=0 event=0 ip=2606:4700:a8::3
2026-09-09T22:19:45Z INF Retrying connection in up to 1m4s connIndex=0 event=0 ip=2606:4700:a8::3
2026-09-09T22:20:02Z INF Tunnel connection curve preferences: [X25519MLKEM768 CurveID(65074) CurveP256] connIndex=0 event=0 ip=2606:4700:a8::3
2026-09-09T22:20:02Z ERR failed to run the datagram handler error="context canceled" connIndex=0 event=0 ip=2606:4700:a8::3
2026-09-09T22:20:02Z ERR failed to serve tunnel connection error="control stream encountered a failure while serving" connIndex=0 event=0 ip=2606:4700:a8::3
2026-09-09T22:20:02Z ERR Serve tunnel error error="control stream encountered a failure while serving" connIndex=0 event=0 ip=2606:4700:a8::3
2026-09-09T22:20:02Z INF Retrying connection in up to 1m4s connIndex=0 event=0 ip=2606:4700:a8::3
2026-09-09T22:20:25Z INF Tunnel connection curve preferences: [X25519MLKEM768 CurveID(65074) CurveP256] connIndex=0 event=0 ip=2606:4700:a8::3
2026-09-09T22:20:25Z ERR failed to run the datagram handler error="context canceled" connIndex=0 event=0 ip=2606:4700:a8::3
2026-09-09T22:20:25Z ERR failed to serve tunnel connection error="control stream encountered a failure while serving" connIndex=0 event=0 ip=2606:4700:a8::3
2026-09-09T22:20:25Z ERR Serve tunnel error error="control stream encountered a failure while serving" connIndex=0 event=0 ip=2606:4700:a8::3
2026-09-09T22:20:25Z INF Retrying connection in up to 1m4s connIndex=0 event=0 ip=2606:4700:a8::3
2026-09-09T22:20:57Z INF Tunnel connection curve preferences: [X25519MLKEM768 CurveID(65074) CurveP256] connIndex=0 event=0 ip=2606:4700:a8::3
2026-09-09T22:20:57Z ERR failed to run the datagram handler error="context canceled" connIndex=0 event=0 ip=2606:4700:a8::3
2026-09-09T22:20:57Z ERR failed to serve tunnel connection error="control stream encountered a failure while serving" connIndex=0 event=0 ip=2606:4700:a8::3
2026-09-09T22:20:57Z ERR Serve tunnel error error="control stream encountered a failure while serving" connIndex=0 event=0 ip=2606:4700:a8::3
2026-09-09T22:20:57Z INF Retrying connection in up to 1m4s connIndex=0 event=0 ip=2606:4700:a8::3
2026-09-09T22:21:26Z INF Tunnel connection curve preferences: [X25519MLKEM768 CurveID(65074) CurveP256] connIndex=0 event=0 ip=2606:4700:a8::3
2026-09-09T22:21:27Z ERR failed to run the datagram handler error="context canceled" connIndex=0 event=0 ip=2606:4700:a8::3
2026-09-09T22:21:27Z ERR failed to serve tunnel connection error="control stream encountered a failure while serving" connIndex=0 event=0 ip=2606:4700:a8::3
2026-09-09T22:21:27Z ERR Serve tunnel error error="control stream encountered a failure while serving" connIndex=0 event=0 ip=2606:4700:a8::3
2026-09-09T22:21:27Z INF Retrying connection in up to 1m4s connIndex=0 event=0 ip=2606:4700:a8::3
2026-09-09T22:21:45Z INF Tunnel connection curve preferences: [X25519MLKEM768 CurveID(65074) CurveP256] connIndex=0 event=0 ip=2606:4700:a8::3
2026-09-09T22:21:45Z ERR failed to run the datagram handler error="context canceled" connIndex=0 event=0 ip=2606:4700:a8::3
2026-09-09T22:21:45Z ERR failed to serve tunnel connection error="control stream encountered a failure while serving" connIndex=0 event=0 ip=2606:4700:a8::3
2026-09-09T22:21:45Z ERR Serve tunnel error error="control stream encountered a failure while serving" connIndex=0 event=0 ip=2606:4700:a8::3
2026-09-09T22:21:45Z INF Retrying connection in up to 1m4s connIndex=0 event=0 ip=2606:4700:a8::3
2026-09-09T22:21:46Z INF Tunnel connection curve preferences: [X25519MLKEM768 CurveID(65074) CurveP256] connIndex=0 event=0 ip=2606:4700:a8::3
2026-09-09T22:21:46Z ERR failed to run the datagram handler error="context canceled" connIndex=0 event=0 ip=2606:4700:a8::3
2026-09-09T22:21:46Z ERR failed to serve tunnel connection error="control stream encountered a failure while serving" connIndex=0 event=0 ip=2606:4700:a8::3
2026-09-09T22:21:46Z ERR Serve tunnel error error="control stream encountered a failure while serving" connIndex=0 event=0 ip=2606:4700:a8::3
2026-09-09T22:21:46Z INF Retrying connection in up to 1m4s connIndex=0 event=0 ip=2606:4700:a8::3
2026-09-09T22:22:00Z INF Tunnel connection curve preferences: [X25519MLKEM768 CurveID(65074) CurveP256] connIndex=0 event=0 ip=2606:4700:a8::3
2026-09-09T22:22:00Z ERR failed to run the datagram handler error="context canceled" connIndex=0 event=0 ip=2606:4700:a8::3
2026-09-09T22:22:00Z ERR failed to serve tunnel connection error="control stream encountered a failure while serving" connIndex=0 event=0 ip=2606:4700:a8::3
2026-09-09T22:22:00Z ERR Serve tunnel error error="control stream encountered a failure while serving" connIndex=0 event=0 ip=2606:4700:a8::3
2026-09-09T22:22:00Z INF Retrying connection in up to 1m4s connIndex=0 event=0 ip=2606:4700:a8::3
2026-09-09T22:22:17Z INF Tunnel connection curve preferences: [X25519MLKEM768 CurveID(65074) CurveP256] connIndex=0 event=0 ip=2606:4700:a8::3
2026-09-09T22:22:17Z ERR failed to run the datagram handler error="context canceled" connIndex=0 event=0 ip=2606:4700:a8::3
2026-09-09T22:22:17Z ERR failed to serve tunnel connection error="control stream encountered a failure while serving" connIndex=0 event=0 ip=2606:4700:a8::3
2026-09-09T22:22:17Z ERR Serve tunnel error error="control stream encountered a failure while serving" connIndex=0 event=0 ip=2606:4700:a8::3
2026-09-09T22:22:17Z INF Retrying connection in up to 1m4s connIndex=0 event=0 ip=2606:4700:a8::3
2026-09-09T22:22:25Z INF Tunnel connection curve preferences: [X25519MLKEM768 CurveID(65074) CurveP256] connIndex=0 event=0 ip=2606:4700:a8::3
2026-09-09T22:22:26Z ERR failed to run the datagram handler error="context canceled" connIndex=0 event=0 ip=2606:4700:a8::3
2026-09-09T22:22:26Z ERR failed to serve tunnel connection error="control stream encountered a failure while serving" connIndex=0 event=0 ip=2606:4700:a8::3
2026-09-09T22:22:26Z ERR Serve tunnel error error="control stream encountered a failure while serving" connIndex=0 event=0 ip=2606:4700:a8::3
2026-09-09T22:22:26Z INF Retrying connection in up to 1m4s connIndex=0 event=0 ip=2606:4700:a8::3
2026-09-09T22:22:44Z INF Tunnel connection curve preferences: [X25519MLKEM768 CurveID(65074) CurveP256] connIndex=0 event=0 ip=2606:4700:a8::3
2026-09-09T22:22:44Z ERR failed to run the datagram handler error="context canceled" connIndex=0 event=0 ip=2606:4700:a8::3
2026-09-09T22:22:44Z ERR failed to serve tunnel connection error="control stream encountered a failure while serving" connIndex=0 event=0 ip=2606:4700:a8::3
2026-09-09T22:22:44Z ERR Serve tunnel error error="control stream encountered a failure while serving" connIndex=0 event=0 ip=2606:4700:a8::3
2026-09-09T22:22:44Z INF Retrying connection in up to 1m4s connIndex=0 event=0 ip=2606:4700:a8::3
2026-09-09T22:22:54Z INF Tunnel connection curve preferences: [X25519MLKEM768 CurveID(65074) CurveP256] connIndex=0 event=0 ip=2606:4700:a8::3
2026-09-09T22:22:54Z ERR failed to run the datagram handler error="context canceled" connIndex=0 event=0 ip=2606:4700:a8::3
2026-09-09T22:22:54Z ERR failed to serve tunnel connection error="control stream encountered a failure while serving" connIndex=0 event=0 ip=2606:4700:a8::3
2026-09-09T22:22:54Z ERR Serve tunnel error error="control stream encountered a failure while serving" connIndex=0 event=0 ip=2606:4700:a8::3
2026-09-09T22:22:54Z INF Retrying connection in up to 1m4s connIndex=0 event=0 ip=2606:4700:a8::3
2026-09-09T22:23:20Z INF Tunnel connection curve preferences: [X25519MLKEM768 CurveID(65074) CurveP256] connIndex=0 event=0 ip=2606:4700:a8::3
2026-09-09T22:23:20Z ERR failed to run the datagram handler error="context canceled" connIndex=0 event=0 ip=2606:4700:a8::3
2026-09-09T22:23:20Z ERR failed to serve tunnel connection error="control stream encountered a failure while serving" connIndex=0 event=0 ip=2606:4700:a8::3
2026-09-09T22:23:20Z ERR Serve tunnel error error="control stream encountered a failure while serving" connIndex=0 event=0 ip=2606:4700:a8::3
2026-09-09T22:23:20Z INF Retrying connection in up to 1m4s connIndex=0 event=0 ip=2606:4700:a8::3
2026-09-09T22:23:44Z INF Tunnel connection curve preferences: [X25519MLKEM768 CurveID(65074) CurveP256] connIndex=0 event=0 ip=2606:4700:a8::3
2026-09-09T22:23:44Z ERR failed to run the datagram handler error="context canceled" connIndex=0 event=0 ip=2606:4700:a8::3
2026-09-09T22:23:44Z ERR failed to serve tunnel connection error="control stream encountered a failure while serving" connIndex=0 event=0 ip=2606:4700:a8::3
2026-09-09T22:23:44Z ERR Serve tunnel error error="control stream encountered a failure while serving" connIndex=0 event=0 ip=2606:4700:a8::3
2026-09-09T22:23:44Z INF Retrying connection in up to 1m4s connIndex=0 event=0 ip=2606:4700:a8::3
2026-09-09T22:24:01Z INF Tunnel connection curve preferences: [X25519MLKEM768 CurveID(65074) CurveP256] connIndex=0 event=0 ip=2606:4700:a8::3
2026-09-09T22:24:01Z ERR failed to run the datagram handler error="context canceled" connIndex=0 event=0 ip=2606:4700:a8::3
2026-09-09T22:24:01Z ERR failed to serve tunnel connection error="control stream encountered a failure while serving" connIndex=0 event=0 ip=2606:4700:a8::3
2026-09-09T22:24:01Z ERR Serve tunnel error error="control stream encountered a failure while serving" connIndex=0 event=0 ip=2606:4700:a8::3
2026-09-09T22:24:01Z INF Retrying connection in up to 1m4s connIndex=0 event=0 ip=2606:4700:a8::3
2026-09-09T22:24:07Z INF Tunnel connection curve preferences: [X25519MLKEM768 CurveID(65074) CurveP256] connIndex=0 event=0 ip=2606:4700:a8::3
2026-09-09T22:24:07Z ERR failed to run the datagram handler error="context canceled" connIndex=0 event=0 ip=2606:4700:a8::3
2026-09-09T22:24:07Z ERR failed to serve tunnel connection error="control stream encountered a failure while serving" connIndex=0 event=0 ip=2606:4700:a8::3
2026-09-09T22:24:07Z ERR Serve tunnel error error="control stream encountered a failure while serving" connIndex=0 event=0 ip=2606:4700:a8::3
2026-09-09T22:24:07Z INF Retrying connection in up to 1m4s connIndex=0 event=0 ip=2606:4700:a8::3
2026-09-09T22:24:35Z INF Tunnel connection curve preferences: [X25519MLKEM768 CurveID(65074) CurveP256] connIndex=0 event=0 ip=2606:4700:a8::3
2026-09-09T22:24:35Z ERR failed to run the datagram handler error="context canceled" connIndex=0 event=0 ip=2606:4700:a8::3
2026-09-09T22:24:35Z ERR failed to serve tunnel connection error="control stream encountered a failure while serving" connIndex=0 event=0 ip=2606:4700:a8::3
2026-09-09T22:24:35Z ERR Serve tunnel error error="control stream encountered a failure while serving" connIndex=0 event=0 ip=2606:4700:a8::3
2026-09-09T22:24:35Z INF Retrying connection in up to 1m4s connIndex=0 event=0 ip=2606:4700:a8::3
2026-09-09T22:24:36Z INF Tunnel connection curve preferences: [X25519MLKEM768 CurveID(65074) CurveP256] connIndex=0 event=0 ip=2606:4700:a8::3
2026-09-09T22:24:36Z ERR failed to run the datagram handler error="context canceled" connIndex=0 event=0 ip=2606:4700:a8::3
2026-09-09T22:24:36Z ERR failed to serve tunnel connection error="control stream encountered a failure while serving" connIndex=0 event=0 ip=2606:4700:a8::3
2026-09-09T22:24:36Z ERR Serve tunnel error error="control stream encountered a failure while serving" connIndex=0 event=0 ip=2606:4700:a8::3
2026-09-09T22:24:36Z INF Retrying connection in up to 1m4s connIndex=0 event=0 ip=2606:4700:a8::3
2026-09-09T22:24:46Z INF Tunnel connection curve preferences: [X25519MLKEM768 CurveID(65074) CurveP256] connIndex=0 event=0 ip=2606:4700:a8::3
2026-09-09T22:24:46Z ERR failed to run the datagram handler error="context canceled" connIndex=0 event=0 ip=2606:4700:a8::3
2026-09-09T22:24:46Z ERR failed to serve tunnel connection error="control stream encountered a failure while serving" connIndex=0 event=0 ip=2606:4700:a8::3
2026-09-09T22:24:46Z ERR Serve tunnel error error="control stream encountered a failure while serving" connIndex=0 event=0 ip=2606:4700:a8::3
2026-09-09T22:24:46Z INF Retrying connection in up to 1m4s connIndex=0 event=0 ip=2606:4700:a8::3
2026-09-09T22:24:59Z INF Tunnel connection curve preferences: [X25519MLKEM768 CurveID(65074) CurveP256] connIndex=0 event=0 ip=2606:4700:a8::3
2026-09-09T22:24:59Z ERR failed to run the datagram handler error="context canceled" connIndex=0 event=0 ip=2606:4700:a8::3
2026-09-09T22:24:59Z ERR failed to serve tunnel connection error="control stream encountered a failure while serving" connIndex=0 event=0 ip=2606:4700:a8::3
2026-09-09T22:24:59Z ERR Serve tunnel error error="control stream encountered a failure while serving" connIndex=0 event=0 ip=2606:4700:a8::3
2026-09-09T22:24:59Z INF Retrying connection in up to 1m4s connIndex=0 event=0 ip=2606:4700:a8::3
2026-09-09T22:25:31Z INF Tunnel connection curve preferences: [X25519MLKEM768 CurveID(65074) CurveP256] connIndex=0 event=0 ip=2606:4700:a8::3
2026-09-09T22:25:31Z ERR failed to run the datagram handler error="context canceled" connIndex=0 event=0 ip=2606:4700:a8::3
2026-09-09T22:25:31Z ERR failed to serve tunnel connection error="control stream encountered a failure while serving" connIndex=0 event=0 ip=2606:4700:a8::3
2026-09-09T22:25:31Z ERR Serve tunnel error error="control stream encountered a failure while serving" connIndex=0 event=0 ip=2606:4700:a8::3
2026-09-09T22:25:31Z INF Retrying connection in up to 1m4s connIndex=0 event=0 ip=2606:4700:a8::3
2026-09-09T22:26:00Z INF Tunnel connection curve preferences: [X25519MLKEM768 CurveID(65074) CurveP256] connIndex=0 event=0 ip=2606:4700:a8::3
2026-09-09T22:26:00Z ERR failed to run the datagram handler error="context canceled" connIndex=0 event=0 ip=2606:4700:a8::3
2026-09-09T22:26:00Z ERR failed to serve tunnel connection error="control stream encountered a failure while serving" connIndex=0 event=0 ip=2606:4700:a8::3
2026-09-09T22:26:00Z ERR Serve tunnel error error="control stream encountered a failure while serving" connIndex=0 event=0 ip=2606:4700:a8::3
2026-09-09T22:26:00Z INF Retrying connection in up to 1m4s connIndex=0 event=0 ip=2606:4700:a8::3
2026-09-09T22:26:36Z INF Tunnel connection curve preferences: [X25519MLKEM768 CurveID(65074) CurveP256] connIndex=0 event=0 ip=2606:4700:a8::3
2026-09-09T22:26:36Z ERR failed to run the datagram handler error="context canceled" connIndex=0 event=0 ip=2606:4700:a8::3
2026-09-09T22:26:36Z ERR failed to serve tunnel connection error="control stream encountered a failure while serving" connIndex=0 event=0 ip=2606:4700:a8::3
2026-09-09T22:26:36Z ERR Serve tunnel error error="control stream encountered a failure while serving" connIndex=0 event=0 ip=2606:4700:a8::3
2026-09-09T22:26:36Z INF Retrying connection in up to 1m4s connIndex=0 event=0 ip=2606:4700:a8::3
2026-09-09T22:26:46Z INF Tunnel connection curve preferences: [X25519MLKEM768 CurveID(65074) CurveP256] connIndex=0 event=0 ip=2606:4700:a8::3
2026-09-09T22:26:46Z ERR failed to run the datagram handler error="context canceled" connIndex=0 event=0 ip=2606:4700:a8::3
2026-09-09T22:26:46Z ERR failed to serve tunnel connection error="control stream encountered a failure while serving" connIndex=0 event=0 ip=2606:4700:a8::3
2026-09-09T22:26:46Z ERR Serve tunnel error error="control stream encountered a failure while serving" connIndex=0 event=0 ip=2606:4700:a8::3
2026-09-09T22:26:46Z INF Retrying connection in up to 1m4s connIndex=0 event=0 ip=2606:4700:a8::3
2026-09-09T22:26:53Z INF Tunnel connection curve preferences: [X25519MLKEM768 CurveID(65074) CurveP256] connIndex=0 event=0 ip=2606:4700:a8::3
2026-09-09T22:26:53Z ERR failed to run the datagram handler error="context canceled" connIndex=0 event=0 ip=2606:4700:a8::3
2026-09-09T22:26:53Z ERR failed to serve tunnel connection error="control stream encountered a failure while serving" connIndex=0 event=0 ip=2606:4700:a8::3
2026-09-09T22:26:53Z ERR Serve tunnel error error="control stream encountered a failure while serving" connIndex=0 event=0 ip=2606:4700:a8::3
2026-09-09T22:26:53Z INF Retrying connection in up to 1m4s connIndex=0 event=0 ip=2606:4700:a8::3
2026-09-09T22:27:08Z INF Tunnel connection curve preferences: [X25519MLKEM768 CurveID(65074) CurveP256] connIndex=0 event=0 ip=2606:4700:a8::3
2026-09-09T22:27:08Z ERR failed to run the datagram handler error="context canceled" connIndex=0 event=0 ip=2606:4700:a8::3
2026-09-09T22:27:08Z ERR failed to serve tunnel connection error="control stream encountered a failure while serving" connIndex=0 event=0 ip=2606:4700:a8::3
2026-09-09T22:27:08Z ERR Serve tunnel error error="control stream encountered a failure while serving" connIndex=0 event=0 ip=2606:4700:a8::3
2026-09-09T22:27:08Z INF Retrying connection in up to 1m4s connIndex=0 event=0 ip=2606:4700:a8::3
2026-09-09T22:27:43Z INF Tunnel connection curve preferences: [X25519MLKEM768 CurveID(65074) CurveP256] connIndex=0 event=0 ip=2606:4700:a8::3
2026-09-09T22:27:43Z ERR Failed to dial a quic connection error="failed to dial to edge with quic: write udp [::]:64861->[2606:4700:a8::3]:7844: wsasendto: A socket operation was attempted to an unreachable network." connIndex=0 event=0 ip=2606:4700:a8::3
2026-09-09T22:27:43Z INF Retrying connection in up to 1m4s connIndex=0 event=0 ip=2606:4700:a8::3
2026-09-09T22:35:25Z INF Tunnel connection curve preferences: [X25519MLKEM768 CurveID(65074) CurveP256] connIndex=0 event=0 ip=2606:4700:a0::7
2026-09-09T22:35:26Z ERR failed to run the datagram handler error="context canceled" connIndex=0 event=0 ip=2606:4700:a0::7
2026-09-09T22:35:26Z ERR failed to serve tunnel connection error="control stream encountered a failure while serving" connIndex=0 event=0 ip=2606:4700:a0::7
2026-09-09T22:35:26Z ERR Serve tunnel error error="control stream encountered a failure while serving" connIndex=0 event=0 ip=2606:4700:a0::7
2026-09-09T22:35:26Z INF Retrying connection in up to 1m4s connIndex=0 event=0 ip=2606:4700:a0::7
2026-09-09T23:03:43Z INF Tunnel connection curve preferences: [X25519MLKEM768 CurveID(65074) CurveP256] connIndex=0 event=0 ip=2606:4700:a0::7
2026-09-09T23:03:44Z ERR failed to run the datagram handler error="context canceled" connIndex=0 event=0 ip=2606:4700:a0::7
2026-09-09T23:03:44Z ERR failed to serve tunnel connection error="control stream encountered a failure while serving" connIndex=0 event=0 ip=2606:4700:a0::7
2026-09-09T23:03:44Z ERR Serve tunnel error error="control stream encountered a failure while serving" connIndex=0 event=0 ip=2606:4700:a0::7
2026-09-09T23:03:44Z INF Retrying connection in up to 1m4s connIndex=0 event=0 ip=2606:4700:a0::7
2026-09-09T23:04:00Z INF Tunnel connection curve preferences: [X25519MLKEM768 CurveID(65074) CurveP256] connIndex=0 event=0 ip=2606:4700:a0::7
2026-09-09T23:04:00Z ERR failed to run the datagram handler error="context canceled" connIndex=0 event=0 ip=2606:4700:a0::7
2026-09-09T23:04:00Z ERR failed to serve tunnel connection error="control stream encountered a failure while serving" connIndex=0 event=0 ip=2606:4700:a0::7
2026-09-09T23:04:00Z ERR Serve tunnel error error="control stream encountered a failure while serving" connIndex=0 event=0 ip=2606:4700:a0::7
2026-09-09T23:04:00Z INF Retrying connection in up to 1m4s connIndex=0 event=0 ip=2606:4700:a0::7
2026-09-09T23:04:26Z INF Tunnel connection curve preferences: [X25519MLKEM768 CurveID(65074) CurveP256] connIndex=0 event=0 ip=2606:4700:a0::7
2026-09-09T23:04:26Z ERR failed to run the datagram handler error="context canceled" connIndex=0 event=0 ip=2606:4700:a0::7
2026-09-09T23:04:26Z ERR failed to serve tunnel connection error="control stream encountered a failure while serving" connIndex=0 event=0 ip=2606:4700:a0::7
2026-09-09T23:04:26Z ERR Serve tunnel error error="control stream encountered a failure while serving" connIndex=0 event=0 ip=2606:4700:a0::7
2026-09-09T23:04:26Z INF Retrying connection in up to 1m4s connIndex=0 event=0 ip=2606:4700:a0::7
2026-09-09T23:04:45Z INF Tunnel connection curve preferences: [X25519MLKEM768 CurveID(65074) CurveP256] connIndex=0 event=0 ip=2606:4700:a0::7
2026-09-09T23:04:45Z ERR failed to run the datagram handler error="context canceled" connIndex=0 event=0 ip=2606:4700:a0::7
2026-09-09T23:04:45Z ERR failed to serve tunnel connection error="control stream encountered a failure while serving" connIndex=0 event=0 ip=2606:4700:a0::7
2026-09-09T23:04:45Z ERR Serve tunnel error error="control stream encountered a failure while serving" connIndex=0 event=0 ip=2606:4700:a0::7
2026-09-09T23:04:45Z INF Retrying connection in up to 1m4s connIndex=0 event=0 ip=2606:4700:a0::7
2026-09-09T23:05:11Z INF Tunnel connection curve preferences: [X25519MLKEM768 CurveID(65074) CurveP256] connIndex=0 event=0 ip=2606:4700:a0::7
2026-09-09T23:05:11Z ERR failed to run the datagram handler error="context canceled" connIndex=0 event=0 ip=2606:4700:a0::7
2026-09-09T23:05:11Z ERR failed to serve tunnel connection error="control stream encountered a failure while serving" connIndex=0 event=0 ip=2606:4700:a0::7
2026-09-09T23:05:11Z ERR Serve tunnel error error="control stream encountered a failure while serving" connIndex=0 event=0 ip=2606:4700:a0::7
2026-09-09T23:05:11Z INF Retrying connection in up to 1m4s connIndex=0 event=0 ip=2606:4700:a0::7
2026-09-09T23:05:37Z INF Tunnel connection curve preferences: [X25519MLKEM768 CurveID(65074) CurveP256] connIndex=0 event=0 ip=2606:4700:a0::7
2026-09-09T23:05:37Z ERR failed to run the datagram handler error="context canceled" connIndex=0 event=0 ip=2606:4700:a0::7
2026-09-09T23:05:37Z ERR failed to serve tunnel connection error="control stream encountered a failure while serving" connIndex=0 event=0 ip=2606:4700:a0::7
2026-09-09T23:05:37Z ERR Serve tunnel error error="control stream encountered a failure while serving" connIndex=0 event=0 ip=2606:4700:a0::7
2026-09-09T23:05:37Z INF Retrying connection in up to 1m4s connIndex=0 event=0 ip=2606:4700:a0::7
2026-09-09T23:05:59Z INF Tunnel connection curve preferences: [X25519MLKEM768 CurveID(65074) CurveP256] connIndex=0 event=0 ip=2606:4700:a0::7
2026-09-09T23:05:59Z ERR failed to run the datagram handler error="context canceled" connIndex=0 event=0 ip=2606:4700:a0::7
2026-09-09T23:05:59Z ERR failed to serve tunnel connection error="control stream encountered a failure while serving" connIndex=0 event=0 ip=2606:4700:a0::7
2026-09-09T23:05:59Z ERR Serve tunnel error error="control stream encountered a failure while serving" connIndex=0 event=0 ip=2606:4700:a0::7
2026-09-09T23:05:59Z INF Retrying connection in up to 1m4s connIndex=0 event=0 ip=2606:4700:a0::7
2026-09-09T23:06:27Z INF Tunnel connection curve preferences: [X25519MLKEM768 CurveID(65074) CurveP256] connIndex=0 event=0 ip=2606:4700:a0::7
2026-09-09T23:06:27Z ERR failed to run the datagram handler error="context canceled" connIndex=0 event=0 ip=2606:4700:a0::7
2026-09-09T23:06:27Z ERR failed to serve tunnel connection error="control stream encountered a failure while serving" connIndex=0 event=0 ip=2606:4700:a0::7
2026-09-09T23:06:27Z ERR Serve tunnel error error="control stream encountered a failure while serving" connIndex=0 event=0 ip=2606:4700:a0::7
2026-09-09T23:06:27Z INF Retrying connection in up to 1m4s connIndex=0 event=0 ip=2606:4700:a0::7
2026-09-09T23:06:30Z INF Tunnel connection curve preferences: [X25519MLKEM768 CurveID(65074) CurveP256] connIndex=0 event=0 ip=2606:4700:a0::7
2026-09-09T23:06:30Z ERR failed to run the datagram handler error="context canceled" connIndex=0 event=0 ip=2606:4700:a0::7
2026-09-09T23:06:30Z ERR failed to serve tunnel connection error="control stream encountered a failure while serving" connIndex=0 event=0 ip=2606:4700:a0::7
2026-09-09T23:06:30Z ERR Serve tunnel error error="control stream encountered a failure while serving" connIndex=0 event=0 ip=2606:4700:a0::7
2026-09-09T23:06:30Z INF Retrying connection in up to 1m4s connIndex=0 event=0 ip=2606:4700:a0::7
2026-09-09T23:06:35Z INF Tunnel connection curve preferences: [X25519MLKEM768 CurveID(65074) CurveP256] connIndex=0 event=0 ip=2606:4700:a0::7
2026-09-09T23:06:35Z ERR failed to run the datagram handler error="context canceled" connIndex=0 event=0 ip=2606:4700:a0::7
2026-09-09T23:06:35Z ERR failed to serve tunnel connection error="control stream encountered a failure while serving" connIndex=0 event=0 ip=2606:4700:a0::7
2026-09-09T23:06:35Z ERR Serve tunnel error error="control stream encountered a failure while serving" connIndex=0 event=0 ip=2606:4700:a0::7
2026-09-09T23:06:35Z INF Retrying connection in up to 1m4s connIndex=0 event=0 ip=2606:4700:a0::7
2026-09-09T23:06:46Z INF Tunnel connection curve preferences: [X25519MLKEM768 CurveID(65074) CurveP256] connIndex=0 event=0 ip=2606:4700:a0::7
2026-09-09T23:06:46Z ERR failed to run the datagram handler error="context canceled" connIndex=0 event=0 ip=2606:4700:a0::7
2026-09-09T23:06:46Z ERR failed to serve tunnel connection error="control stream encountered a failure while serving" connIndex=0 event=0 ip=2606:4700:a0::7
2026-09-09T23:06:46Z ERR Serve tunnel error error="control stream encountered a failure while serving" connIndex=0 event=0 ip=2606:4700:a0::7
2026-09-09T23:06:46Z INF Retrying connection in up to 1m4s connIndex=0 event=0 ip=2606:4700:a0::7
2026-09-09T23:07:00Z INF Tunnel connection curve preferences: [X25519MLKEM768 CurveID(65074) CurveP256] connIndex=0 event=0 ip=2606:4700:a0::7
2026-09-09T23:07:00Z ERR failed to run the datagram handler error="context canceled" connIndex=0 event=0 ip=2606:4700:a0::7
2026-09-09T23:07:00Z ERR failed to serve tunnel connection error="control stream encountered a failure while serving" connIndex=0 event=0 ip=2606:4700:a0::7
2026-09-09T23:07:00Z ERR Serve tunnel error error="control stream encountered a failure while serving" connIndex=0 event=0 ip=2606:4700:a0::7
2026-09-09T23:07:00Z INF Retrying connection in up to 1m4s connIndex=0 event=0 ip=2606:4700:a0::7
2026-09-09T23:07:11Z INF Tunnel connection curve preferences: [X25519MLKEM768 CurveID(65074) CurveP256] connIndex=0 event=0 ip=2606:4700:a0::7
2026-09-09T23:07:11Z ERR failed to run the datagram handler error="context canceled" connIndex=0 event=0 ip=2606:4700:a0::7
2026-09-09T23:07:11Z ERR failed to serve tunnel connection error="control stream encountered a failure while serving" connIndex=0 event=0 ip=2606:4700:a0::7
2026-09-09T23:07:11Z ERR Serve tunnel error error="control stream encountered a failure while serving" connIndex=0 event=0 ip=2606:4700:a0::7
2026-09-09T23:07:11Z INF Retrying connection in up to 1m4s connIndex=0 event=0 ip=2606:4700:a0::7
2026-09-09T23:07:12Z INF Tunnel connection curve preferences: [X25519MLKEM768 CurveID(65074) CurveP256] connIndex=0 event=0 ip=2606:4700:a0::7
2026-09-09T23:07:12Z ERR failed to run the datagram handler error="context canceled" connIndex=0 event=0 ip=2606:4700:a0::7
2026-09-09T23:07:12Z ERR failed to serve tunnel connection error="control stream encountered a failure while serving" connIndex=0 event=0 ip=2606:4700:a0::7
2026-09-09T23:07:12Z ERR Serve tunnel error error="control stream encountered a failure while serving" connIndex=0 event=0 ip=2606:4700:a0::7
2026-09-09T23:07:12Z INF Retrying connection in up to 1m4s connIndex=0 event=0 ip=2606:4700:a0::7
2026-09-09T23:07:12Z INF Tunnel connection curve preferences: [X25519MLKEM768 CurveID(65074) CurveP256] connIndex=0 event=0 ip=2606:4700:a0::7
2026-09-09T23:07:12Z ERR failed to run the datagram handler error="context canceled" connIndex=0 event=0 ip=2606:4700:a0::7
2026-09-09T23:07:12Z ERR failed to serve tunnel connection error="control stream encountered a failure while serving" connIndex=0 event=0 ip=2606:4700:a0::7
2026-09-09T23:07:12Z ERR Serve tunnel error error="control stream encountered a failure while serving" connIndex=0 event=0 ip=2606:4700:a0::7
2026-09-09T23:07:12Z INF Retrying connection in up to 1m4s connIndex=0 event=0 ip=2606:4700:a0::7
2026-09-09T23:07:31Z INF Tunnel connection curve preferences: [X25519MLKEM768 CurveID(65074) CurveP256] connIndex=0 event=0 ip=2606:4700:a0::7
2026-09-09T23:07:31Z ERR failed to run the datagram handler error="context canceled" connIndex=0 event=0 ip=2606:4700:a0::7
2026-09-09T23:07:31Z ERR failed to serve tunnel connection error="control stream encountered a failure while serving" connIndex=0 event=0 ip=2606:4700:a0::7
2026-09-09T23:07:31Z ERR Serve tunnel error error="control stream encountered a failure while serving" connIndex=0 event=0 ip=2606:4700:a0::7
2026-09-09T23:07:31Z INF Retrying connection in up to 1m4s connIndex=0 event=0 ip=2606:4700:a0::7
2026-09-09T23:07:46Z INF Tunnel connection curve preferences: [X25519MLKEM768 CurveID(65074) CurveP256] connIndex=0 event=0 ip=2606:4700:a0::7
2026-09-09T23:07:46Z ERR failed to run the datagram handler error="context canceled" connIndex=0 event=0 ip=2606:4700:a0::7
2026-09-09T23:07:46Z ERR failed to serve tunnel connection error="control stream encountered a failure while serving" connIndex=0 event=0 ip=2606:4700:a0::7
2026-09-09T23:07:46Z ERR Serve tunnel error error="control stream encountered a failure while serving" connIndex=0 event=0 ip=2606:4700:a0::7
2026-09-09T23:07:46Z INF Retrying connection in up to 1m4s connIndex=0 event=0 ip=2606:4700:a0::7
2026-09-09T23:08:02Z INF Tunnel connection curve preferences: [X25519MLKEM768 CurveID(65074) CurveP256] connIndex=0 event=0 ip=2606:4700:a0::7
2026-09-09T23:08:02Z ERR failed to run the datagram handler error="context canceled" connIndex=0 event=0 ip=2606:4700:a0::7
2026-09-09T23:08:02Z ERR failed to serve tunnel connection error="control stream encountered a failure while serving" connIndex=0 event=0 ip=2606:4700:a0::7
2026-09-09T23:08:02Z ERR Serve tunnel error error="control stream encountered a failure while serving" connIndex=0 event=0 ip=2606:4700:a0::7
2026-09-09T23:08:02Z INF Retrying connection in up to 1m4s connIndex=0 event=0 ip=2606:4700:a0::7
2026-09-09T23:08:18Z INF Tunnel connection curve preferences: [X25519MLKEM768 CurveID(65074) CurveP256] connIndex=0 event=0 ip=2606:4700:a0::7
2026-09-09T23:08:18Z ERR failed to run the datagram handler error="context canceled" connIndex=0 event=0 ip=2606:4700:a0::7
2026-09-09T23:08:18Z ERR failed to serve tunnel connection error="control stream encountered a failure while serving" connIndex=0 event=0 ip=2606:4700:a0::7
2026-09-09T23:08:18Z ERR Serve tunnel error error="control stream encountered a failure while serving" connIndex=0 event=0 ip=2606:4700:a0::7
2026-09-09T23:08:18Z INF Retrying connection in up to 1m4s connIndex=0 event=0 ip=2606:4700:a0::7
2026-09-09T23:08:26Z INF Tunnel connection curve preferences: [X25519MLKEM768 CurveID(65074) CurveP256] connIndex=0 event=0 ip=2606:4700:a0::7
2026-09-09T23:08:26Z ERR failed to run the datagram handler error="context canceled" connIndex=0 event=0 ip=2606:4700:a0::7
2026-09-09T23:08:26Z ERR failed to serve tunnel connection error="control stream encountered a failure while serving" connIndex=0 event=0 ip=2606:4700:a0::7
2026-09-09T23:08:26Z ERR Serve tunnel error error="control stream encountered a failure while serving" connIndex=0 event=0 ip=2606:4700:a0::7
2026-09-09T23:08:26Z INF Retrying connection in up to 1m4s connIndex=0 event=0 ip=2606:4700:a0::7
2026-09-09T23:08:54Z INF Tunnel connection curve preferences: [X25519MLKEM768 CurveID(65074) CurveP256] connIndex=0 event=0 ip=2606:4700:a0::7
2026-09-09T23:08:54Z ERR failed to run the datagram handler error="context canceled" connIndex=0 event=0 ip=2606:4700:a0::7
2026-09-09T23:08:54Z ERR failed to serve tunnel connection error="control stream encountered a failure while serving" connIndex=0 event=0 ip=2606:4700:a0::7
2026-09-09T23:08:54Z ERR Serve tunnel error error="control stream encountered a failure while serving" connIndex=0 event=0 ip=2606:4700:a0::7
2026-09-09T23:08:54Z INF Retrying connection in up to 1m4s connIndex=0 event=0 ip=2606:4700:a0::7
2026-09-09T23:08:59Z INF Tunnel connection curve preferences: [X25519MLKEM768 CurveID(65074) CurveP256] connIndex=0 event=0 ip=2606:4700:a0::7
2026-09-09T23:08:59Z ERR failed to run the datagram handler error="context canceled" connIndex=0 event=0 ip=2606:4700:a0::7
2026-09-09T23:08:59Z ERR failed to serve tunnel connection error="control stream encountered a failure while serving" connIndex=0 event=0 ip=2606:4700:a0::7
2026-09-09T23:08:59Z ERR Serve tunnel error error="control stream encountered a failure while serving" connIndex=0 event=0 ip=2606:4700:a0::7
2026-09-09T23:08:59Z INF Retrying connection in up to 1m4s connIndex=0 event=0 ip=2606:4700:a0::7
2026-09-09T23:09:28Z INF Tunnel connection curve preferences: [X25519MLKEM768 CurveID(65074) CurveP256] connIndex=0 event=0 ip=2606:4700:a0::7
2026-09-09T23:09:28Z ERR failed to run the datagram handler error="context canceled" connIndex=0 event=0 ip=2606:4700:a0::7
2026-09-09T23:09:28Z ERR failed to serve tunnel connection error="control stream encountered a failure while serving" connIndex=0 event=0 ip=2606:4700:a0::7
2026-09-09T23:09:28Z ERR Serve tunnel error error="control stream encountered a failure while serving" connIndex=0 event=0 ip=2606:4700:a0::7
2026-09-09T23:09:28Z INF Retrying connection in up to 1m4s connIndex=0 event=0 ip=2606:4700:a0::7
2026-09-09T23:09:32Z INF Tunnel connection curve preferences: [X25519MLKEM768 CurveID(65074) CurveP256] connIndex=0 event=0 ip=2606:4700:a0::7
2026-09-09T23:09:32Z ERR failed to run the datagram handler error="context canceled" connIndex=0 event=0 ip=2606:4700:a0::7
2026-09-09T23:09:32Z ERR failed to serve tunnel connection error="control stream encountered a failure while serving" connIndex=0 event=0 ip=2606:4700:a0::7
2026-09-09T23:09:32Z ERR Serve tunnel error error="control stream encountered a failure while serving" connIndex=0 event=0 ip=2606:4700:a0::7
2026-09-09T23:09:32Z INF Retrying connection in up to 1m4s connIndex=0 event=0 ip=2606:4700:a0::7
2026-09-09T23:09:35Z INF Tunnel connection curve preferences: [X25519MLKEM768 CurveID(65074) CurveP256] connIndex=0 event=0 ip=2606:4700:a0::7
2026-09-09T23:09:35Z ERR failed to run the datagram handler error="context canceled" connIndex=0 event=0 ip=2606:4700:a0::7
2026-09-09T23:09:35Z ERR failed to serve tunnel connection error="control stream encountered a failure while serving" connIndex=0 event=0 ip=2606:4700:a0::7
2026-09-09T23:09:35Z ERR Serve tunnel error error="control stream encountered a failure while serving" connIndex=0 event=0 ip=2606:4700:a0::7
2026-09-09T23:09:35Z INF Retrying connection in up to 1m4s connIndex=0 event=0 ip=2606:4700:a0::7
2026-09-09T23:10:01Z INF Tunnel connection curve preferences: [X25519MLKEM768 CurveID(65074) CurveP256] connIndex=0 event=0 ip=2606:4700:a0::7
2026-09-09T23:10:01Z ERR failed to run the datagram handler error="context canceled" connIndex=0 event=0 ip=2606:4700:a0::7
2026-09-09T23:10:01Z ERR failed to serve tunnel connection error="control stream encountered a failure while serving" connIndex=0 event=0 ip=2606:4700:a0::7
2026-09-09T23:10:01Z ERR Serve tunnel error error="control stream encountered a failure while serving" connIndex=0 event=0 ip=2606:4700:a0::7
2026-09-09T23:10:01Z INF Retrying connection in up to 1m4s connIndex=0 event=0 ip=2606:4700:a0::7
2026-09-09T23:10:24Z INF Tunnel connection curve preferences: [X25519MLKEM768 CurveID(65074) CurveP256] connIndex=0 event=0 ip=2606:4700:a0::7
2026-09-09T23:10:24Z ERR failed to run the datagram handler error="context canceled" connIndex=0 event=0 ip=2606:4700:a0::7
2026-09-09T23:10:24Z ERR failed to serve tunnel connection error="control stream encountered a failure while serving" connIndex=0 event=0 ip=2606:4700:a0::7
2026-09-09T23:10:24Z ERR Serve tunnel error error="control stream encountered a failure while serving" connIndex=0 event=0 ip=2606:4700:a0::7
2026-09-09T23:10:24Z INF Retrying connection in up to 1m4s connIndex=0 event=0 ip=2606:4700:a0::7
2026-09-09T23:10:32Z INF Tunnel connection curve preferences: [X25519MLKEM768 CurveID(65074) CurveP256] connIndex=0 event=0 ip=2606:4700:a0::7
2026-09-09T23:10:32Z ERR failed to run the datagram handler error="context canceled" connIndex=0 event=0 ip=2606:4700:a0::7
2026-09-09T23:10:32Z ERR failed to serve tunnel connection error="control stream encountered a failure while serving" connIndex=0 event=0 ip=2606:4700:a0::7
2026-09-09T23:10:32Z ERR Serve tunnel error error="control stream encountered a failure while serving" connIndex=0 event=0 ip=2606:4700:a0::7
2026-09-09T23:10:32Z INF Retrying connection in up to 1m4s connIndex=0 event=0 ip=2606:4700:a0::7
2026-09-09T23:10:35Z INF Tunnel connection curve preferences: [X25519MLKEM768 CurveID(65074) CurveP256] connIndex=0 event=0 ip=2606:4700:a0::7
2026-09-09T23:10:35Z ERR failed to run the datagram handler error="context canceled" connIndex=0 event=0 ip=2606:4700:a0::7
2026-09-09T23:10:35Z ERR failed to serve tunnel connection error="control stream encountered a failure while serving" connIndex=0 event=0 ip=2606:4700:a0::7
2026-09-09T23:10:35Z ERR Serve tunnel error error="control stream encountered a failure while serving" connIndex=0 event=0 ip=2606:4700:a0::7
2026-09-09T23:10:35Z INF Retrying connection in up to 1m4s connIndex=0 event=0 ip=2606:4700:a0::7
2026-09-09T23:35:30Z INF Tunnel connection curve preferences: [X25519MLKEM768 CurveID(65074) CurveP256] connIndex=0 event=0 ip=2606:4700:a0::7
2026-09-09T23:35:30Z ERR failed to run the datagram handler error="context canceled" connIndex=0 event=0 ip=2606:4700:a0::7
2026-09-09T23:35:30Z ERR failed to serve tunnel connection error="control stream encountered a failure while serving" connIndex=0 event=0 ip=2606:4700:a0::7
2026-09-09T23:35:30Z ERR Serve tunnel error error="control stream encountered a failure while serving" connIndex=0 event=0 ip=2606:4700:a0::7
2026-09-09T23:35:30Z INF Retrying connection in up to 1m4s connIndex=0 event=0 ip=2606:4700:a0::7
2026-09-09T23:35:31Z INF Tunnel connection curve preferences: [X25519MLKEM768 CurveID(65074) CurveP256] connIndex=0 event=0 ip=2606:4700:a0::7
2026-09-09T23:35:31Z ERR failed to run the datagram handler error="context canceled" connIndex=0 event=0 ip=2606:4700:a0::7
2026-09-09T23:35:31Z ERR failed to serve tunnel connection error="control stream encountered a failure while serving" connIndex=0 event=0 ip=2606:4700:a0::7
2026-09-09T23:35:31Z ERR Serve tunnel error error="control stream encountered a failure while serving" connIndex=0 event=0 ip=2606:4700:a0::7
2026-09-09T23:35:31Z INF Retrying connection in up to 1m4s connIndex=0 event=0 ip=2606:4700:a0::7
2026-09-09T23:35:36Z INF Tunnel connection curve preferences: [X25519MLKEM768 CurveID(65074) CurveP256] connIndex=0 event=0 ip=2606:4700:a0::7
2026-09-09T23:35:36Z ERR failed to run the datagram handler error="context canceled" connIndex=0 event=0 ip=2606:4700:a0::7
2026-09-09T23:35:36Z ERR failed to serve tunnel connection error="control stream encountered a failure while serving" connIndex=0 event=0 ip=2606:4700:a0::7
2026-09-09T23:35:36Z ERR Serve tunnel error error="control stream encountered a failure while serving" connIndex=0 event=0 ip=2606:4700:a0::7
2026-09-09T23:35:36Z INF Retrying connection in up to 1m4s connIndex=0 event=0 ip=2606:4700:a0::7
2026-09-09T23:36:02Z INF Tunnel connection curve preferences: [X25519MLKEM768 CurveID(65074) CurveP256] connIndex=0 event=0 ip=2606:4700:a0::7
2026-09-09T23:36:02Z ERR failed to run the datagram handler error="context canceled" connIndex=0 event=0 ip=2606:4700:a0::7
2026-09-09T23:36:02Z ERR failed to serve tunnel connection error="control stream encountered a failure while serving" connIndex=0 event=0 ip=2606:4700:a0::7
2026-09-09T23:36:02Z ERR Serve tunnel error error="control stream encountered a failure while serving" connIndex=0 event=0 ip=2606:4700:a0::7
2026-09-09T23:36:02Z INF Retrying connection in up to 1m4s connIndex=0 event=0 ip=2606:4700:a0::7
2026-09-09T23:36:13Z INF Tunnel connection curve preferences: [X25519MLKEM768 CurveID(65074) CurveP256] connIndex=0 event=0 ip=2606:4700:a0::7
2026-09-09T23:36:13Z ERR failed to run the datagram handler error="context canceled" connIndex=0 event=0 ip=2606:4700:a0::7
2026-09-09T23:36:13Z ERR failed to serve tunnel connection error="control stream encountered a failure while serving" connIndex=0 event=0 ip=2606:4700:a0::7
2026-09-09T23:36:13Z ERR Serve tunnel error error="control stream encountered a failure while serving" connIndex=0 event=0 ip=2606:4700:a0::7
2026-09-09T23:36:13Z INF Retrying connection in up to 1m4s connIndex=0 event=0 ip=2606:4700:a0::7
2026-09-09T23:36:23Z INF Tunnel connection curve preferences: [X25519MLKEM768 CurveID(65074) CurveP256] connIndex=0 event=0 ip=2606:4700:a0::7
2026-09-09T23:36:23Z ERR failed to run the datagram handler error="context canceled" connIndex=0 event=0 ip=2606:4700:a0::7
2026-09-09T23:36:23Z ERR failed to serve tunnel connection error="control stream encountered a failure while serving" connIndex=0 event=0 ip=2606:4700:a0::7
2026-09-09T23:36:23Z ERR Serve tunnel error error="control stream encountered a failure while serving" connIndex=0 event=0 ip=2606:4700:a0::7
2026-09-09T23:36:23Z INF Retrying connection in up to 1m4s connIndex=0 event=0 ip=2606:4700:a0::7
2026-09-09T23:36:43Z INF Tunnel connection curve preferences: [X25519MLKEM768 CurveID(65074) CurveP256] connIndex=0 event=0 ip=2606:4700:a0::7
2026-09-09T23:36:43Z ERR failed to run the datagram handler error="context canceled" connIndex=0 event=0 ip=2606:4700:a0::7
2026-09-09T23:36:43Z ERR failed to serve tunnel connection error="control stream encountered a failure while serving" connIndex=0 event=0 ip=2606:4700:a0::7
2026-09-09T23:36:43Z ERR Serve tunnel error error="control stream encountered a failure while serving" connIndex=0 event=0 ip=2606:4700:a0::7
2026-09-09T23:36:43Z INF Retrying connection in up to 1m4s connIndex=0 event=0 ip=2606:4700:a0::7
2026-09-09T23:36:48Z INF Tunnel connection curve preferences: [X25519MLKEM768 CurveID(65074) CurveP256] connIndex=0 event=0 ip=2606:4700:a0::7
2026-09-09T23:36:48Z ERR failed to run the datagram handler error="context canceled" connIndex=0 event=0 ip=2606:4700:a0::7
2026-09-09T23:36:48Z ERR failed to serve tunnel connection error="control stream encountered a failure while serving" connIndex=0 event=0 ip=2606:4700:a0::7
2026-09-09T23:36:48Z ERR Serve tunnel error error="control stream encountered a failure while serving" connIndex=0 event=0 ip=2606:4700:a0::7
2026-09-09T23:36:48Z INF Retrying connection in up to 1m4s connIndex=0 event=0 ip=2606:4700:a0::7
2026-09-09T23:37:16Z INF Tunnel connection curve preferences: [X25519MLKEM768 CurveID(65074) CurveP256] connIndex=0 event=0 ip=2606:4700:a0::7
2026-09-09T23:37:16Z ERR failed to run the datagram handler error="context canceled" connIndex=0 event=0 ip=2606:4700:a0::7
2026-09-09T23:37:16Z ERR failed to serve tunnel connection error="control stream encountered a failure while serving" connIndex=0 event=0 ip=2606:4700:a0::7
2026-09-09T23:37:16Z ERR Serve tunnel error error="control stream encountered a failure while serving" connIndex=0 event=0 ip=2606:4700:a0::7
2026-09-09T23:37:16Z INF Retrying connection in up to 1m4s connIndex=0 event=0 ip=2606:4700:a0::7
2026-09-09T23:37:37Z INF Tunnel connection curve preferences: [X25519MLKEM768 CurveID(65074) CurveP256] connIndex=0 event=0 ip=2606:4700:a0::7
2026-09-09T23:37:37Z ERR failed to run the datagram handler error="context canceled" connIndex=0 event=0 ip=2606:4700:a0::7
2026-09-09T23:37:37Z ERR failed to serve tunnel connection error="control stream encountered a failure while serving" connIndex=0 event=0 ip=2606:4700:a0::7
2026-09-09T23:37:37Z ERR Serve tunnel error error="control stream encountered a failure while serving" connIndex=0 event=0 ip=2606:4700:a0::7
2026-09-09T23:37:37Z INF Retrying connection in up to 1m4s connIndex=0 event=0 ip=2606:4700:a0::7
2026-09-09T23:37:40Z INF Tunnel connection curve preferences: [X25519MLKEM768 CurveID(65074) CurveP256] connIndex=0 event=0 ip=2606:4700:a0::7
2026-09-09T23:37:40Z ERR failed to run the datagram handler error="context canceled" connIndex=0 event=0 ip=2606:4700:a0::7
2026-09-09T23:37:40Z ERR failed to serve tunnel connection error="control stream encountered a failure while serving" connIndex=0 event=0 ip=2606:4700:a0::7
2026-09-09T23:37:40Z ERR Serve tunnel error error="control stream encountered a failure while serving" connIndex=0 event=0 ip=2606:4700:a0::7
2026-09-09T23:37:40Z INF Retrying connection in up to 1m4s connIndex=0 event=0 ip=2606:4700:a0::7
2026-09-09T23:38:10Z INF Tunnel connection curve preferences: [X25519MLKEM768 CurveID(65074) CurveP256] connIndex=0 event=0 ip=2606:4700:a0::7
2026-09-09T23:38:10Z ERR failed to run the datagram handler error="context canceled" connIndex=0 event=0 ip=2606:4700:a0::7
2026-09-09T23:38:10Z ERR failed to serve tunnel connection error="control stream encountered a failure while serving" connIndex=0 event=0 ip=2606:4700:a0::7
2026-09-09T23:38:10Z ERR Serve tunnel error error="control stream encountered a failure while serving" connIndex=0 event=0 ip=2606:4700:a0::7
2026-09-09T23:38:10Z INF Retrying connection in up to 1m4s connIndex=0 event=0 ip=2606:4700:a0::7
2026-09-09T23:38:42Z INF Tunnel connection curve preferences: [X25519MLKEM768 CurveID(65074) CurveP256] connIndex=0 event=0 ip=2606:4700:a0::7
2026-09-09T23:38:42Z ERR failed to run the datagram handler error="context canceled" connIndex=0 event=0 ip=2606:4700:a0::7
2026-09-09T23:38:42Z ERR failed to serve tunnel connection error="control stream encountered a failure while serving" connIndex=0 event=0 ip=2606:4700:a0::7
2026-09-09T23:38:42Z ERR Serve tunnel error error="control stream encountered a failure while serving" connIndex=0 event=0 ip=2606:4700:a0::7
2026-09-09T23:38:42Z INF Retrying connection in up to 1m4s connIndex=0 event=0 ip=2606:4700:a0::7
2026-09-09T23:40:11Z INF Tunnel connection curve preferences: [X25519MLKEM768 CurveID(65074) CurveP256] connIndex=0 event=0 ip=2606:4700:a0::7
2026-09-09T23:40:11Z ERR failed to run the datagram handler error="context canceled" connIndex=0 event=0 ip=2606:4700:a0::7
2026-09-09T23:40:11Z ERR failed to serve tunnel connection error="control stream encountered a failure while serving" connIndex=0 event=0 ip=2606:4700:a0::7
2026-09-09T23:40:11Z ERR Serve tunnel error error="control stream encountered a failure while serving" connIndex=0 event=0 ip=2606:4700:a0::7
2026-09-09T23:40:11Z INF Retrying connection in up to 1m4s connIndex=0 event=0 ip=2606:4700:a0::7
2026-09-09T23:40:18Z INF Tunnel connection curve preferences: [X25519MLKEM768 CurveID(65074) CurveP256] connIndex=0 event=0 ip=2606:4700:a0::7
2026-09-09T23:40:18Z ERR failed to run the datagram handler error="context canceled" connIndex=0 event=0 ip=2606:4700:a0::7
2026-09-09T23:40:18Z ERR failed to serve tunnel connection error="control stream encountered a failure while serving" connIndex=0 event=0 ip=2606:4700:a0::7
2026-09-09T23:40:18Z ERR Serve tunnel error error="control stream encountered a failure while serving" connIndex=0 event=0 ip=2606:4700:a0::7
2026-09-09T23:40:18Z INF Retrying connection in up to 1m4s connIndex=0 event=0 ip=2606:4700:a0::7
2026-09-09T23:40:33Z INF Tunnel connection curve preferences: [X25519MLKEM768 CurveID(65074) CurveP256] connIndex=0 event=0 ip=2606:4700:a0::7
2026-09-09T23:40:33Z ERR failed to run the datagram handler error="context canceled" connIndex=0 event=0 ip=2606:4700:a0::7
2026-09-09T23:40:33Z ERR failed to serve tunnel connection error="control stream encountered a failure while serving" connIndex=0 event=0 ip=2606:4700:a0::7
2026-09-09T23:40:33Z ERR Serve tunnel error error="control stream encountered a failure while serving" connIndex=0 event=0 ip=2606:4700:a0::7
2026-09-09T23:40:33Z INF Retrying connection in up to 1m4s connIndex=0 event=0 ip=2606:4700:a0::7
2026-09-09T23:40:47Z INF Tunnel connection curve preferences: [X25519MLKEM768 CurveID(65074) CurveP256] connIndex=0 event=0 ip=2606:4700:a0::7
2026-09-09T23:40:47Z ERR failed to run the datagram handler error="context canceled" connIndex=0 event=0 ip=2606:4700:a0::7
2026-09-09T23:40:47Z ERR failed to serve tunnel connection error="control stream encountered a failure while serving" connIndex=0 event=0 ip=2606:4700:a0::7
2026-09-09T23:40:47Z ERR Serve tunnel error error="control stream encountered a failure while serving" connIndex=0 event=0 ip=2606:4700:a0::7
2026-09-09T23:40:47Z INF Retrying connection in up to 1m4s connIndex=0 event=0 ip=2606:4700:a0::7
2026-09-09T23:41:14Z INF Tunnel connection curve preferences: [X25519MLKEM768 CurveID(65074) CurveP256] connIndex=0 event=0 ip=2606:4700:a0::7
2026-09-09T23:41:14Z ERR failed to run the datagram handler error="context canceled" connIndex=0 event=0 ip=2606:4700:a0::7
2026-09-09T23:41:14Z ERR failed to serve tunnel connection error="control stream encountered a failure while serving" connIndex=0 event=0 ip=2606:4700:a0::7
2026-09-09T23:41:14Z ERR Serve tunnel error error="control stream encountered a failure while serving" connIndex=0 event=0 ip=2606:4700:a0::7
2026-09-09T23:41:14Z INF Retrying connection in up to 1m4s connIndex=0 event=0 ip=2606:4700:a0::7
2026-09-09T23:41:39Z INF Tunnel connection curve preferences: [X25519MLKEM768 CurveID(65074) CurveP256] connIndex=0 event=0 ip=2606:4700:a0::7
2026-09-09T23:41:39Z ERR failed to run the datagram handler error="context canceled" connIndex=0 event=0 ip=2606:4700:a0::7
2026-09-09T23:41:39Z ERR failed to serve tunnel connection error="control stream encountered a failure while serving" connIndex=0 event=0 ip=2606:4700:a0::7
2026-09-09T23:41:39Z ERR Serve tunnel error error="control stream encountered a failure while serving" connIndex=0 event=0 ip=2606:4700:a0::7
2026-09-09T23:41:39Z INF Retrying connection in up to 1m4s connIndex=0 event=0 ip=2606:4700:a0::7
2026-09-09T23:42:07Z INF Tunnel connection curve preferences: [X25519MLKEM768 CurveID(65074) CurveP256] connIndex=0 event=0 ip=2606:4700:a0::7
2026-09-09T23:42:07Z ERR failed to run the datagram handler error="context canceled" connIndex=0 event=0 ip=2606:4700:a0::7
2026-09-09T23:42:07Z ERR failed to serve tunnel connection error="control stream encountered a failure while serving" connIndex=0 event=0 ip=2606:4700:a0::7
2026-09-09T23:42:07Z ERR Serve tunnel error error="control stream encountered a failure while serving" connIndex=0 event=0 ip=2606:4700:a0::7
2026-09-09T23:42:07Z INF Retrying connection in up to 1m4s connIndex=0 event=0 ip=2606:4700:a0::7
2026-09-09T23:42:18Z INF Tunnel connection curve preferences: [X25519MLKEM768 CurveID(65074) CurveP256] connIndex=0 event=0 ip=2606:4700:a0::7
2026-09-09T23:42:18Z ERR failed to run the datagram handler error="context canceled" connIndex=0 event=0 ip=2606:4700:a0::7
2026-09-09T23:42:18Z ERR failed to serve tunnel connection error="control stream encountered a failure while serving" connIndex=0 event=0 ip=2606:4700:a0::7
2026-09-09T23:42:18Z ERR Serve tunnel error error="control stream encountered a failure while serving" connIndex=0 event=0 ip=2606:4700:a0::7
2026-09-09T23:42:18Z INF Retrying connection in up to 1m4s connIndex=0 event=0 ip=2606:4700:a0::7
2026-09-09T23:42:28Z INF Tunnel connection curve preferences: [X25519MLKEM768 CurveID(65074) CurveP256] connIndex=0 event=0 ip=2606:4700:a0::7
2026-09-09T23:42:28Z ERR failed to run the datagram handler error="context canceled" connIndex=0 event=0 ip=2606:4700:a0::7
2026-09-09T23:42:28Z ERR failed to serve tunnel connection error="control stream encountered a failure while serving" connIndex=0 event=0 ip=2606:4700:a0::7
2026-09-09T23:42:28Z ERR Serve tunnel error error="control stream encountered a failure while serving" connIndex=0 event=0 ip=2606:4700:a0::7
2026-09-09T23:42:28Z INF Retrying connection in up to 1m4s connIndex=0 event=0 ip=2606:4700:a0::7
2026-09-09T23:42:55Z INF Tunnel connection curve preferences: [X25519MLKEM768 CurveID(65074) CurveP256] connIndex=0 event=0 ip=2606:4700:a0::7
2026-09-09T23:42:55Z ERR failed to run the datagram handler error="context canceled" connIndex=0 event=0 ip=2606:4700:a0::7
2026-09-09T23:42:55Z ERR failed to serve tunnel connection error="control stream encountered a failure while serving" connIndex=0 event=0 ip=2606:4700:a0::7
2026-09-09T23:42:55Z ERR Serve tunnel error error="control stream encountered a failure while serving" connIndex=0 event=0 ip=2606:4700:a0::7
2026-09-09T23:42:55Z INF Retrying connection in up to 1m4s connIndex=0 event=0 ip=2606:4700:a0::7
2026-09-09T23:43:26Z INF Tunnel connection curve preferences: [X25519MLKEM768 CurveID(65074) CurveP256] connIndex=0 event=0 ip=2606:4700:a0::7
2026-09-09T23:43:26Z ERR failed to run the datagram handler error="context canceled" connIndex=0 event=0 ip=2606:4700:a0::7
2026-09-09T23:43:26Z ERR failed to serve tunnel connection error="control stream encountered a failure while serving" connIndex=0 event=0 ip=2606:4700:a0::7
2026-09-09T23:43:26Z ERR Serve tunnel error error="control stream encountered a failure while serving" connIndex=0 event=0 ip=2606:4700:a0::7
2026-09-09T23:43:26Z INF Retrying connection in up to 1m4s connIndex=0 event=0 ip=2606:4700:a0::7
2026-09-09T23:43:27Z INF Tunnel connection curve preferences: [X25519MLKEM768 CurveID(65074) CurveP256] connIndex=0 event=0 ip=2606:4700:a0::7
2026-09-09T23:43:27Z ERR failed to run the datagram handler error="context canceled" connIndex=0 event=0 ip=2606:4700:a0::7
2026-09-09T23:43:27Z ERR failed to serve tunnel connection error="control stream encountered a failure while serving" connIndex=0 event=0 ip=2606:4700:a0::7
2026-09-09T23:43:27Z ERR Serve tunnel error error="control stream encountered a failure while serving" connIndex=0 event=0 ip=2606:4700:a0::7
2026-09-09T23:43:27Z INF Retrying connection in up to 1m4s connIndex=0 event=0 ip=2606:4700:a0::7
2026-09-09T23:43:33Z INF Tunnel connection curve preferences: [X25519MLKEM768 CurveID(65074) CurveP256] connIndex=0 event=0 ip=2606:4700:a0::7
2026-09-09T23:43:33Z ERR failed to run the datagram handler error="context canceled" connIndex=0 event=0 ip=2606:4700:a0::7
2026-09-09T23:43:33Z ERR failed to serve tunnel connection error="control stream encountered a failure while serving" connIndex=0 event=0 ip=2606:4700:a0::7
2026-09-09T23:43:33Z ERR Serve tunnel error error="control stream encountered a failure while serving" connIndex=0 event=0 ip=2606:4700:a0::7
2026-09-09T23:43:33Z INF Retrying connection in up to 1m4s connIndex=0 event=0 ip=2606:4700:a0::7
2026-09-09T23:43:56Z INF Tunnel connection curve preferences: [X25519MLKEM768 CurveID(65074) CurveP256] connIndex=0 event=0 ip=2606:4700:a0::7
2026-09-09T23:43:56Z ERR failed to run the datagram handler error="context canceled" connIndex=0 event=0 ip=2606:4700:a0::7
2026-09-09T23:43:56Z ERR failed to serve tunnel connection error="control stream encountered a failure while serving" connIndex=0 event=0 ip=2606:4700:a0::7
2026-09-09T23:43:56Z ERR Serve tunnel error error="control stream encountered a failure while serving" connIndex=0 event=0 ip=2606:4700:a0::7
2026-09-09T23:43:56Z INF Retrying connection in up to 1m4s connIndex=0 event=0 ip=2606:4700:a0::7
2026-09-09T23:44:17Z INF Tunnel connection curve preferences: [X25519MLKEM768 CurveID(65074) CurveP256] connIndex=0 event=0 ip=2606:4700:a0::7
2026-09-09T23:44:17Z ERR failed to run the datagram handler error="context canceled" connIndex=0 event=0 ip=2606:4700:a0::7
2026-09-09T23:44:17Z ERR failed to serve tunnel connection error="control stream encountered a failure while serving" connIndex=0 event=0 ip=2606:4700:a0::7
2026-09-09T23:44:17Z ERR Serve tunnel error error="control stream encountered a failure while serving" connIndex=0 event=0 ip=2606:4700:a0::7
2026-09-09T23:44:17Z INF Retrying connection in up to 1m4s connIndex=0 event=0 ip=2606:4700:a0::7
2026-09-09T23:44:43Z INF Tunnel connection curve preferences: [X25519MLKEM768 CurveID(65074) CurveP256] connIndex=0 event=0 ip=2606:4700:a0::7
2026-09-09T23:44:43Z ERR failed to run the datagram handler error="context canceled" connIndex=0 event=0 ip=2606:4700:a0::7
2026-09-09T23:44:43Z ERR failed to serve tunnel connection error="control stream encountered a failure while serving" connIndex=0 event=0 ip=2606:4700:a0::7
2026-09-09T23:44:43Z ERR Serve tunnel error error="control stream encountered a failure while serving" connIndex=0 event=0 ip=2606:4700:a0::7
2026-09-09T23:44:43Z INF Retrying connection in up to 1m4s connIndex=0 event=0 ip=2606:4700:a0::7
2026-09-09T23:45:13Z INF Tunnel connection curve preferences: [X25519MLKEM768 CurveID(65074) CurveP256] connIndex=0 event=0 ip=2606:4700:a0::7
2026-09-09T23:45:13Z ERR failed to run the datagram handler error="context canceled" connIndex=0 event=0 ip=2606:4700:a0::7
2026-09-09T23:45:13Z ERR failed to serve tunnel connection error="control stream encountered a failure while serving" connIndex=0 event=0 ip=2606:4700:a0::7
2026-09-09T23:45:13Z ERR Serve tunnel error error="control stream encountered a failure while serving" connIndex=0 event=0 ip=2606:4700:a0::7
2026-09-09T23:45:14Z INF Retrying connection in up to 1m4s connIndex=0 event=0 ip=2606:4700:a0::7
2026-09-09T23:45:41Z INF Tunnel connection curve preferences: [X25519MLKEM768 CurveID(65074) CurveP256] connIndex=0 event=0 ip=2606:4700:a0::7
2026-09-09T23:45:41Z ERR failed to run the datagram handler error="context canceled" connIndex=0 event=0 ip=2606:4700:a0::7
2026-09-09T23:45:41Z ERR failed to serve tunnel connection error="control stream encountered a failure while serving" connIndex=0 event=0 ip=2606:4700:a0::7
2026-09-09T23:45:41Z ERR Serve tunnel error error="control stream encountered a failure while serving" connIndex=0 event=0 ip=2606:4700:a0::7
2026-09-09T23:45:41Z INF Retrying connection in up to 1m4s connIndex=0 event=0 ip=2606:4700:a0::7
2026-09-09T23:46:04Z INF Tunnel connection curve preferences: [X25519MLKEM768 CurveID(65074) CurveP256] connIndex=0 event=0 ip=2606:4700:a0::7
2026-09-09T23:46:04Z ERR failed to run the datagram handler error="context canceled" connIndex=0 event=0 ip=2606:4700:a0::7
2026-09-09T23:46:04Z ERR failed to serve tunnel connection error="control stream encountered a failure while serving" connIndex=0 event=0 ip=2606:4700:a0::7
2026-09-09T23:46:04Z ERR Serve tunnel error error="control stream encountered a failure while serving" connIndex=0 event=0 ip=2606:4700:a0::7
2026-09-09T23:46:04Z INF Retrying connection in up to 1m4s connIndex=0 event=0 ip=2606:4700:a0::7
2026-09-09T23:46:28Z INF Tunnel connection curve preferences: [X25519MLKEM768 CurveID(65074) CurveP256] connIndex=0 event=0 ip=2606:4700:a0::7
2026-09-09T23:46:28Z ERR failed to run the datagram handler error="context canceled" connIndex=0 event=0 ip=2606:4700:a0::7
2026-09-09T23:46:28Z ERR failed to serve tunnel connection error="control stream encountered a failure while serving" connIndex=0 event=0 ip=2606:4700:a0::7
2026-09-09T23:46:28Z ERR Serve tunnel error error="control stream encountered a failure while serving" connIndex=0 event=0 ip=2606:4700:a0::7
2026-09-09T23:46:28Z INF Retrying connection in up to 1m4s connIndex=0 event=0 ip=2606:4700:a0::7
2026-09-09T23:46:41Z INF Tunnel connection curve preferences: [X25519MLKEM768 CurveID(65074) CurveP256] connIndex=0 event=0 ip=2606:4700:a0::7
2026-09-09T23:46:41Z ERR failed to run the datagram handler error="context canceled" connIndex=0 event=0 ip=2606:4700:a0::7
2026-09-09T23:46:41Z ERR failed to serve tunnel connection error="control stream encountered a failure while serving" connIndex=0 event=0 ip=2606:4700:a0::7
2026-09-09T23:46:41Z ERR Serve tunnel error error="control stream encountered a failure while serving" connIndex=0 event=0 ip=2606:4700:a0::7
2026-09-09T23:46:41Z INF Retrying connection in up to 1m4s connIndex=0 event=0 ip=2606:4700:a0::7
2026-09-09T23:47:00Z INF Tunnel connection curve preferences: [X25519MLKEM768 CurveID(65074) CurveP256] connIndex=0 event=0 ip=2606:4700:a0::7
2026-09-09T23:47:00Z ERR failed to run the datagram handler error="context canceled" connIndex=0 event=0 ip=2606:4700:a0::7
2026-09-09T23:47:00Z ERR failed to serve tunnel connection error="control stream encountered a failure while serving" connIndex=0 event=0 ip=2606:4700:a0::7
2026-09-09T23:47:00Z ERR Serve tunnel error error="control stream encountered a failure while serving" connIndex=0 event=0 ip=2606:4700:a0::7
2026-09-09T23:47:00Z INF Retrying connection in up to 1m4s connIndex=0 event=0 ip=2606:4700:a0::7
2026-09-09T23:47:22Z INF Tunnel connection curve preferences: [X25519MLKEM768 CurveID(65074) CurveP256] connIndex=0 event=0 ip=2606:4700:a0::7
2026-09-09T23:47:22Z ERR failed to run the datagram handler error="context canceled" connIndex=0 event=0 ip=2606:4700:a0::7
2026-09-09T23:47:22Z ERR failed to serve tunnel connection error="control stream encountered a failure while serving" connIndex=0 event=0 ip=2606:4700:a0::7
2026-09-09T23:47:22Z ERR Serve tunnel error error="control stream encountered a failure while serving" connIndex=0 event=0 ip=2606:4700:a0::7
2026-09-09T23:47:22Z INF Retrying connection in up to 1m4s connIndex=0 event=0 ip=2606:4700:a0::7
2026-09-09T23:47:27Z INF Tunnel connection curve preferences: [X25519MLKEM768 CurveID(65074) CurveP256] connIndex=0 event=0 ip=2606:4700:a0::7
2026-09-09T23:47:27Z ERR failed to run the datagram handler error="context canceled" connIndex=0 event=0 ip=2606:4700:a0::7
2026-09-09T23:47:27Z ERR failed to serve tunnel connection error="control stream encountered a failure while serving" connIndex=0 event=0 ip=2606:4700:a0::7
2026-09-09T23:47:27Z ERR Serve tunnel error error="control stream encountered a failure while serving" connIndex=0 event=0 ip=2606:4700:a0::7
2026-09-09T23:47:27Z INF Retrying connection in up to 1m4s connIndex=0 event=0 ip=2606:4700:a0::7
2026-09-09T23:47:49Z INF Tunnel connection curve preferences: [X25519MLKEM768 CurveID(65074) CurveP256] connIndex=0 event=0 ip=2606:4700:a0::7
2026-09-09T23:47:49Z ERR failed to run the datagram handler error="context canceled" connIndex=0 event=0 ip=2606:4700:a0::7
2026-09-09T23:47:49Z ERR failed to serve tunnel connection error="control stream encountered a failure while serving" connIndex=0 event=0 ip=2606:4700:a0::7
2026-09-09T23:47:49Z ERR Serve tunnel error error="control stream encountered a failure while serving" connIndex=0 event=0 ip=2606:4700:a0::7
2026-09-09T23:47:49Z INF Retrying connection in up to 1m4s connIndex=0 event=0 ip=2606:4700:a0::7
2026-09-09T23:48:08Z INF Tunnel connection curve preferences: [X25519MLKEM768 CurveID(65074) CurveP256] connIndex=0 event=0 ip=2606:4700:a0::7
2026-09-09T23:48:08Z ERR failed to run the datagram handler error="context canceled" connIndex=0 event=0 ip=2606:4700:a0::7
2026-09-09T23:48:08Z ERR failed to serve tunnel connection error="control stream encountered a failure while serving" connIndex=0 event=0 ip=2606:4700:a0::7
2026-09-09T23:48:08Z ERR Serve tunnel error error="control stream encountered a failure while serving" connIndex=0 event=0 ip=2606:4700:a0::7
2026-09-09T23:48:08Z INF Retrying connection in up to 1m4s connIndex=0 event=0 ip=2606:4700:a0::7
2026-09-09T23:48:19Z INF Tunnel connection curve preferences: [X25519MLKEM768 CurveID(65074) CurveP256] connIndex=0 event=0 ip=2606:4700:a0::7
2026-09-09T23:48:19Z ERR failed to run the datagram handler error="context canceled" connIndex=0 event=0 ip=2606:4700:a0::7
2026-09-09T23:48:19Z ERR failed to serve tunnel connection error="control stream encountered a failure while serving" connIndex=0 event=0 ip=2606:4700:a0::7
2026-09-09T23:48:19Z ERR Serve tunnel error error="control stream encountered a failure while serving" connIndex=0 event=0 ip=2606:4700:a0::7
2026-09-09T23:48:19Z INF Retrying connection in up to 1m4s connIndex=0 event=0 ip=2606:4700:a0::7
2026-09-09T23:48:21Z INF Tunnel connection curve preferences: [X25519MLKEM768 CurveID(65074) CurveP256] connIndex=0 event=0 ip=2606:4700:a0::7
2026-09-09T23:48:21Z ERR failed to run the datagram handler error="context canceled" connIndex=0 event=0 ip=2606:4700:a0::7
2026-09-09T23:48:21Z ERR failed to serve tunnel connection error="control stream encountered a failure while serving" connIndex=0 event=0 ip=2606:4700:a0::7
2026-09-09T23:48:21Z ERR Serve tunnel error error="control stream encountered a failure while serving" connIndex=0 event=0 ip=2606:4700:a0::7
2026-09-09T23:48:21Z INF Retrying connection in up to 1m4s connIndex=0 event=0 ip=2606:4700:a0::7
2026-09-09T23:48:47Z INF Tunnel connection curve preferences: [X25519MLKEM768 CurveID(65074) CurveP256] connIndex=0 event=0 ip=2606:4700:a0::7
2026-09-09T23:48:47Z ERR failed to run the datagram handler error="context canceled" connIndex=0 event=0 ip=2606:4700:a0::7
2026-09-09T23:48:47Z ERR failed to serve tunnel connection error="control stream encountered a failure while serving" connIndex=0 event=0 ip=2606:4700:a0::7
2026-09-09T23:48:47Z ERR Serve tunnel error error="control stream encountered a failure while serving" connIndex=0 event=0 ip=2606:4700:a0::7
2026-09-09T23:48:47Z INF Retrying connection in up to 1m4s connIndex=0 event=0 ip=2606:4700:a0::7
2026-09-09T23:49:05Z INF Tunnel connection curve preferences: [X25519MLKEM768 CurveID(65074) CurveP256] connIndex=0 event=0 ip=2606:4700:a0::7
2026-09-09T23:49:05Z ERR failed to run the datagram handler error="context canceled" connIndex=0 event=0 ip=2606:4700:a0::7
2026-09-09T23:49:05Z ERR failed to serve tunnel connection error="control stream encountered a failure while serving" connIndex=0 event=0 ip=2606:4700:a0::7
2026-09-09T23:49:05Z ERR Serve tunnel error error="control stream encountered a failure while serving" connIndex=0 event=0 ip=2606:4700:a0::7
2026-09-09T23:49:05Z INF Retrying connection in up to 1m4s connIndex=0 event=0 ip=2606:4700:a0::7
2026-09-09T23:49:13Z INF Tunnel connection curve preferences: [X25519MLKEM768 CurveID(65074) CurveP256] connIndex=0 event=0 ip=2606:4700:a0::7
2026-09-09T23:49:13Z ERR failed to run the datagram handler error="context canceled" connIndex=0 event=0 ip=2606:4700:a0::7
2026-09-09T23:49:13Z ERR failed to serve tunnel connection error="control stream encountered a failure while serving" connIndex=0 event=0 ip=2606:4700:a0::7
2026-09-09T23:49:13Z ERR Serve tunnel error error="control stream encountered a failure while serving" connIndex=0 event=0 ip=2606:4700:a0::7
2026-09-09T23:49:13Z INF Retrying connection in up to 1m4s connIndex=0 event=0 ip=2606:4700:a0::7
2026-09-09T23:49:42Z INF Tunnel connection curve preferences: [X25519MLKEM768 CurveID(65074) CurveP256] connIndex=0 event=0 ip=2606:4700:a0::7
2026-09-09T23:49:42Z ERR failed to run the datagram handler error="context canceled" connIndex=0 event=0 ip=2606:4700:a0::7
2026-09-09T23:49:42Z ERR failed to serve tunnel connection error="control stream encountered a failure while serving" connIndex=0 event=0 ip=2606:4700:a0::7
2026-09-09T23:49:42Z ERR Serve tunnel error error="control stream encountered a failure while serving" connIndex=0 event=0 ip=2606:4700:a0::7
2026-09-09T23:49:42Z INF Retrying connection in up to 1m4s connIndex=0 event=0 ip=2606:4700:a0::7
2026-09-09T23:49:58Z INF Tunnel connection curve preferences: [X25519MLKEM768 CurveID(65074) CurveP256] connIndex=0 event=0 ip=2606:4700:a0::7
2026-09-09T23:49:58Z ERR failed to run the datagram handler error="context canceled" connIndex=0 event=0 ip=2606:4700:a0::7
2026-09-09T23:49:58Z ERR failed to serve tunnel connection error="control stream encountered a failure while serving" connIndex=0 event=0 ip=2606:4700:a0::7
2026-09-09T23:49:58Z ERR Serve tunnel error error="control stream encountered a failure while serving" connIndex=0 event=0 ip=2606:4700:a0::7
2026-09-09T23:49:58Z INF Retrying connection in up to 1m4s connIndex=0 event=0 ip=2606:4700:a0::7
2026-09-09T23:50:06Z INF Tunnel connection curve preferences: [X25519MLKEM768 CurveID(65074) CurveP256] connIndex=0 event=0 ip=2606:4700:a0::7
2026-09-09T23:50:06Z ERR failed to run the datagram handler error="context canceled" connIndex=0 event=0 ip=2606:4700:a0::7
2026-09-09T23:50:06Z ERR failed to serve tunnel connection error="control stream encountered a failure while serving" connIndex=0 event=0 ip=2606:4700:a0::7
2026-09-09T23:50:06Z ERR Serve tunnel error error="control stream encountered a failure while serving" connIndex=0 event=0 ip=2606:4700:a0::7
2026-09-09T23:50:06Z INF Retrying connection in up to 1m4s connIndex=0 event=0 ip=2606:4700:a0::7
2026-09-09T23:50:37Z INF Tunnel connection curve preferences: [X25519MLKEM768 CurveID(65074) CurveP256] connIndex=0 event=0 ip=2606:4700:a0::7
2026-09-09T23:50:37Z ERR failed to run the datagram handler error="context canceled" connIndex=0 event=0 ip=2606:4700:a0::7
2026-09-09T23:50:37Z ERR failed to serve tunnel connection error="control stream encountered a failure while serving" connIndex=0 event=0 ip=2606:4700:a0::7
2026-09-09T23:50:37Z ERR Serve tunnel error error="control stream encountered a failure while serving" connIndex=0 event=0 ip=2606:4700:a0::7
2026-09-09T23:50:37Z INF Retrying connection in up to 1m4s connIndex=0 event=0 ip=2606:4700:a0::7
2026-09-09T23:50:53Z INF Tunnel connection curve preferences: [X25519MLKEM768 CurveID(65074) CurveP256] connIndex=0 event=0 ip=2606:4700:a0::7
2026-09-09T23:50:53Z ERR failed to run the datagram handler error="context canceled" connIndex=0 event=0 ip=2606:4700:a0::7
2026-09-09T23:50:53Z ERR failed to serve tunnel connection error="control stream encountered a failure while serving" connIndex=0 event=0 ip=2606:4700:a0::7
2026-09-09T23:50:53Z ERR Serve tunnel error error="control stream encountered a failure while serving" connIndex=0 event=0 ip=2606:4700:a0::7
2026-09-09T23:50:53Z INF Retrying connection in up to 1m4s connIndex=0 event=0 ip=2606:4700:a0::7
2026-09-09T23:51:00Z INF Tunnel connection curve preferences: [X25519MLKEM768 CurveID(65074) CurveP256] connIndex=0 event=0 ip=2606:4700:a0::7
2026-09-09T23:51:00Z ERR failed to run the datagram handler error="context canceled" connIndex=0 event=0 ip=2606:4700:a0::7
2026-09-09T23:51:00Z ERR failed to serve tunnel connection error="control stream encountered a failure while serving" connIndex=0 event=0 ip=2606:4700:a0::7
2026-09-09T23:51:00Z ERR Serve tunnel error error="control stream encountered a failure while serving" connIndex=0 event=0 ip=2606:4700:a0::7
2026-09-09T23:51:00Z INF Retrying connection in up to 1m4s connIndex=0 event=0 ip=2606:4700:a0::7
2026-09-09T23:51:18Z INF Tunnel connection curve preferences: [X25519MLKEM768 CurveID(65074) CurveP256] connIndex=0 event=0 ip=2606:4700:a0::7
2026-09-09T23:51:18Z ERR failed to run the datagram handler error="context canceled" connIndex=0 event=0 ip=2606:4700:a0::7
2026-09-09T23:51:18Z ERR failed to serve tunnel connection error="control stream encountered a failure while serving" connIndex=0 event=0 ip=2606:4700:a0::7
2026-09-09T23:51:18Z ERR Serve tunnel error error="control stream encountered a failure while serving" connIndex=0 event=0 ip=2606:4700:a0::7
2026-09-09T23:51:18Z INF Retrying connection in up to 1m4s connIndex=0 event=0 ip=2606:4700:a0::7
2026-09-09T23:51:34Z INF Tunnel connection curve preferences: [X25519MLKEM768 CurveID(65074) CurveP256] connIndex=0 event=0 ip=2606:4700:a0::7
2026-09-09T23:51:34Z ERR failed to run the datagram handler error="context canceled" connIndex=0 event=0 ip=2606:4700:a0::7
2026-09-09T23:51:34Z ERR failed to serve tunnel connection error="control stream encountered a failure while serving" connIndex=0 event=0 ip=2606:4700:a0::7
2026-09-09T23:51:34Z ERR Serve tunnel error error="control stream encountered a failure while serving" connIndex=0 event=0 ip=2606:4700:a0::7
2026-09-09T23:51:34Z INF Retrying connection in up to 1m4s connIndex=0 event=0 ip=2606:4700:a0::7
2026-09-09T23:52:02Z INF Tunnel connection curve preferences: [X25519MLKEM768 CurveID(65074) CurveP256] connIndex=0 event=0 ip=2606:4700:a0::7
2026-09-09T23:52:02Z ERR failed to run the datagram handler error="context canceled" connIndex=0 event=0 ip=2606:4700:a0::7
2026-09-09T23:52:02Z ERR failed to serve tunnel connection error="control stream encountered a failure while serving" connIndex=0 event=0 ip=2606:4700:a0::7
2026-09-09T23:52:02Z ERR Serve tunnel error error="control stream encountered a failure while serving" connIndex=0 event=0 ip=2606:4700:a0::7
2026-09-09T23:52:02Z INF Retrying connection in up to 1m4s connIndex=0 event=0 ip=2606:4700:a0::7
2026-09-09T23:52:31Z INF Tunnel connection curve preferences: [X25519MLKEM768 CurveID(65074) CurveP256] connIndex=0 event=0 ip=2606:4700:a0::7
2026-09-09T23:52:31Z ERR failed to run the datagram handler error="context canceled" connIndex=0 event=0 ip=2606:4700:a0::7
2026-09-09T23:52:31Z ERR failed to serve tunnel connection error="control stream encountered a failure while serving" connIndex=0 event=0 ip=2606:4700:a0::7
2026-09-09T23:52:31Z ERR Serve tunnel error error="control stream encountered a failure while serving" connIndex=0 event=0 ip=2606:4700:a0::7
2026-09-09T23:52:31Z INF Retrying connection in up to 1m4s connIndex=0 event=0 ip=2606:4700:a0::7
2026-09-09T23:52:43Z INF Tunnel connection curve preferences: [X25519MLKEM768 CurveID(65074) CurveP256] connIndex=0 event=0 ip=2606:4700:a0::7
2026-09-09T23:52:44Z ERR failed to run the datagram handler error="context canceled" connIndex=0 event=0 ip=2606:4700:a0::7
2026-09-09T23:52:44Z ERR failed to serve tunnel connection error="control stream encountered a failure while serving" connIndex=0 event=0 ip=2606:4700:a0::7
2026-09-09T23:52:44Z ERR Serve tunnel error error="control stream encountered a failure while serving" connIndex=0 event=0 ip=2606:4700:a0::7
2026-09-09T23:52:44Z INF Retrying connection in up to 1m4s connIndex=0 event=0 ip=2606:4700:a0::7
2026-09-09T23:53:10Z INF Tunnel connection curve preferences: [X25519MLKEM768 CurveID(65074) CurveP256] connIndex=0 event=0 ip=2606:4700:a0::7
2026-09-09T23:53:10Z ERR failed to run the datagram handler error="context canceled" connIndex=0 event=0 ip=2606:4700:a0::7
2026-09-09T23:53:10Z ERR failed to serve tunnel connection error="control stream encountered a failure while serving" connIndex=0 event=0 ip=2606:4700:a0::7
2026-09-09T23:53:10Z ERR Serve tunnel error error="control stream encountered a failure while serving" connIndex=0 event=0 ip=2606:4700:a0::7
2026-09-09T23:53:10Z INF Retrying connection in up to 1m4s connIndex=0 event=0 ip=2606:4700:a0::7
2026-09-09T23:53:22Z INF Tunnel connection curve preferences: [X25519MLKEM768 CurveID(65074) CurveP256] connIndex=0 event=0 ip=2606:4700:a0::7
2026-09-09T23:53:22Z ERR failed to run the datagram handler error="context canceled" connIndex=0 event=0 ip=2606:4700:a0::7
2026-09-09T23:53:22Z ERR failed to serve tunnel connection error="control stream encountered a failure while serving" connIndex=0 event=0 ip=2606:4700:a0::7
2026-09-09T23:53:22Z ERR Serve tunnel error error="control stream encountered a failure while serving" connIndex=0 event=0 ip=2606:4700:a0::7
2026-09-09T23:53:22Z INF Retrying connection in up to 1m4s connIndex=0 event=0 ip=2606:4700:a0::7
2026-09-09T23:53:51Z INF Tunnel connection curve preferences: [X25519MLKEM768 CurveID(65074) CurveP256] connIndex=0 event=0 ip=2606:4700:a0::7
2026-09-09T23:53:51Z ERR failed to run the datagram handler error="context canceled" connIndex=0 event=0 ip=2606:4700:a0::7
2026-09-09T23:53:51Z ERR failed to serve tunnel connection error="control stream encountered a failure while serving" connIndex=0 event=0 ip=2606:4700:a0::7
2026-09-09T23:53:51Z ERR Serve tunnel error error="control stream encountered a failure while serving" connIndex=0 event=0 ip=2606:4700:a0::7
2026-09-09T23:53:51Z INF Retrying connection in up to 1m4s connIndex=0 event=0 ip=2606:4700:a0::7
2026-09-09T23:54:07Z INF Tunnel connection curve preferences: [X25519MLKEM768 CurveID(65074) CurveP256] connIndex=0 event=0 ip=2606:4700:a0::7
2026-09-09T23:54:07Z ERR failed to run the datagram handler error="context canceled" connIndex=0 event=0 ip=2606:4700:a0::7
2026-09-09T23:54:07Z ERR failed to serve tunnel connection error="control stream encountered a failure while serving" connIndex=0 event=0 ip=2606:4700:a0::7
2026-09-09T23:54:07Z ERR Serve tunnel error error="control stream encountered a failure while serving" connIndex=0 event=0 ip=2606:4700:a0::7
2026-09-09T23:54:07Z INF Retrying connection in up to 1m4s connIndex=0 event=0 ip=2606:4700:a0::7
2026-09-09T23:54:38Z INF Tunnel connection curve preferences: [X25519MLKEM768 CurveID(65074) CurveP256] connIndex=0 event=0 ip=2606:4700:a0::7
2026-09-09T23:54:38Z ERR failed to run the datagram handler error="context canceled" connIndex=0 event=0 ip=2606:4700:a0::7
2026-09-09T23:54:38Z ERR failed to serve tunnel connection error="control stream encountered a failure while serving" connIndex=0 event=0 ip=2606:4700:a0::7
2026-09-09T23:54:38Z ERR Serve tunnel error error="control stream encountered a failure while serving" connIndex=0 event=0 ip=2606:4700:a0::7
2026-09-09T23:54:38Z INF Retrying connection in up to 1m4s connIndex=0 event=0 ip=2606:4700:a0::7
2026-09-09T23:54:53Z INF Tunnel connection curve preferences: [X25519MLKEM768 CurveID(65074) CurveP256] connIndex=0 event=0 ip=2606:4700:a0::7
2026-09-09T23:54:53Z ERR failed to run the datagram handler error="context canceled" connIndex=0 event=0 ip=2606:4700:a0::7
2026-09-09T23:54:53Z ERR failed to serve tunnel connection error="control stream encountered a failure while serving" connIndex=0 event=0 ip=2606:4700:a0::7
2026-09-09T23:54:53Z ERR Serve tunnel error error="control stream encountered a failure while serving" connIndex=0 event=0 ip=2606:4700:a0::7
2026-09-09T23:54:53Z INF Retrying connection in up to 1m4s connIndex=0 event=0 ip=2606:4700:a0::7
2026-09-09T23:54:59Z INF Tunnel connection curve preferences: [X25519MLKEM768 CurveID(65074) CurveP256] connIndex=0 event=0 ip=2606:4700:a0::7
2026-09-09T23:54:59Z ERR failed to run the datagram handler error="context canceled" connIndex=0 event=0 ip=2606:4700:a0::7
2026-09-09T23:54:59Z ERR failed to serve tunnel connection error="control stream encountered a failure while serving" connIndex=0 event=0 ip=2606:4700:a0::7
2026-09-09T23:54:59Z ERR Serve tunnel error error="control stream encountered a failure while serving" connIndex=0 event=0 ip=2606:4700:a0::7
2026-09-09T23:54:59Z INF Retrying connection in up to 1m4s connIndex=0 event=0 ip=2606:4700:a0::7
2026-09-09T23:55:06Z INF Tunnel connection curve preferences: [X25519MLKEM768 CurveID(65074) CurveP256] connIndex=0 event=0 ip=2606:4700:a0::7
2026-09-09T23:55:06Z ERR failed to run the datagram handler error="context canceled" connIndex=0 event=0 ip=2606:4700:a0::7
2026-09-09T23:55:06Z ERR failed to serve tunnel connection error="control stream encountered a failure while serving" connIndex=0 event=0 ip=2606:4700:a0::7
2026-09-09T23:55:06Z ERR Serve tunnel error error="control stream encountered a failure while serving" connIndex=0 event=0 ip=2606:4700:a0::7
2026-09-09T23:55:06Z INF Retrying connection in up to 1m4s connIndex=0 event=0 ip=2606:4700:a0::7
2026-09-09T23:55:31Z INF Tunnel connection curve preferences: [X25519MLKEM768 CurveID(65074) CurveP256] connIndex=0 event=0 ip=2606:4700:a0::7
2026-09-09T23:55:31Z ERR failed to run the datagram handler error="context canceled" connIndex=0 event=0 ip=2606:4700:a0::7
2026-09-09T23:55:31Z ERR failed to serve tunnel connection error="control stream encountered a failure while serving" connIndex=0 event=0 ip=2606:4700:a0::7
2026-09-09T23:55:31Z ERR Serve tunnel error error="control stream encountered a failure while serving" connIndex=0 event=0 ip=2606:4700:a0::7
2026-09-09T23:55:31Z INF Retrying connection in up to 1m4s connIndex=0 event=0 ip=2606:4700:a0::7
2026-09-09T23:56:02Z INF Tunnel connection curve preferences: [X25519MLKEM768 CurveID(65074) CurveP256] connIndex=0 event=0 ip=2606:4700:a0::7
2026-09-09T23:56:02Z ERR failed to run the datagram handler error="context canceled" connIndex=0 event=0 ip=2606:4700:a0::7
2026-09-09T23:56:02Z ERR failed to serve tunnel connection error="control stream encountered a failure while serving" connIndex=0 event=0 ip=2606:4700:a0::7
2026-09-09T23:56:02Z ERR Serve tunnel error error="control stream encountered a failure while serving" connIndex=0 event=0 ip=2606:4700:a0::7
2026-09-09T23:56:02Z INF Retrying connection in up to 1m4s connIndex=0 event=0 ip=2606:4700:a0::7
2026-09-09T23:56:26Z INF Tunnel connection curve preferences: [X25519MLKEM768 CurveID(65074) CurveP256] connIndex=0 event=0 ip=2606:4700:a0::7
2026-09-09T23:56:26Z ERR failed to run the datagram handler error="context canceled" connIndex=0 event=0 ip=2606:4700:a0::7
2026-09-09T23:56:26Z ERR failed to serve tunnel connection error="control stream encountered a failure while serving" connIndex=0 event=0 ip=2606:4700:a0::7
2026-09-09T23:56:26Z ERR Serve tunnel error error="control stream encountered a failure while serving" connIndex=0 event=0 ip=2606:4700:a0::7
2026-09-09T23:56:26Z INF Retrying connection in up to 1m4s connIndex=0 event=0 ip=2606:4700:a0::7
2026-09-09T23:56:48Z INF Tunnel connection curve preferences: [X25519MLKEM768 CurveID(65074) CurveP256] connIndex=0 event=0 ip=2606:4700:a0::7
2026-09-09T23:56:48Z ERR failed to run the datagram handler error="context canceled" connIndex=0 event=0 ip=2606:4700:a0::7
2026-09-09T23:56:48Z ERR failed to serve tunnel connection error="control stream encountered a failure while serving" connIndex=0 event=0 ip=2606:4700:a0::7
2026-09-09T23:56:48Z ERR Serve tunnel error error="control stream encountered a failure while serving" connIndex=0 event=0 ip=2606:4700:a0::7
2026-09-09T23:56:48Z INF Retrying connection in up to 1m4s connIndex=0 event=0 ip=2606:4700:a0::7
2026-09-09T23:57:05Z INF Tunnel connection curve preferences: [X25519MLKEM768 CurveID(65074) CurveP256] connIndex=0 event=0 ip=2606:4700:a0::7
2026-09-09T23:57:05Z ERR failed to run the datagram handler error="context canceled" connIndex=0 event=0 ip=2606:4700:a0::7
2026-09-09T23:57:05Z ERR failed to serve tunnel connection error="control stream encountered a failure while serving" connIndex=0 event=0 ip=2606:4700:a0::7
2026-09-09T23:57:05Z ERR Serve tunnel error error="control stream encountered a failure while serving" connIndex=0 event=0 ip=2606:4700:a0::7
2026-09-09T23:57:05Z INF Retrying connection in up to 1m4s connIndex=0 event=0 ip=2606:4700:a0::7
2026-09-09T23:57:06Z INF Tunnel connection curve preferences: [X25519MLKEM768 CurveID(65074) CurveP256] connIndex=0 event=0 ip=2606:4700:a0::7
2026-09-09T23:57:06Z ERR failed to run the datagram handler error="context canceled" connIndex=0 event=0 ip=2606:4700:a0::7
2026-09-09T23:57:06Z ERR failed to serve tunnel connection error="control stream encountered a failure while serving" connIndex=0 event=0 ip=2606:4700:a0::7
2026-09-09T23:57:06Z ERR Serve tunnel error error="control stream encountered a failure while serving" connIndex=0 event=0 ip=2606:4700:a0::7
2026-09-09T23:57:06Z INF Retrying connection in up to 1m4s connIndex=0 event=0 ip=2606:4700:a0::7
2026-09-09T23:57:14Z INF Tunnel connection curve preferences: [X25519MLKEM768 CurveID(65074) CurveP256] connIndex=0 event=0 ip=2606:4700:a0::7
2026-09-09T23:57:14Z ERR failed to run the datagram handler error="context canceled" connIndex=0 event=0 ip=2606:4700:a0::7
2026-09-09T23:57:14Z ERR failed to serve tunnel connection error="control stream encountered a failure while serving" connIndex=0 event=0 ip=2606:4700:a0::7
2026-09-09T23:57:14Z ERR Serve tunnel error error="control stream encountered a failure while serving" connIndex=0 event=0 ip=2606:4700:a0::7
2026-09-09T23:57:14Z INF Retrying connection in up to 1m4s connIndex=0 event=0 ip=2606:4700:a0::7
2026-09-09T23:57:18Z INF Tunnel connection curve preferences: [X25519MLKEM768 CurveID(65074) CurveP256] connIndex=0 event=0 ip=2606:4700:a0::7
2026-09-09T23:57:18Z ERR failed to run the datagram handler error="context canceled" connIndex=0 event=0 ip=2606:4700:a0::7
2026-09-09T23:57:18Z ERR failed to serve tunnel connection error="control stream encountered a failure while serving" connIndex=0 event=0 ip=2606:4700:a0::7
2026-09-09T23:57:18Z ERR Serve tunnel error error="control stream encountered a failure while serving" connIndex=0 event=0 ip=2606:4700:a0::7
2026-09-09T23:57:18Z INF Retrying connection in up to 1m4s connIndex=0 event=0 ip=2606:4700:a0::7
2026-09-09T23:57:40Z INF Tunnel connection curve preferences: [X25519MLKEM768 CurveID(65074) CurveP256] connIndex=0 event=0 ip=2606:4700:a0::7
2026-09-09T23:57:40Z ERR failed to run the datagram handler error="context canceled" connIndex=0 event=0 ip=2606:4700:a0::7
2026-09-09T23:57:40Z ERR failed to serve tunnel connection error="control stream encountered a failure while serving" connIndex=0 event=0 ip=2606:4700:a0::7
2026-09-09T23:57:40Z ERR Serve tunnel error error="control stream encountered a failure while serving" connIndex=0 event=0 ip=2606:4700:a0::7
2026-09-09T23:57:40Z INF Retrying connection in up to 1m4s connIndex=0 event=0 ip=2606:4700:a0::7
2026-09-09T23:57:44Z INF Tunnel connection curve preferences: [X25519MLKEM768 CurveID(65074) CurveP256] connIndex=0 event=0 ip=2606:4700:a0::7
2026-09-09T23:57:44Z ERR failed to run the datagram handler error="context canceled" connIndex=0 event=0 ip=2606:4700:a0::7
2026-09-09T23:57:44Z ERR failed to serve tunnel connection error="control stream encountered a failure while serving" connIndex=0 event=0 ip=2606:4700:a0::7
2026-09-09T23:57:44Z ERR Serve tunnel error error="control stream encountered a failure while serving" connIndex=0 event=0 ip=2606:4700:a0::7
2026-09-09T23:57:44Z INF Retrying connection in up to 1m4s connIndex=0 event=0 ip=2606:4700:a0::7
2026-09-09T23:57:54Z INF Tunnel connection curve preferences: [X25519MLKEM768 CurveID(65074) CurveP256] connIndex=0 event=0 ip=2606:4700:a0::7
2026-09-09T23:57:54Z ERR failed to run the datagram handler error="context canceled" connIndex=0 event=0 ip=2606:4700:a0::7
2026-09-09T23:57:54Z ERR failed to serve tunnel connection error="control stream encountered a failure while serving" connIndex=0 event=0 ip=2606:4700:a0::7
2026-09-09T23:57:54Z ERR Serve tunnel error error="control stream encountered a failure while serving" connIndex=0 event=0 ip=2606:4700:a0::7
2026-09-09T23:57:54Z INF Retrying connection in up to 1m4s connIndex=0 event=0 ip=2606:4700:a0::7
2026-09-09T23:58:19Z INF Tunnel connection curve preferences: [X25519MLKEM768 CurveID(65074) CurveP256] connIndex=0 event=0 ip=2606:4700:a0::7
2026-09-09T23:58:19Z ERR failed to run the datagram handler error="context canceled" connIndex=0 event=0 ip=2606:4700:a0::7
2026-09-09T23:58:19Z ERR failed to serve tunnel connection error="control stream encountered a failure while serving" connIndex=0 event=0 ip=2606:4700:a0::7
2026-09-09T23:58:19Z ERR Serve tunnel error error="control stream encountered a failure while serving" connIndex=0 event=0 ip=2606:4700:a0::7
2026-09-09T23:58:19Z INF Retrying connection in up to 1m4s connIndex=0 event=0 ip=2606:4700:a0::7
2026-09-09T23:58:33Z INF Tunnel connection curve preferences: [X25519MLKEM768 CurveID(65074) CurveP256] connIndex=0 event=0 ip=2606:4700:a0::7
2026-09-09T23:58:34Z ERR failed to run the datagram handler error="context canceled" connIndex=0 event=0 ip=2606:4700:a0::7
2026-09-09T23:58:34Z ERR failed to serve tunnel connection error="control stream encountered a failure while serving" connIndex=0 event=0 ip=2606:4700:a0::7
2026-09-09T23:58:34Z ERR Serve tunnel error error="control stream encountered a failure while serving" connIndex=0 event=0 ip=2606:4700:a0::7
2026-09-09T23:58:34Z INF Retrying connection in up to 1m4s connIndex=0 event=0 ip=2606:4700:a0::7
2026-09-09T23:58:54Z INF Tunnel connection curve preferences: [X25519MLKEM768 CurveID(65074) CurveP256] connIndex=0 event=0 ip=2606:4700:a0::7
2026-09-09T23:58:54Z ERR failed to run the datagram handler error="context canceled" connIndex=0 event=0 ip=2606:4700:a0::7
2026-09-09T23:58:54Z ERR failed to serve tunnel connection error="control stream encountered a failure while serving" connIndex=0 event=0 ip=2606:4700:a0::7
2026-09-09T23:58:54Z ERR Serve tunnel error error="control stream encountered a failure while serving" connIndex=0 event=0 ip=2606:4700:a0::7
2026-09-09T23:58:54Z INF Retrying connection in up to 1m4s connIndex=0 event=0 ip=2606:4700:a0::7
2026-09-09T23:59:16Z INF Tunnel connection curve preferences: [X25519MLKEM768 CurveID(65074) CurveP256] connIndex=0 event=0 ip=2606:4700:a0::7
2026-09-09T23:59:16Z ERR failed to run the datagram handler error="context canceled" connIndex=0 event=0 ip=2606:4700:a0::7
2026-09-09T23:59:16Z ERR failed to serve tunnel connection error="control stream encountered a failure while serving" connIndex=0 event=0 ip=2606:4700:a0::7
2026-09-09T23:59:16Z ERR Serve tunnel error error="control stream encountered a failure while serving" connIndex=0 event=0 ip=2606:4700:a0::7
2026-09-09T23:59:16Z INF Retrying connection in up to 1m4s connIndex=0 event=0 ip=2606:4700:a0::7
2026-09-09T23:59:20Z INF Tunnel connection curve preferences: [X25519MLKEM768 CurveID(65074) CurveP256] connIndex=0 event=0 ip=2606:4700:a0::7
2026-09-09T23:59:21Z ERR failed to run the datagram handler error="context canceled" connIndex=0 event=0 ip=2606:4700:a0::7
2026-09-09T23:59:21Z ERR failed to serve tunnel connection error="control stream encountered a failure while serving" connIndex=0 event=0 ip=2606:4700:a0::7
2026-09-09T23:59:21Z ERR Serve tunnel error error="control stream encountered a failure while serving" connIndex=0 event=0 ip=2606:4700:a0::7
2026-09-09T23:59:21Z INF Retrying connection in up to 1m4s connIndex=0 event=0 ip=2606:4700:a0::7
2026-09-09T23:59:23Z INF Tunnel connection curve preferences: [X25519MLKEM768 CurveID(65074) CurveP256] connIndex=0 event=0 ip=2606:4700:a0::7
2026-09-09T23:59:23Z ERR failed to run the datagram handler error="context canceled" connIndex=0 event=0 ip=2606:4700:a0::7
2026-09-09T23:59:23Z ERR failed to serve tunnel connection error="control stream encountered a failure while serving" connIndex=0 event=0 ip=2606:4700:a0::7
2026-09-09T23:59:23Z ERR Serve tunnel error error="control stream encountered a failure while serving" connIndex=0 event=0 ip=2606:4700:a0::7
2026-09-09T23:59:23Z INF Retrying connection in up to 1m4s connIndex=0 event=0 ip=2606:4700:a0::7
2026-09-09T23:59:27Z INF Tunnel connection curve preferences: [X25519MLKEM768 CurveID(65074) CurveP256] connIndex=0 event=0 ip=2606:4700:a0::7
2026-09-09T23:59:27Z ERR failed to run the datagram handler error="context canceled" connIndex=0 event=0 ip=2606:4700:a0::7
2026-09-09T23:59:27Z ERR failed to serve tunnel connection error="control stream encountered a failure while serving" connIndex=0 event=0 ip=2606:4700:a0::7
2026-09-09T23:59:27Z ERR Serve tunnel error error="control stream encountered a failure while serving" connIndex=0 event=0 ip=2606:4700:a0::7
2026-09-09T23:59:27Z INF Retrying connection in up to 1m4s connIndex=0 event=0 ip=2606:4700:a0::7
2026-09-09T23:59:38Z INF Tunnel connection curve preferences: [X25519MLKEM768 CurveID(65074) CurveP256] connIndex=0 event=0 ip=2606:4700:a0::7
2026-09-09T23:59:38Z ERR failed to run the datagram handler error="context canceled" connIndex=0 event=0 ip=2606:4700:a0::7
2026-09-09T23:59:38Z ERR failed to serve tunnel connection error="control stream encountered a failure while serving" connIndex=0 event=0 ip=2606:4700:a0::7
2026-09-09T23:59:38Z ERR Serve tunnel error error="control stream encountered a failure while serving" connIndex=0 event=0 ip=2606:4700:a0::7
2026-09-09T23:59:38Z INF Retrying connection in up to 1m4s connIndex=0 event=0 ip=2606:4700:a0::7
2026-09-09T23:59:55Z INF Tunnel connection curve preferences: [X25519MLKEM768 CurveID(65074) CurveP256] connIndex=0 event=0 ip=2606:4700:a0::7
2026-09-09T23:59:56Z ERR failed to run the datagram handler error="context canceled" connIndex=0 event=0 ip=2606:4700:a0::7
2026-09-09T23:59:56Z ERR failed to serve tunnel connection error="control stream encountered a failure while serving" connIndex=0 event=0 ip=2606:4700:a0::7
2026-09-09T23:59:56Z ERR Serve tunnel error error="control stream encountered a failure while serving" connIndex=0 event=0 ip=2606:4700:a0::7
2026-09-09T23:59:56Z INF Retrying connection in up to 1m4s connIndex=0 event=0 ip=2606:4700:a0::7
2026-09-10T00:00:20Z INF Tunnel connection curve preferences: [X25519MLKEM768 CurveID(65074) CurveP256] connIndex=0 event=0 ip=2606:4700:a0::7
2026-09-10T00:00:20Z ERR failed to run the datagram handler error="context canceled" connIndex=0 event=0 ip=2606:4700:a0::7
2026-09-10T00:00:20Z ERR failed to serve tunnel connection error="control stream encountered a failure while serving" connIndex=0 event=0 ip=2606:4700:a0::7
2026-09-10T00:00:20Z ERR Serve tunnel error error="control stream encountered a failure while serving" connIndex=0 event=0 ip=2606:4700:a0::7
2026-09-10T00:00:20Z INF Retrying connection in up to 1m4s connIndex=0 event=0 ip=2606:4700:a0::7
2026-09-10T00:00:35Z INF Tunnel connection curve preferences: [X25519MLKEM768 CurveID(65074) CurveP256] connIndex=0 event=0 ip=2606:4700:a0::7
2026-09-10T00:00:35Z ERR failed to run the datagram handler error="context canceled" connIndex=0 event=0 ip=2606:4700:a0::7
2026-09-10T00:00:35Z ERR failed to serve tunnel connection error="control stream encountered a failure while serving" connIndex=0 event=0 ip=2606:4700:a0::7
2026-09-10T00:00:35Z ERR Serve tunnel error error="control stream encountered a failure while serving" connIndex=0 event=0 ip=2606:4700:a0::7
2026-09-10T00:00:35Z INF Retrying connection in up to 1m4s connIndex=0 event=0 ip=2606:4700:a0::7
2026-09-10T00:01:02Z INF Tunnel connection curve preferences: [X25519MLKEM768 CurveID(65074) CurveP256] connIndex=0 event=0 ip=2606:4700:a0::7
2026-09-10T00:01:02Z ERR failed to run the datagram handler error="context canceled" connIndex=0 event=0 ip=2606:4700:a0::7
2026-09-10T00:01:02Z ERR failed to serve tunnel connection error="control stream encountered a failure while serving" connIndex=0 event=0 ip=2606:4700:a0::7
2026-09-10T00:01:02Z ERR Serve tunnel error error="control stream encountered a failure while serving" connIndex=0 event=0 ip=2606:4700:a0::7
2026-09-10T00:01:02Z INF Retrying connection in up to 1m4s connIndex=0 event=0 ip=2606:4700:a0::7
2026-09-10T00:01:08Z INF Tunnel connection curve preferences: [X25519MLKEM768 CurveID(65074) CurveP256] connIndex=0 event=0 ip=2606:4700:a0::7
2026-09-10T00:01:08Z ERR failed to run the datagram handler error="context canceled" connIndex=0 event=0 ip=2606:4700:a0::7
2026-09-10T00:01:08Z ERR failed to serve tunnel connection error="control stream encountered a failure while serving" connIndex=0 event=0 ip=2606:4700:a0::7
2026-09-10T00:01:08Z ERR Serve tunnel error error="control stream encountered a failure while serving" connIndex=0 event=0 ip=2606:4700:a0::7
2026-09-10T00:01:08Z INF Retrying connection in up to 1m4s connIndex=0 event=0 ip=2606:4700:a0::7
2026-09-10T00:01:37Z INF Tunnel connection curve preferences: [X25519MLKEM768 CurveID(65074) CurveP256] connIndex=0 event=0 ip=2606:4700:a0::7
2026-09-10T00:01:37Z ERR failed to run the datagram handler error="context canceled" connIndex=0 event=0 ip=2606:4700:a0::7
2026-09-10T00:01:37Z ERR failed to serve tunnel connection error="control stream encountered a failure while serving" connIndex=0 event=0 ip=2606:4700:a0::7
2026-09-10T00:01:37Z ERR Serve tunnel error error="control stream encountered a failure while serving" connIndex=0 event=0 ip=2606:4700:a0::7
2026-09-10T00:01:37Z INF Retrying connection in up to 1m4s connIndex=0 event=0 ip=2606:4700:a0::7
2026-09-10T00:01:37Z INF Tunnel connection curve preferences: [X25519MLKEM768 CurveID(65074) CurveP256] connIndex=0 event=0 ip=2606:4700:a0::7
2026-09-10T00:01:37Z ERR failed to run the datagram handler error="context canceled" connIndex=0 event=0 ip=2606:4700:a0::7
2026-09-10T00:01:37Z ERR failed to serve tunnel connection error="control stream encountered a failure while serving" connIndex=0 event=0 ip=2606:4700:a0::7
2026-09-10T00:01:37Z ERR Serve tunnel error error="control stream encountered a failure while serving" connIndex=0 event=0 ip=2606:4700:a0::7
2026-09-10T00:01:37Z INF Retrying connection in up to 1m4s connIndex=0 event=0 ip=2606:4700:a0::7
2026-09-10T00:01:45Z INF Tunnel connection curve preferences: [X25519MLKEM768 CurveID(65074) CurveP256] connIndex=0 event=0 ip=2606:4700:a0::7
2026-09-10T00:01:45Z ERR failed to run the datagram handler error="context canceled" connIndex=0 event=0 ip=2606:4700:a0::7
2026-09-10T00:01:45Z ERR failed to serve tunnel connection error="control stream encountered a failure while serving" connIndex=0 event=0 ip=2606:4700:a0::7
2026-09-10T00:01:45Z ERR Serve tunnel error error="control stream encountered a failure while serving" connIndex=0 event=0 ip=2606:4700:a0::7
2026-09-10T00:01:45Z INF Retrying connection in up to 1m4s connIndex=0 event=0 ip=2606:4700:a0::7
2026-09-10T00:01:58Z INF Tunnel connection curve preferences: [X25519MLKEM768 CurveID(65074) CurveP256] connIndex=0 event=0 ip=2606:4700:a0::7
2026-09-10T00:01:58Z ERR failed to run the datagram handler error="context canceled" connIndex=0 event=0 ip=2606:4700:a0::7
2026-09-10T00:01:58Z ERR failed to serve tunnel connection error="control stream encountered a failure while serving" connIndex=0 event=0 ip=2606:4700:a0::7
2026-09-10T00:01:58Z ERR Serve tunnel error error="control stream encountered a failure while serving" connIndex=0 event=0 ip=2606:4700:a0::7
2026-09-10T00:01:58Z INF Retrying connection in up to 1m4s connIndex=0 event=0 ip=2606:4700:a0::7
2026-09-10T00:02:23Z INF Tunnel connection curve preferences: [X25519MLKEM768 CurveID(65074) CurveP256] connIndex=0 event=0 ip=2606:4700:a0::7
2026-09-10T00:02:23Z ERR failed to run the datagram handler error="context canceled" connIndex=0 event=0 ip=2606:4700:a0::7
2026-09-10T00:02:23Z ERR failed to serve tunnel connection error="control stream encountered a failure while serving" connIndex=0 event=0 ip=2606:4700:a0::7
2026-09-10T00:02:23Z ERR Serve tunnel error error="control stream encountered a failure while serving" connIndex=0 event=0 ip=2606:4700:a0::7
2026-09-10T00:02:23Z INF Retrying connection in up to 1m4s connIndex=0 event=0 ip=2606:4700:a0::7
2026-09-10T00:02:50Z INF Tunnel connection curve preferences: [X25519MLKEM768 CurveID(65074) CurveP256] connIndex=0 event=0 ip=2606:4700:a0::7
2026-09-10T00:02:50Z ERR failed to run the datagram handler error="context canceled" connIndex=0 event=0 ip=2606:4700:a0::7
2026-09-10T00:02:50Z ERR failed to serve tunnel connection error="control stream encountered a failure while serving" connIndex=0 event=0 ip=2606:4700:a0::7
2026-09-10T00:02:50Z ERR Serve tunnel error error="control stream encountered a failure while serving" connIndex=0 event=0 ip=2606:4700:a0::7
2026-09-10T00:02:50Z INF Retrying connection in up to 1m4s connIndex=0 event=0 ip=2606:4700:a0::7
2026-09-10T00:03:00Z INF Tunnel connection curve preferences: [X25519MLKEM768 CurveID(65074) CurveP256] connIndex=0 event=0 ip=2606:4700:a0::7
2026-09-10T00:03:00Z ERR failed to run the datagram handler error="context canceled" connIndex=0 event=0 ip=2606:4700:a0::7
2026-09-10T00:03:00Z ERR failed to serve tunnel connection error="control stream encountered a failure while serving" connIndex=0 event=0 ip=2606:4700:a0::7
2026-09-10T00:03:00Z ERR Serve tunnel error error="control stream encountered a failure while serving" connIndex=0 event=0 ip=2606:4700:a0::7
2026-09-10T00:03:00Z INF Retrying connection in up to 1m4s connIndex=0 event=0 ip=2606:4700:a0::7
2026-09-10T00:03:06Z INF Tunnel connection curve preferences: [X25519MLKEM768 CurveID(65074) CurveP256] connIndex=0 event=0 ip=2606:4700:a0::7
2026-09-10T00:03:06Z ERR failed to run the datagram handler error="context canceled" connIndex=0 event=0 ip=2606:4700:a0::7
2026-09-10T00:03:06Z ERR failed to serve tunnel connection error="control stream encountered a failure while serving" connIndex=0 event=0 ip=2606:4700:a0::7
2026-09-10T00:03:06Z ERR Serve tunnel error error="control stream encountered a failure while serving" connIndex=0 event=0 ip=2606:4700:a0::7
2026-09-10T00:03:06Z INF Retrying connection in up to 1m4s connIndex=0 event=0 ip=2606:4700:a0::7
2026-09-10T00:03:20Z INF Tunnel connection curve preferences: [X25519MLKEM768 CurveID(65074) CurveP256] connIndex=0 event=0 ip=2606:4700:a0::7
2026-09-10T00:03:20Z ERR failed to run the datagram handler error="context canceled" connIndex=0 event=0 ip=2606:4700:a0::7
2026-09-10T00:03:20Z ERR failed to serve tunnel connection error="control stream encountered a failure while serving" connIndex=0 event=0 ip=2606:4700:a0::7
2026-09-10T00:03:20Z ERR Serve tunnel error error="control stream encountered a failure while serving" connIndex=0 event=0 ip=2606:4700:a0::7
2026-09-10T00:03:20Z INF Retrying connection in up to 1m4s connIndex=0 event=0 ip=2606:4700:a0::7
2026-09-10T00:03:27Z INF Tunnel connection curve preferences: [X25519MLKEM768 CurveID(65074) CurveP256] connIndex=0 event=0 ip=2606:4700:a0::7
2026-09-10T00:03:27Z ERR failed to run the datagram handler error="context canceled" connIndex=0 event=0 ip=2606:4700:a0::7
2026-09-10T00:03:27Z ERR failed to serve tunnel connection error="control stream encountered a failure while serving" connIndex=0 event=0 ip=2606:4700:a0::7
2026-09-10T00:03:27Z ERR Serve tunnel error error="control stream encountered a failure while serving" connIndex=0 event=0 ip=2606:4700:a0::7
2026-09-10T00:03:27Z INF Retrying connection in up to 1m4s connIndex=0 event=0 ip=2606:4700:a0::7
2026-09-10T00:03:47Z INF Tunnel connection curve preferences: [X25519MLKEM768 CurveID(65074) CurveP256] connIndex=0 event=0 ip=2606:4700:a0::7
2026-09-10T00:03:47Z ERR failed to run the datagram handler error="context canceled" connIndex=0 event=0 ip=2606:4700:a0::7
2026-09-10T00:03:47Z ERR failed to serve tunnel connection error="control stream encountered a failure while serving" connIndex=0 event=0 ip=2606:4700:a0::7
2026-09-10T00:03:47Z ERR Serve tunnel error error="control stream encountered a failure while serving" connIndex=0 event=0 ip=2606:4700:a0::7
2026-09-10T00:03:47Z INF Retrying connection in up to 1m4s connIndex=0 event=0 ip=2606:4700:a0::7
2026-09-10T00:04:13Z INF Tunnel connection curve preferences: [X25519MLKEM768 CurveID(65074) CurveP256] connIndex=0 event=0 ip=2606:4700:a0::7
2026-09-10T00:04:13Z ERR failed to run the datagram handler error="context canceled" connIndex=0 event=0 ip=2606:4700:a0::7
2026-09-10T00:04:13Z ERR failed to serve tunnel connection error="control stream encountered a failure while serving" connIndex=0 event=0 ip=2606:4700:a0::7
2026-09-10T00:04:13Z ERR Serve tunnel error error="control stream encountered a failure while serving" connIndex=0 event=0 ip=2606:4700:a0::7
2026-09-10T00:04:13Z INF Retrying connection in up to 1m4s connIndex=0 event=0 ip=2606:4700:a0::7
2026-09-10T00:04:20Z INF Tunnel connection curve preferences: [X25519MLKEM768 CurveID(65074) CurveP256] connIndex=0 event=0 ip=2606:4700:a0::7
2026-09-10T00:04:20Z ERR failed to run the datagram handler error="context canceled" connIndex=0 event=0 ip=2606:4700:a0::7
2026-09-10T00:04:20Z ERR failed to serve tunnel connection error="control stream encountered a failure while serving" connIndex=0 event=0 ip=2606:4700:a0::7
2026-09-10T00:04:20Z ERR Serve tunnel error error="control stream encountered a failure while serving" connIndex=0 event=0 ip=2606:4700:a0::7
2026-09-10T00:04:20Z INF Retrying connection in up to 1m4s connIndex=0 event=0 ip=2606:4700:a0::7
2026-09-10T00:04:33Z INF Tunnel connection curve preferences: [X25519MLKEM768 CurveID(65074) CurveP256] connIndex=0 event=0 ip=2606:4700:a0::7
2026-09-10T00:04:33Z ERR failed to run the datagram handler error="context canceled" connIndex=0 event=0 ip=2606:4700:a0::7
2026-09-10T00:04:33Z ERR failed to serve tunnel connection error="control stream encountered a failure while serving" connIndex=0 event=0 ip=2606:4700:a0::7
2026-09-10T00:04:33Z ERR Serve tunnel error error="control stream encountered a failure while serving" connIndex=0 event=0 ip=2606:4700:a0::7
2026-09-10T00:04:33Z INF Retrying connection in up to 1m4s connIndex=0 event=0 ip=2606:4700:a0::7
2026-09-10T00:05:05Z INF Tunnel connection curve preferences: [X25519MLKEM768 CurveID(65074) CurveP256] connIndex=0 event=0 ip=2606:4700:a0::7
2026-09-10T00:05:05Z ERR failed to run the datagram handler error="context canceled" connIndex=0 event=0 ip=2606:4700:a0::7
2026-09-10T00:05:05Z ERR failed to serve tunnel connection error="control stream encountered a failure while serving" connIndex=0 event=0 ip=2606:4700:a0::7
2026-09-10T00:05:05Z ERR Serve tunnel error error="control stream encountered a failure while serving" connIndex=0 event=0 ip=2606:4700:a0::7
2026-09-10T00:05:05Z INF Retrying connection in up to 1m4s connIndex=0 event=0 ip=2606:4700:a0::7
2026-09-10T00:05:32Z INF Tunnel connection curve preferences: [X25519MLKEM768 CurveID(65074) CurveP256] connIndex=0 event=0 ip=2606:4700:a0::7
2026-09-10T00:05:32Z ERR failed to run the datagram handler error="context canceled" connIndex=0 event=0 ip=2606:4700:a0::7
2026-09-10T00:05:32Z ERR failed to serve tunnel connection error="control stream encountered a failure while serving" connIndex=0 event=0 ip=2606:4700:a0::7
2026-09-10T00:05:32Z ERR Serve tunnel error error="control stream encountered a failure while serving" connIndex=0 event=0 ip=2606:4700:a0::7
2026-09-10T00:05:32Z INF Retrying connection in up to 1m4s connIndex=0 event=0 ip=2606:4700:a0::7
2026-09-10T00:05:43Z INF Tunnel connection curve preferences: [X25519MLKEM768 CurveID(65074) CurveP256] connIndex=0 event=0 ip=2606:4700:a0::7
2026-09-10T00:05:43Z ERR failed to run the datagram handler error="context canceled" connIndex=0 event=0 ip=2606:4700:a0::7
2026-09-10T00:05:43Z ERR failed to serve tunnel connection error="control stream encountered a failure while serving" connIndex=0 event=0 ip=2606:4700:a0::7
2026-09-10T00:05:43Z ERR Serve tunnel error error="control stream encountered a failure while serving" connIndex=0 event=0 ip=2606:4700:a0::7
2026-09-10T00:05:43Z INF Retrying connection in up to 1m4s connIndex=0 event=0 ip=2606:4700:a0::7
2026-09-10T00:06:07Z INF Tunnel connection curve preferences: [X25519MLKEM768 CurveID(65074) CurveP256] connIndex=0 event=0 ip=2606:4700:a0::7
2026-09-10T00:06:07Z ERR failed to run the datagram handler error="context canceled" connIndex=0 event=0 ip=2606:4700:a0::7
2026-09-10T00:06:07Z ERR failed to serve tunnel connection error="control stream encountered a failure while serving" connIndex=0 event=0 ip=2606:4700:a0::7
2026-09-10T00:06:07Z ERR Serve tunnel error error="control stream encountered a failure while serving" connIndex=0 event=0 ip=2606:4700:a0::7
2026-09-10T00:06:07Z INF Retrying connection in up to 1m4s connIndex=0 event=0 ip=2606:4700:a0::7
2026-09-10T00:06:21Z INF Tunnel connection curve preferences: [X25519MLKEM768 CurveID(65074) CurveP256] connIndex=0 event=0 ip=2606:4700:a0::7
2026-09-10T00:06:21Z ERR failed to run the datagram handler error="context canceled" connIndex=0 event=0 ip=2606:4700:a0::7
2026-09-10T00:06:21Z ERR failed to serve tunnel connection error="control stream encountered a failure while serving" connIndex=0 event=0 ip=2606:4700:a0::7
2026-09-10T00:06:21Z ERR Serve tunnel error error="control stream encountered a failure while serving" connIndex=0 event=0 ip=2606:4700:a0::7
2026-09-10T00:06:21Z INF Retrying connection in up to 1m4s connIndex=0 event=0 ip=2606:4700:a0::7
2026-09-10T00:06:52Z INF Tunnel connection curve preferences: [X25519MLKEM768 CurveID(65074) CurveP256] connIndex=0 event=0 ip=2606:4700:a0::7
2026-09-10T00:06:52Z ERR failed to run the datagram handler error="context canceled" connIndex=0 event=0 ip=2606:4700:a0::7
2026-09-10T00:06:52Z ERR failed to serve tunnel connection error="control stream encountered a failure while serving" connIndex=0 event=0 ip=2606:4700:a0::7
2026-09-10T00:06:52Z ERR Serve tunnel error error="control stream encountered a failure while serving" connIndex=0 event=0 ip=2606:4700:a0::7
2026-09-10T00:06:52Z INF Retrying connection in up to 1m4s connIndex=0 event=0 ip=2606:4700:a0::7
2026-09-10T00:06:57Z INF Tunnel connection curve preferences: [X25519MLKEM768 CurveID(65074) CurveP256] connIndex=0 event=0 ip=2606:4700:a0::7
2026-09-10T00:06:57Z ERR failed to run the datagram handler error="context canceled" connIndex=0 event=0 ip=2606:4700:a0::7
2026-09-10T00:06:57Z ERR failed to serve tunnel connection error="control stream encountered a failure while serving" connIndex=0 event=0 ip=2606:4700:a0::7
2026-09-10T00:06:57Z ERR Serve tunnel error error="control stream encountered a failure while serving" connIndex=0 event=0 ip=2606:4700:a0::7
2026-09-10T00:06:57Z INF Retrying connection in up to 1m4s connIndex=0 event=0 ip=2606:4700:a0::7
2026-09-10T00:07:04Z INF Tunnel connection curve preferences: [X25519MLKEM768 CurveID(65074) CurveP256] connIndex=0 event=0 ip=2606:4700:a0::7
2026-09-10T00:07:04Z ERR failed to run the datagram handler error="context canceled" connIndex=0 event=0 ip=2606:4700:a0::7
2026-09-10T00:07:04Z ERR failed to serve tunnel connection error="control stream encountered a failure while serving" connIndex=0 event=0 ip=2606:4700:a0::7
2026-09-10T00:07:04Z ERR Serve tunnel error error="control stream encountered a failure while serving" connIndex=0 event=0 ip=2606:4700:a0::7
2026-09-10T00:07:04Z INF Retrying connection in up to 1m4s connIndex=0 event=0 ip=2606:4700:a0::7
2026-09-10T00:07:07Z INF Tunnel connection curve preferences: [X25519MLKEM768 CurveID(65074) CurveP256] connIndex=0 event=0 ip=2606:4700:a0::7
2026-09-10T00:07:07Z ERR failed to run the datagram handler error="context canceled" connIndex=0 event=0 ip=2606:4700:a0::7
2026-09-10T00:07:07Z ERR failed to serve tunnel connection error="control stream encountered a failure while serving" connIndex=0 event=0 ip=2606:4700:a0::7
2026-09-10T00:07:07Z ERR Serve tunnel error error="control stream encountered a failure while serving" connIndex=0 event=0 ip=2606:4700:a0::7
2026-09-10T00:07:07Z INF Retrying connection in up to 1m4s connIndex=0 event=0 ip=2606:4700:a0::7
2026-09-10T00:07:17Z INF Tunnel connection curve preferences: [X25519MLKEM768 CurveID(65074) CurveP256] connIndex=0 event=0 ip=2606:4700:a0::7
2026-09-10T00:07:17Z ERR failed to run the datagram handler error="context canceled" connIndex=0 event=0 ip=2606:4700:a0::7
2026-09-10T00:07:17Z ERR failed to serve tunnel connection error="control stream encountered a failure while serving" connIndex=0 event=0 ip=2606:4700:a0::7
2026-09-10T00:07:17Z ERR Serve tunnel error error="control stream encountered a failure while serving" connIndex=0 event=0 ip=2606:4700:a0::7
2026-09-10T00:07:17Z INF Retrying connection in up to 1m4s connIndex=0 event=0 ip=2606:4700:a0::7
2026-09-10T00:07:25Z INF Tunnel connection curve preferences: [X25519MLKEM768 CurveID(65074) CurveP256] connIndex=0 event=0 ip=2606:4700:a0::7
2026-09-10T00:07:25Z ERR failed to run the datagram handler error="context canceled" connIndex=0 event=0 ip=2606:4700:a0::7
2026-09-10T00:07:25Z ERR failed to serve tunnel connection error="control stream encountered a failure while serving" connIndex=0 event=0 ip=2606:4700:a0::7
2026-09-10T00:07:25Z ERR Serve tunnel error error="control stream encountered a failure while serving" connIndex=0 event=0 ip=2606:4700:a0::7
2026-09-10T00:07:25Z INF Retrying connection in up to 1m4s connIndex=0 event=0 ip=2606:4700:a0::7
2026-09-10T00:07:45Z INF Tunnel connection curve preferences: [X25519MLKEM768 CurveID(65074) CurveP256] connIndex=0 event=0 ip=2606:4700:a0::7
2026-09-10T00:07:45Z ERR failed to run the datagram handler error="context canceled" connIndex=0 event=0 ip=2606:4700:a0::7
2026-09-10T00:07:45Z ERR failed to serve tunnel connection error="control stream encountered a failure while serving" connIndex=0 event=0 ip=2606:4700:a0::7
2026-09-10T00:07:45Z ERR Serve tunnel error error="control stream encountered a failure while serving" connIndex=0 event=0 ip=2606:4700:a0::7
2026-09-10T00:07:45Z INF Retrying connection in up to 1m4s connIndex=0 event=0 ip=2606:4700:a0::7
2026-09-10T00:08:15Z INF Tunnel connection curve preferences: [X25519MLKEM768 CurveID(65074) CurveP256] connIndex=0 event=0 ip=2606:4700:a0::7
2026-09-10T00:08:15Z ERR failed to run the datagram handler error="context canceled" connIndex=0 event=0 ip=2606:4700:a0::7
2026-09-10T00:08:15Z ERR failed to serve tunnel connection error="control stream encountered a failure while serving" connIndex=0 event=0 ip=2606:4700:a0::7
2026-09-10T00:08:15Z ERR Serve tunnel error error="control stream encountered a failure while serving" connIndex=0 event=0 ip=2606:4700:a0::7
2026-09-10T00:08:15Z INF Retrying connection in up to 1m4s connIndex=0 event=0 ip=2606:4700:a0::7
2026-09-10T00:08:46Z INF Tunnel connection curve preferences: [X25519MLKEM768 CurveID(65074) CurveP256] connIndex=0 event=0 ip=2606:4700:a0::7
2026-09-10T00:08:46Z ERR failed to run the datagram handler error="context canceled" connIndex=0 event=0 ip=2606:4700:a0::7
2026-09-10T00:08:46Z ERR failed to serve tunnel connection error="control stream encountered a failure while serving" connIndex=0 event=0 ip=2606:4700:a0::7
2026-09-10T00:08:46Z ERR Serve tunnel error error="control stream encountered a failure while serving" connIndex=0 event=0 ip=2606:4700:a0::7
2026-09-10T00:08:46Z INF Retrying connection in up to 1m4s connIndex=0 event=0 ip=2606:4700:a0::7
2026-09-10T00:08:59Z INF Tunnel connection curve preferences: [X25519MLKEM768 CurveID(65074) CurveP256] connIndex=0 event=0 ip=2606:4700:a0::7
2026-09-10T00:08:59Z ERR failed to run the datagram handler error="context canceled" connIndex=0 event=0 ip=2606:4700:a0::7
2026-09-10T00:08:59Z ERR failed to serve tunnel connection error="control stream encountered a failure while serving" connIndex=0 event=0 ip=2606:4700:a0::7
2026-09-10T00:08:59Z ERR Serve tunnel error error="control stream encountered a failure while serving" connIndex=0 event=0 ip=2606:4700:a0::7
2026-09-10T00:08:59Z INF Retrying connection in up to 1m4s connIndex=0 event=0 ip=2606:4700:a0::7
2026-09-10T00:09:00Z INF Tunnel connection curve preferences: [X25519MLKEM768 CurveID(65074) CurveP256] connIndex=0 event=0 ip=2606:4700:a0::7
2026-09-10T00:09:00Z ERR failed to run the datagram handler error="context canceled" connIndex=0 event=0 ip=2606:4700:a0::7
2026-09-10T00:09:00Z ERR failed to serve tunnel connection error="control stream encountered a failure while serving" connIndex=0 event=0 ip=2606:4700:a0::7
2026-09-10T00:09:00Z ERR Serve tunnel error error="control stream encountered a failure while serving" connIndex=0 event=0 ip=2606:4700:a0::7
2026-09-10T00:09:00Z INF Retrying connection in up to 1m4s connIndex=0 event=0 ip=2606:4700:a0::7
2026-09-10T00:09:10Z INF Tunnel connection curve preferences: [X25519MLKEM768 CurveID(65074) CurveP256] connIndex=0 event=0 ip=2606:4700:a0::7
2026-09-10T00:09:10Z ERR failed to run the datagram handler error="context canceled" connIndex=0 event=0 ip=2606:4700:a0::7
2026-09-10T00:09:10Z ERR failed to serve tunnel connection error="control stream encountered a failure while serving" connIndex=0 event=0 ip=2606:4700:a0::7
2026-09-10T00:09:10Z ERR Serve tunnel error error="control stream encountered a failure while serving" connIndex=0 event=0 ip=2606:4700:a0::7
2026-09-10T00:09:10Z INF Retrying connection in up to 1m4s connIndex=0 event=0 ip=2606:4700:a0::7
2026-09-10T00:09:34Z INF Tunnel connection curve preferences: [X25519MLKEM768 CurveID(65074) CurveP256] connIndex=0 event=0 ip=2606:4700:a0::7
2026-09-10T00:09:34Z ERR failed to run the datagram handler error="context canceled" connIndex=0 event=0 ip=2606:4700:a0::7
2026-09-10T00:09:34Z ERR failed to serve tunnel connection error="control stream encountered a failure while serving" connIndex=0 event=0 ip=2606:4700:a0::7
2026-09-10T00:09:34Z ERR Serve tunnel error error="control stream encountered a failure while serving" connIndex=0 event=0 ip=2606:4700:a0::7
2026-09-10T00:09:34Z INF Retrying connection in up to 1m4s connIndex=0 event=0 ip=2606:4700:a0::7
2026-09-10T00:09:37Z INF Tunnel connection curve preferences: [X25519MLKEM768 CurveID(65074) CurveP256] connIndex=0 event=0 ip=2606:4700:a0::7
2026-09-10T00:09:37Z ERR failed to run the datagram handler error="context canceled" connIndex=0 event=0 ip=2606:4700:a0::7
2026-09-10T00:09:37Z ERR failed to serve tunnel connection error="control stream encountered a failure while serving" connIndex=0 event=0 ip=2606:4700:a0::7
2026-09-10T00:09:37Z ERR Serve tunnel error error="control stream encountered a failure while serving" connIndex=0 event=0 ip=2606:4700:a0::7
2026-09-10T00:09:37Z INF Retrying connection in up to 1m4s connIndex=0 event=0 ip=2606:4700:a0::7
2026-09-10T00:09:48Z INF Tunnel connection curve preferences: [X25519MLKEM768 CurveID(65074) CurveP256] connIndex=0 event=0 ip=2606:4700:a0::7
2026-09-10T00:09:48Z ERR failed to run the datagram handler error="context canceled" connIndex=0 event=0 ip=2606:4700:a0::7
2026-09-10T00:09:48Z ERR failed to serve tunnel connection error="control stream encountered a failure while serving" connIndex=0 event=0 ip=2606:4700:a0::7
2026-09-10T00:09:48Z ERR Serve tunnel error error="control stream encountered a failure while serving" connIndex=0 event=0 ip=2606:4700:a0::7
2026-09-10T00:09:48Z INF Retrying connection in up to 1m4s connIndex=0 event=0 ip=2606:4700:a0::7
2026-09-10T00:10:09Z INF Tunnel connection curve preferences: [X25519MLKEM768 CurveID(65074) CurveP256] connIndex=0 event=0 ip=2606:4700:a0::7
2026-09-10T00:10:09Z ERR failed to run the datagram handler error="context canceled" connIndex=0 event=0 ip=2606:4700:a0::7
2026-09-10T00:10:09Z ERR failed to serve tunnel connection error="control stream encountered a failure while serving" connIndex=0 event=0 ip=2606:4700:a0::7
2026-09-10T00:10:09Z ERR Serve tunnel error error="control stream encountered a failure while serving" connIndex=0 event=0 ip=2606:4700:a0::7
2026-09-10T00:10:09Z INF Retrying connection in up to 1m4s connIndex=0 event=0 ip=2606:4700:a0::7
2026-09-10T00:10:09Z INF Tunnel connection curve preferences: [X25519MLKEM768 CurveID(65074) CurveP256] connIndex=0 event=0 ip=2606:4700:a0::7
2026-09-10T00:10:09Z ERR failed to run the datagram handler error="context canceled" connIndex=0 event=0 ip=2606:4700:a0::7
2026-09-10T00:10:09Z ERR failed to serve tunnel connection error="control stream encountered a failure while serving" connIndex=0 event=0 ip=2606:4700:a0::7
2026-09-10T00:10:09Z ERR Serve tunnel error error="control stream encountered a failure while serving" connIndex=0 event=0 ip=2606:4700:a0::7
2026-09-10T00:10:09Z INF Retrying connection in up to 1m4s connIndex=0 event=0 ip=2606:4700:a0::7
2026-09-10T00:10:33Z INF Tunnel connection curve preferences: [X25519MLKEM768 CurveID(65074) CurveP256] connIndex=0 event=0 ip=2606:4700:a0::7
2026-09-10T00:10:33Z ERR failed to run the datagram handler error="context canceled" connIndex=0 event=0 ip=2606:4700:a0::7
2026-09-10T00:10:33Z ERR failed to serve tunnel connection error="control stream encountered a failure while serving" connIndex=0 event=0 ip=2606:4700:a0::7
2026-09-10T00:10:33Z ERR Serve tunnel error error="control stream encountered a failure while serving" connIndex=0 event=0 ip=2606:4700:a0::7
2026-09-10T00:10:33Z INF Retrying connection in up to 1m4s connIndex=0 event=0 ip=2606:4700:a0::7
2026-09-10T00:10:48Z INF Tunnel connection curve preferences: [X25519MLKEM768 CurveID(65074) CurveP256] connIndex=0 event=0 ip=2606:4700:a0::7
2026-09-10T00:10:48Z ERR failed to run the datagram handler error="context canceled" connIndex=0 event=0 ip=2606:4700:a0::7
2026-09-10T00:10:48Z ERR failed to serve tunnel connection error="control stream encountered a failure while serving" connIndex=0 event=0 ip=2606:4700:a0::7
2026-09-10T00:10:48Z ERR Serve tunnel error error="control stream encountered a failure while serving" connIndex=0 event=0 ip=2606:4700:a0::7
2026-09-10T00:10:48Z INF Retrying connection in up to 1m4s connIndex=0 event=0 ip=2606:4700:a0::7
2026-09-10T00:11:07Z INF Tunnel connection curve preferences: [X25519MLKEM768 CurveID(65074) CurveP256] connIndex=0 event=0 ip=2606:4700:a0::7
2026-09-10T00:11:07Z ERR failed to run the datagram handler error="context canceled" connIndex=0 event=0 ip=2606:4700:a0::7
2026-09-10T00:11:07Z ERR failed to serve tunnel connection error="control stream encountered a failure while serving" connIndex=0 event=0 ip=2606:4700:a0::7
2026-09-10T00:11:07Z ERR Serve tunnel error error="control stream encountered a failure while serving" connIndex=0 event=0 ip=2606:4700:a0::7
2026-09-10T00:11:07Z INF Retrying connection in up to 1m4s connIndex=0 event=0 ip=2606:4700:a0::7
2026-09-10T00:11:13Z INF Tunnel connection curve preferences: [X25519MLKEM768 CurveID(65074) CurveP256] connIndex=0 event=0 ip=2606:4700:a0::7
2026-09-10T00:11:14Z ERR failed to run the datagram handler error="context canceled" connIndex=0 event=0 ip=2606:4700:a0::7
2026-09-10T00:11:14Z ERR failed to serve tunnel connection error="control stream encountered a failure while serving" connIndex=0 event=0 ip=2606:4700:a0::7
2026-09-10T00:11:14Z ERR Serve tunnel error error="control stream encountered a failure while serving" connIndex=0 event=0 ip=2606:4700:a0::7
2026-09-10T00:11:14Z INF Retrying connection in up to 1m4s connIndex=0 event=0 ip=2606:4700:a0::7
2026-09-10T00:11:26Z INF Tunnel connection curve preferences: [X25519MLKEM768 CurveID(65074) CurveP256] connIndex=0 event=0 ip=2606:4700:a0::7
2026-09-10T00:11:26Z ERR failed to run the datagram handler error="context canceled" connIndex=0 event=0 ip=2606:4700:a0::7
2026-09-10T00:11:26Z ERR failed to serve tunnel connection error="control stream encountered a failure while serving" connIndex=0 event=0 ip=2606:4700:a0::7
2026-09-10T00:11:26Z ERR Serve tunnel error error="control stream encountered a failure while serving" connIndex=0 event=0 ip=2606:4700:a0::7
2026-09-10T00:11:26Z INF Retrying connection in up to 1m4s connIndex=0 event=0 ip=2606:4700:a0::7
2026-09-10T00:11:57Z INF Tunnel connection curve preferences: [X25519MLKEM768 CurveID(65074) CurveP256] connIndex=0 event=0 ip=2606:4700:a0::7
2026-09-10T00:11:57Z ERR failed to run the datagram handler error="context canceled" connIndex=0 event=0 ip=2606:4700:a0::7
2026-09-10T00:11:57Z ERR failed to serve tunnel connection error="control stream encountered a failure while serving" connIndex=0 event=0 ip=2606:4700:a0::7
2026-09-10T00:11:57Z ERR Serve tunnel error error="control stream encountered a failure while serving" connIndex=0 event=0 ip=2606:4700:a0::7
2026-09-10T00:11:57Z INF Retrying connection in up to 1m4s connIndex=0 event=0 ip=2606:4700:a0::7
2026-09-10T00:12:26Z INF Tunnel connection curve preferences: [X25519MLKEM768 CurveID(65074) CurveP256] connIndex=0 event=0 ip=2606:4700:a0::7
2026-09-10T00:12:26Z ERR failed to run the datagram handler error="context canceled" connIndex=0 event=0 ip=2606:4700:a0::7
2026-09-10T00:12:26Z ERR failed to serve tunnel connection error="control stream encountered a failure while serving" connIndex=0 event=0 ip=2606:4700:a0::7
2026-09-10T00:12:26Z ERR Serve tunnel error error="control stream encountered a failure while serving" connIndex=0 event=0 ip=2606:4700:a0::7
2026-09-10T00:12:26Z INF Retrying connection in up to 1m4s connIndex=0 event=0 ip=2606:4700:a0::7
2026-09-10T00:12:51Z INF Tunnel connection curve preferences: [X25519MLKEM768 CurveID(65074) CurveP256] connIndex=0 event=0 ip=2606:4700:a0::7
2026-09-10T00:12:51Z ERR failed to run the datagram handler error="context canceled" connIndex=0 event=0 ip=2606:4700:a0::7
2026-09-10T00:12:51Z ERR failed to serve tunnel connection error="control stream encountered a failure while serving" connIndex=0 event=0 ip=2606:4700:a0::7
2026-09-10T00:12:51Z ERR Serve tunnel error error="control stream encountered a failure while serving" connIndex=0 event=0 ip=2606:4700:a0::7
2026-09-10T00:12:51Z INF Retrying connection in up to 1m4s connIndex=0 event=0 ip=2606:4700:a0::7
2026-09-10T00:12:55Z INF Tunnel connection curve preferences: [X25519MLKEM768 CurveID(65074) CurveP256] connIndex=0 event=0 ip=2606:4700:a0::7
2026-09-10T00:12:55Z ERR failed to run the datagram handler error="context canceled" connIndex=0 event=0 ip=2606:4700:a0::7
2026-09-10T00:12:55Z ERR failed to serve tunnel connection error="control stream encountered a failure while serving" connIndex=0 event=0 ip=2606:4700:a0::7
2026-09-10T00:12:55Z ERR Serve tunnel error error="control stream encountered a failure while serving" connIndex=0 event=0 ip=2606:4700:a0::7
2026-09-10T00:12:55Z INF Retrying connection in up to 1m4s connIndex=0 event=0 ip=2606:4700:a0::7
2026-09-10T00:13:25Z INF Tunnel connection curve preferences: [X25519MLKEM768 CurveID(65074) CurveP256] connIndex=0 event=0 ip=2606:4700:a0::7
2026-09-10T00:13:25Z ERR failed to run the datagram handler error="context canceled" connIndex=0 event=0 ip=2606:4700:a0::7
2026-09-10T00:13:25Z ERR failed to serve tunnel connection error="control stream encountered a failure while serving" connIndex=0 event=0 ip=2606:4700:a0::7
2026-09-10T00:13:25Z ERR Serve tunnel error error="control stream encountered a failure while serving" connIndex=0 event=0 ip=2606:4700:a0::7
2026-09-10T00:13:25Z INF Retrying connection in up to 1m4s connIndex=0 event=0 ip=2606:4700:a0::7
2026-09-10T00:13:50Z INF Tunnel connection curve preferences: [X25519MLKEM768 CurveID(65074) CurveP256] connIndex=0 event=0 ip=2606:4700:a0::7
2026-09-10T00:13:50Z ERR failed to run the datagram handler error="context canceled" connIndex=0 event=0 ip=2606:4700:a0::7
2026-09-10T00:13:50Z ERR failed to serve tunnel connection error="control stream encountered a failure while serving" connIndex=0 event=0 ip=2606:4700:a0::7
2026-09-10T00:13:50Z ERR Serve tunnel error error="control stream encountered a failure while serving" connIndex=0 event=0 ip=2606:4700:a0::7
2026-09-10T00:13:50Z INF Retrying connection in up to 1m4s connIndex=0 event=0 ip=2606:4700:a0::7
2026-09-10T00:13:51Z INF Tunnel connection curve preferences: [X25519MLKEM768 CurveID(65074) CurveP256] connIndex=0 event=0 ip=2606:4700:a0::7
2026-09-10T00:13:51Z ERR failed to run the datagram handler error="context canceled" connIndex=0 event=0 ip=2606:4700:a0::7
2026-09-10T00:13:51Z ERR failed to serve tunnel connection error="control stream encountered a failure while serving" connIndex=0 event=0 ip=2606:4700:a0::7
2026-09-10T00:13:51Z ERR Serve tunnel error error="control stream encountered a failure while serving" connIndex=0 event=0 ip=2606:4700:a0::7
2026-09-10T00:13:51Z INF Retrying connection in up to 1m4s connIndex=0 event=0 ip=2606:4700:a0::7
2026-09-10T00:14:11Z INF Tunnel connection curve preferences: [X25519MLKEM768 CurveID(65074) CurveP256] connIndex=0 event=0 ip=2606:4700:a0::7
2026-09-10T00:14:11Z ERR failed to run the datagram handler error="context canceled" connIndex=0 event=0 ip=2606:4700:a0::7
2026-09-10T00:14:11Z ERR failed to serve tunnel connection error="control stream encountered a failure while serving" connIndex=0 event=0 ip=2606:4700:a0::7
2026-09-10T00:14:11Z ERR Serve tunnel error error="control stream encountered a failure while serving" connIndex=0 event=0 ip=2606:4700:a0::7
2026-09-10T00:14:11Z INF Retrying connection in up to 1m4s connIndex=0 event=0 ip=2606:4700:a0::7
2026-09-10T00:14:14Z INF Tunnel connection curve preferences: [X25519MLKEM768 CurveID(65074) CurveP256] connIndex=0 event=0 ip=2606:4700:a0::7
2026-09-10T00:14:15Z ERR failed to run the datagram handler error="context canceled" connIndex=0 event=0 ip=2606:4700:a0::7
2026-09-10T00:14:15Z ERR failed to serve tunnel connection error="control stream encountered a failure while serving" connIndex=0 event=0 ip=2606:4700:a0::7
2026-09-10T00:14:15Z ERR Serve tunnel error error="control stream encountered a failure while serving" connIndex=0 event=0 ip=2606:4700:a0::7
2026-09-10T00:14:15Z INF Retrying connection in up to 1m4s connIndex=0 event=0 ip=2606:4700:a0::7
2026-09-10T00:14:16Z INF Tunnel connection curve preferences: [X25519MLKEM768 CurveID(65074) CurveP256] connIndex=0 event=0 ip=2606:4700:a0::7
2026-09-10T00:14:16Z ERR failed to run the datagram handler error="context canceled" connIndex=0 event=0 ip=2606:4700:a0::7
2026-09-10T00:14:16Z ERR failed to serve tunnel connection error="control stream encountered a failure while serving" connIndex=0 event=0 ip=2606:4700:a0::7
2026-09-10T00:14:16Z ERR Serve tunnel error error="control stream encountered a failure while serving" connIndex=0 event=0 ip=2606:4700:a0::7
2026-09-10T00:14:16Z INF Retrying connection in up to 1m4s connIndex=0 event=0 ip=2606:4700:a0::7
2026-09-10T00:14:31Z INF Tunnel connection curve preferences: [X25519MLKEM768 CurveID(65074) CurveP256] connIndex=0 event=0 ip=2606:4700:a0::7
2026-09-10T00:14:31Z ERR failed to run the datagram handler error="context canceled" connIndex=0 event=0 ip=2606:4700:a0::7
2026-09-10T00:14:31Z ERR failed to serve tunnel connection error="control stream encountered a failure while serving" connIndex=0 event=0 ip=2606:4700:a0::7
2026-09-10T00:14:31Z ERR Serve tunnel error error="control stream encountered a failure while serving" connIndex=0 event=0 ip=2606:4700:a0::7
2026-09-10T00:14:31Z INF Retrying connection in up to 1m4s connIndex=0 event=0 ip=2606:4700:a0::7
2026-09-10T00:14:45Z INF Tunnel connection curve preferences: [X25519MLKEM768 CurveID(65074) CurveP256] connIndex=0 event=0 ip=2606:4700:a0::7
2026-09-10T00:14:45Z ERR failed to run the datagram handler error="context canceled" connIndex=0 event=0 ip=2606:4700:a0::7
2026-09-10T00:14:45Z ERR failed to serve tunnel connection error="control stream encountered a failure while serving" connIndex=0 event=0 ip=2606:4700:a0::7
2026-09-10T00:14:45Z ERR Serve tunnel error error="control stream encountered a failure while serving" connIndex=0 event=0 ip=2606:4700:a0::7
2026-09-10T00:14:45Z INF Retrying connection in up to 1m4s connIndex=0 event=0 ip=2606:4700:a0::7
2026-09-10T00:15:16Z INF Tunnel connection curve preferences: [X25519MLKEM768 CurveID(65074) CurveP256] connIndex=0 event=0 ip=2606:4700:a0::7
2026-09-10T00:15:16Z ERR failed to run the datagram handler error="context canceled" connIndex=0 event=0 ip=2606:4700:a0::7
2026-09-10T00:15:16Z ERR failed to serve tunnel connection error="control stream encountered a failure while serving" connIndex=0 event=0 ip=2606:4700:a0::7
2026-09-10T00:15:16Z ERR Serve tunnel error error="control stream encountered a failure while serving" connIndex=0 event=0 ip=2606:4700:a0::7
2026-09-10T00:15:16Z INF Retrying connection in up to 1m4s connIndex=0 event=0 ip=2606:4700:a0::7
2026-09-10T00:15:30Z INF Tunnel connection curve preferences: [X25519MLKEM768 CurveID(65074) CurveP256] connIndex=0 event=0 ip=2606:4700:a0::7
2026-09-10T00:15:30Z ERR failed to run the datagram handler error="context canceled" connIndex=0 event=0 ip=2606:4700:a0::7
2026-09-10T00:15:30Z ERR failed to serve tunnel connection error="control stream encountered a failure while serving" connIndex=0 event=0 ip=2606:4700:a0::7
2026-09-10T00:15:30Z ERR Serve tunnel error error="control stream encountered a failure while serving" connIndex=0 event=0 ip=2606:4700:a0::7
2026-09-10T00:15:30Z INF Retrying connection in up to 1m4s connIndex=0 event=0 ip=2606:4700:a0::7
2026-09-10T00:15:44Z INF Tunnel connection curve preferences: [X25519MLKEM768 CurveID(65074) CurveP256] connIndex=0 event=0 ip=2606:4700:a0::7
2026-09-10T00:15:44Z ERR failed to run the datagram handler error="context canceled" connIndex=0 event=0 ip=2606:4700:a0::7
2026-09-10T00:15:44Z ERR failed to serve tunnel connection error="control stream encountered a failure while serving" connIndex=0 event=0 ip=2606:4700:a0::7
2026-09-10T00:15:44Z ERR Serve tunnel error error="control stream encountered a failure while serving" connIndex=0 event=0 ip=2606:4700:a0::7
2026-09-10T00:15:44Z INF Retrying connection in up to 1m4s connIndex=0 event=0 ip=2606:4700:a0::7
2026-09-10T00:15:54Z INF Tunnel connection curve preferences: [X25519MLKEM768 CurveID(65074) CurveP256] connIndex=0 event=0 ip=2606:4700:a0::7
2026-09-10T00:15:54Z ERR failed to run the datagram handler error="context canceled" connIndex=0 event=0 ip=2606:4700:a0::7
2026-09-10T00:15:54Z ERR failed to serve tunnel connection error="control stream encountered a failure while serving" connIndex=0 event=0 ip=2606:4700:a0::7
2026-09-10T00:15:54Z ERR Serve tunnel error error="control stream encountered a failure while serving" connIndex=0 event=0 ip=2606:4700:a0::7
2026-09-10T00:15:54Z INF Retrying connection in up to 1m4s connIndex=0 event=0 ip=2606:4700:a0::7
2026-09-10T00:16:15Z INF Tunnel connection curve preferences: [X25519MLKEM768 CurveID(65074) CurveP256] connIndex=0 event=0 ip=2606:4700:a0::7
2026-09-10T00:16:15Z ERR failed to run the datagram handler error="context canceled" connIndex=0 event=0 ip=2606:4700:a0::7
2026-09-10T00:16:15Z ERR failed to serve tunnel connection error="control stream encountered a failure while serving" connIndex=0 event=0 ip=2606:4700:a0::7
2026-09-10T00:16:15Z ERR Serve tunnel error error="control stream encountered a failure while serving" connIndex=0 event=0 ip=2606:4700:a0::7
2026-09-10T00:16:15Z INF Retrying connection in up to 1m4s connIndex=0 event=0 ip=2606:4700:a0::7
2026-09-10T00:16:20Z INF Tunnel connection curve preferences: [X25519MLKEM768 CurveID(65074) CurveP256] connIndex=0 event=0 ip=2606:4700:a0::7
2026-09-10T00:16:20Z ERR failed to run the datagram handler error="context canceled" connIndex=0 event=0 ip=2606:4700:a0::7
2026-09-10T00:16:20Z ERR failed to serve tunnel connection error="control stream encountered a failure while serving" connIndex=0 event=0 ip=2606:4700:a0::7
2026-09-10T00:16:20Z ERR Serve tunnel error error="control stream encountered a failure while serving" connIndex=0 event=0 ip=2606:4700:a0::7
2026-09-10T00:16:20Z INF Retrying connection in up to 1m4s connIndex=0 event=0 ip=2606:4700:a0::7
2026-09-10T00:16:30Z INF Tunnel connection curve preferences: [X25519MLKEM768 CurveID(65074) CurveP256] connIndex=0 event=0 ip=2606:4700:a0::7
2026-09-10T00:16:30Z ERR failed to run the datagram handler error="context canceled" connIndex=0 event=0 ip=2606:4700:a0::7
2026-09-10T00:16:30Z ERR failed to serve tunnel connection error="control stream encountered a failure while serving" connIndex=0 event=0 ip=2606:4700:a0::7
2026-09-10T00:16:30Z ERR Serve tunnel error error="control stream encountered a failure while serving" connIndex=0 event=0 ip=2606:4700:a0::7
2026-09-10T00:16:30Z INF Retrying connection in up to 1m4s connIndex=0 event=0 ip=2606:4700:a0::7
2026-09-10T00:16:57Z INF Tunnel connection curve preferences: [X25519MLKEM768 CurveID(65074) CurveP256] connIndex=0 event=0 ip=2606:4700:a0::7
2026-09-10T00:16:57Z ERR failed to run the datagram handler error="context canceled" connIndex=0 event=0 ip=2606:4700:a0::7
2026-09-10T00:16:57Z ERR failed to serve tunnel connection error="control stream encountered a failure while serving" connIndex=0 event=0 ip=2606:4700:a0::7
2026-09-10T00:16:57Z ERR Serve tunnel error error="control stream encountered a failure while serving" connIndex=0 event=0 ip=2606:4700:a0::7
2026-09-10T00:16:57Z INF Retrying connection in up to 1m4s connIndex=0 event=0 ip=2606:4700:a0::7
2026-09-10T00:17:14Z INF Tunnel connection curve preferences: [X25519MLKEM768 CurveID(65074) CurveP256] connIndex=0 event=0 ip=2606:4700:a0::7
2026-09-10T00:17:14Z ERR failed to run the datagram handler error="context canceled" connIndex=0 event=0 ip=2606:4700:a0::7
2026-09-10T00:17:14Z ERR failed to serve tunnel connection error="control stream encountered a failure while serving" connIndex=0 event=0 ip=2606:4700:a0::7
2026-09-10T00:17:14Z ERR Serve tunnel error error="control stream encountered a failure while serving" connIndex=0 event=0 ip=2606:4700:a0::7
2026-09-10T00:17:14Z INF Retrying connection in up to 1m4s connIndex=0 event=0 ip=2606:4700:a0::7
2026-09-10T00:17:32Z INF Tunnel connection curve preferences: [X25519MLKEM768 CurveID(65074) CurveP256] connIndex=0 event=0 ip=2606:4700:a0::7
2026-09-10T00:17:32Z ERR failed to run the datagram handler error="context canceled" connIndex=0 event=0 ip=2606:4700:a0::7
2026-09-10T00:17:32Z ERR failed to serve tunnel connection error="control stream encountered a failure while serving" connIndex=0 event=0 ip=2606:4700:a0::7
2026-09-10T00:17:32Z ERR Serve tunnel error error="control stream encountered a failure while serving" connIndex=0 event=0 ip=2606:4700:a0::7
2026-09-10T00:17:32Z INF Retrying connection in up to 1m4s connIndex=0 event=0 ip=2606:4700:a0::7
2026-09-10T00:17:55Z INF Tunnel connection curve preferences: [X25519MLKEM768 CurveID(65074) CurveP256] connIndex=0 event=0 ip=2606:4700:a0::7
2026-09-10T00:17:55Z ERR failed to run the datagram handler error="context canceled" connIndex=0 event=0 ip=2606:4700:a0::7
2026-09-10T00:17:55Z ERR failed to serve tunnel connection error="control stream encountered a failure while serving" connIndex=0 event=0 ip=2606:4700:a0::7
2026-09-10T00:17:55Z ERR Serve tunnel error error="control stream encountered a failure while serving" connIndex=0 event=0 ip=2606:4700:a0::7
2026-09-10T00:17:55Z INF Retrying connection in up to 1m4s connIndex=0 event=0 ip=2606:4700:a0::7
2026-09-10T00:17:58Z INF Tunnel connection curve preferences: [X25519MLKEM768 CurveID(65074) CurveP256] connIndex=0 event=0 ip=2606:4700:a0::7
2026-09-10T00:17:58Z ERR failed to run the datagram handler error="context canceled" connIndex=0 event=0 ip=2606:4700:a0::7
2026-09-10T00:17:58Z ERR failed to serve tunnel connection error="control stream encountered a failure while serving" connIndex=0 event=0 ip=2606:4700:a0::7
2026-09-10T00:17:58Z ERR Serve tunnel error error="control stream encountered a failure while serving" connIndex=0 event=0 ip=2606:4700:a0::7
2026-09-10T00:17:58Z INF Retrying connection in up to 1m4s connIndex=0 event=0 ip=2606:4700:a0::7
2026-09-10T00:18:04Z INF Tunnel connection curve preferences: [X25519MLKEM768 CurveID(65074) CurveP256] connIndex=0 event=0 ip=2606:4700:a0::7
2026-09-10T00:18:04Z ERR failed to run the datagram handler error="context canceled" connIndex=0 event=0 ip=2606:4700:a0::7
2026-09-10T00:18:04Z ERR failed to serve tunnel connection error="control stream encountered a failure while serving" connIndex=0 event=0 ip=2606:4700:a0::7
2026-09-10T00:18:04Z ERR Serve tunnel error error="control stream encountered a failure while serving" connIndex=0 event=0 ip=2606:4700:a0::7
2026-09-10T00:18:04Z INF Retrying connection in up to 1m4s connIndex=0 event=0 ip=2606:4700:a0::7
2026-09-10T00:18:05Z INF Tunnel connection curve preferences: [X25519MLKEM768 CurveID(65074) CurveP256] connIndex=0 event=0 ip=2606:4700:a0::7
2026-09-10T00:18:05Z ERR failed to run the datagram handler error="context canceled" connIndex=0 event=0 ip=2606:4700:a0::7
2026-09-10T00:18:05Z ERR failed to serve tunnel connection error="control stream encountered a failure while serving" connIndex=0 event=0 ip=2606:4700:a0::7
2026-09-10T00:18:05Z ERR Serve tunnel error error="control stream encountered a failure while serving" connIndex=0 event=0 ip=2606:4700:a0::7
2026-09-10T00:18:05Z INF Retrying connection in up to 1m4s connIndex=0 event=0 ip=2606:4700:a0::7
2026-09-10T00:18:16Z INF Tunnel connection curve preferences: [X25519MLKEM768 CurveID(65074) CurveP256] connIndex=0 event=0 ip=2606:4700:a0::7
2026-09-10T00:18:16Z ERR failed to run the datagram handler error="context canceled" connIndex=0 event=0 ip=2606:4700:a0::7
2026-09-10T00:18:16Z ERR failed to serve tunnel connection error="control stream encountered a failure while serving" connIndex=0 event=0 ip=2606:4700:a0::7
2026-09-10T00:18:16Z ERR Serve tunnel error error="control stream encountered a failure while serving" connIndex=0 event=0 ip=2606:4700:a0::7
2026-09-10T00:18:16Z INF Retrying connection in up to 1m4s connIndex=0 event=0 ip=2606:4700:a0::7
2026-09-10T00:18:47Z INF Tunnel connection curve preferences: [X25519MLKEM768 CurveID(65074) CurveP256] connIndex=0 event=0 ip=2606:4700:a0::7
2026-09-10T00:18:47Z ERR failed to run the datagram handler error="context canceled" connIndex=0 event=0 ip=2606:4700:a0::7
2026-09-10T00:18:47Z ERR failed to serve tunnel connection error="control stream encountered a failure while serving" connIndex=0 event=0 ip=2606:4700:a0::7
2026-09-10T00:18:47Z ERR Serve tunnel error error="control stream encountered a failure while serving" connIndex=0 event=0 ip=2606:4700:a0::7
2026-09-10T00:18:47Z INF Retrying connection in up to 1m4s connIndex=0 event=0 ip=2606:4700:a0::7
2026-09-10T00:19:10Z INF Tunnel connection curve preferences: [X25519MLKEM768 CurveID(65074) CurveP256] connIndex=0 event=0 ip=2606:4700:a0::7
2026-09-10T00:19:10Z ERR failed to run the datagram handler error="context canceled" connIndex=0 event=0 ip=2606:4700:a0::7
2026-09-10T00:19:10Z ERR failed to serve tunnel connection error="control stream encountered a failure while serving" connIndex=0 event=0 ip=2606:4700:a0::7
2026-09-10T00:19:10Z ERR Serve tunnel error error="control stream encountered a failure while serving" connIndex=0 event=0 ip=2606:4700:a0::7
2026-09-10T00:19:10Z INF Retrying connection in up to 1m4s connIndex=0 event=0 ip=2606:4700:a0::7
2026-09-10T00:19:12Z INF Tunnel connection curve preferences: [X25519MLKEM768 CurveID(65074) CurveP256] connIndex=0 event=0 ip=2606:4700:a0::7
2026-09-10T00:19:12Z ERR failed to run the datagram handler error="context canceled" connIndex=0 event=0 ip=2606:4700:a0::7
2026-09-10T00:19:12Z ERR failed to serve tunnel connection error="control stream encountered a failure while serving" connIndex=0 event=0 ip=2606:4700:a0::7
2026-09-10T00:19:12Z ERR Serve tunnel error error="control stream encountered a failure while serving" connIndex=0 event=0 ip=2606:4700:a0::7
2026-09-10T00:19:12Z INF Retrying connection in up to 1m4s connIndex=0 event=0 ip=2606:4700:a0::7
2026-09-10T00:19:22Z INF Tunnel connection curve preferences: [X25519MLKEM768 CurveID(65074) CurveP256] connIndex=0 event=0 ip=2606:4700:a0::7
2026-09-10T00:19:22Z ERR failed to run the datagram handler error="context canceled" connIndex=0 event=0 ip=2606:4700:a0::7
2026-09-10T00:19:22Z ERR failed to serve tunnel connection error="control stream encountered a failure while serving" connIndex=0 event=0 ip=2606:4700:a0::7
2026-09-10T00:19:22Z ERR Serve tunnel error error="control stream encountered a failure while serving" connIndex=0 event=0 ip=2606:4700:a0::7
2026-09-10T00:19:22Z INF Retrying connection in up to 1m4s connIndex=0 event=0 ip=2606:4700:a0::7
2026-09-10T00:19:24Z INF Tunnel connection curve preferences: [X25519MLKEM768 CurveID(65074) CurveP256] connIndex=0 event=0 ip=2606:4700:a0::7
2026-09-10T00:19:24Z ERR failed to run the datagram handler error="context canceled" connIndex=0 event=0 ip=2606:4700:a0::7
2026-09-10T00:19:24Z ERR failed to serve tunnel connection error="control stream encountered a failure while serving" connIndex=0 event=0 ip=2606:4700:a0::7
2026-09-10T00:19:24Z ERR Serve tunnel error error="control stream encountered a failure while serving" connIndex=0 event=0 ip=2606:4700:a0::7
2026-09-10T00:19:24Z INF Retrying connection in up to 1m4s connIndex=0 event=0 ip=2606:4700:a0::7
2026-09-10T00:19:46Z INF Tunnel connection curve preferences: [X25519MLKEM768 CurveID(65074) CurveP256] connIndex=0 event=0 ip=2606:4700:a0::7
2026-09-10T00:19:46Z ERR failed to run the datagram handler error="context canceled" connIndex=0 event=0 ip=2606:4700:a0::7
2026-09-10T00:19:46Z ERR failed to serve tunnel connection error="control stream encountered a failure while serving" connIndex=0 event=0 ip=2606:4700:a0::7
2026-09-10T00:19:46Z ERR Serve tunnel error error="control stream encountered a failure while serving" connIndex=0 event=0 ip=2606:4700:a0::7
2026-09-10T00:19:46Z INF Retrying connection in up to 1m4s connIndex=0 event=0 ip=2606:4700:a0::7
2026-09-10T00:20:18Z INF Tunnel connection curve preferences: [X25519MLKEM768 CurveID(65074) CurveP256] connIndex=0 event=0 ip=2606:4700:a0::7
2026-09-10T00:20:18Z ERR failed to run the datagram handler error="context canceled" connIndex=0 event=0 ip=2606:4700:a0::7
2026-09-10T00:20:18Z ERR failed to serve tunnel connection error="control stream encountered a failure while serving" connIndex=0 event=0 ip=2606:4700:a0::7
2026-09-10T00:20:18Z ERR Serve tunnel error error="control stream encountered a failure while serving" connIndex=0 event=0 ip=2606:4700:a0::7
2026-09-10T00:20:18Z INF Retrying connection in up to 1m4s connIndex=0 event=0 ip=2606:4700:a0::7
2026-09-10T00:20:35Z INF Tunnel connection curve preferences: [X25519MLKEM768 CurveID(65074) CurveP256] connIndex=0 event=0 ip=2606:4700:a0::7
2026-09-10T00:20:35Z ERR failed to run the datagram handler error="context canceled" connIndex=0 event=0 ip=2606:4700:a0::7
2026-09-10T00:20:35Z ERR failed to serve tunnel connection error="control stream encountered a failure while serving" connIndex=0 event=0 ip=2606:4700:a0::7
2026-09-10T00:20:35Z ERR Serve tunnel error error="control stream encountered a failure while serving" connIndex=0 event=0 ip=2606:4700:a0::7
2026-09-10T00:20:35Z INF Retrying connection in up to 1m4s connIndex=0 event=0 ip=2606:4700:a0::7
2026-09-10T00:20:37Z INF Tunnel connection curve preferences: [X25519MLKEM768 CurveID(65074) CurveP256] connIndex=0 event=0 ip=2606:4700:a0::7
2026-09-10T00:20:37Z ERR failed to run the datagram handler error="context canceled" connIndex=0 event=0 ip=2606:4700:a0::7
2026-09-10T00:20:37Z ERR failed to serve tunnel connection error="control stream encountered a failure while serving" connIndex=0 event=0 ip=2606:4700:a0::7
2026-09-10T00:20:37Z ERR Serve tunnel error error="control stream encountered a failure while serving" connIndex=0 event=0 ip=2606:4700:a0::7
2026-09-10T00:20:37Z INF Retrying connection in up to 1m4s connIndex=0 event=0 ip=2606:4700:a0::7
2026-09-10T00:20:58Z INF Tunnel connection curve preferences: [X25519MLKEM768 CurveID(65074) CurveP256] connIndex=0 event=0 ip=2606:4700:a0::7
2026-09-10T00:20:58Z ERR failed to run the datagram handler error="context canceled" connIndex=0 event=0 ip=2606:4700:a0::7
2026-09-10T00:20:58Z ERR failed to serve tunnel connection error="control stream encountered a failure while serving" connIndex=0 event=0 ip=2606:4700:a0::7
2026-09-10T00:20:58Z ERR Serve tunnel error error="control stream encountered a failure while serving" connIndex=0 event=0 ip=2606:4700:a0::7
2026-09-10T00:20:58Z INF Retrying connection in up to 1m4s connIndex=0 event=0 ip=2606:4700:a0::7
2026-09-10T00:21:11Z INF Tunnel connection curve preferences: [X25519MLKEM768 CurveID(65074) CurveP256] connIndex=0 event=0 ip=2606:4700:a0::7
2026-09-10T00:21:11Z ERR failed to run the datagram handler error="context canceled" connIndex=0 event=0 ip=2606:4700:a0::7
2026-09-10T00:21:11Z ERR failed to serve tunnel connection error="control stream encountered a failure while serving" connIndex=0 event=0 ip=2606:4700:a0::7
2026-09-10T00:21:11Z ERR Serve tunnel error error="control stream encountered a failure while serving" connIndex=0 event=0 ip=2606:4700:a0::7
2026-09-10T00:21:11Z INF Retrying connection in up to 1m4s connIndex=0 event=0 ip=2606:4700:a0::7
2026-09-10T00:21:22Z INF Tunnel connection curve preferences: [X25519MLKEM768 CurveID(65074) CurveP256] connIndex=0 event=0 ip=2606:4700:a0::7
2026-09-10T00:21:22Z ERR failed to run the datagram handler error="context canceled" connIndex=0 event=0 ip=2606:4700:a0::7
2026-09-10T00:21:22Z ERR failed to serve tunnel connection error="control stream encountered a failure while serving" connIndex=0 event=0 ip=2606:4700:a0::7
2026-09-10T00:21:22Z ERR Serve tunnel error error="control stream encountered a failure while serving" connIndex=0 event=0 ip=2606:4700:a0::7
2026-09-10T00:21:22Z INF Retrying connection in up to 1m4s connIndex=0 event=0 ip=2606:4700:a0::7
2026-09-10T00:21:53Z INF Tunnel connection curve preferences: [X25519MLKEM768 CurveID(65074) CurveP256] connIndex=0 event=0 ip=2606:4700:a0::7
2026-09-10T00:21:53Z ERR failed to run the datagram handler error="context canceled" connIndex=0 event=0 ip=2606:4700:a0::7
2026-09-10T00:21:53Z ERR failed to serve tunnel connection error="control stream encountered a failure while serving" connIndex=0 event=0 ip=2606:4700:a0::7
2026-09-10T00:21:53Z ERR Serve tunnel error error="control stream encountered a failure while serving" connIndex=0 event=0 ip=2606:4700:a0::7
2026-09-10T00:21:53Z INF Retrying connection in up to 1m4s connIndex=0 event=0 ip=2606:4700:a0::7
2026-09-10T00:21:57Z INF Tunnel connection curve preferences: [X25519MLKEM768 CurveID(65074) CurveP256] connIndex=0 event=0 ip=2606:4700:a0::7
2026-09-10T00:21:58Z ERR failed to run the datagram handler error="context canceled" connIndex=0 event=0 ip=2606:4700:a0::7
2026-09-10T00:21:58Z ERR failed to serve tunnel connection error="control stream encountered a failure while serving" connIndex=0 event=0 ip=2606:4700:a0::7
2026-09-10T00:21:58Z ERR Serve tunnel error error="control stream encountered a failure while serving" connIndex=0 event=0 ip=2606:4700:a0::7
2026-09-10T00:21:58Z INF Retrying connection in up to 1m4s connIndex=0 event=0 ip=2606:4700:a0::7
2026-09-10T00:22:04Z INF Tunnel connection curve preferences: [X25519MLKEM768 CurveID(65074) CurveP256] connIndex=0 event=0 ip=2606:4700:a0::7
2026-09-10T00:22:04Z ERR failed to run the datagram handler error="context canceled" connIndex=0 event=0 ip=2606:4700:a0::7
2026-09-10T00:22:04Z ERR failed to serve tunnel connection error="control stream encountered a failure while serving" connIndex=0 event=0 ip=2606:4700:a0::7
2026-09-10T00:22:04Z ERR Serve tunnel error error="control stream encountered a failure while serving" connIndex=0 event=0 ip=2606:4700:a0::7
2026-09-10T00:22:04Z INF Retrying connection in up to 1m4s connIndex=0 event=0 ip=2606:4700:a0::7
2026-09-10T00:22:26Z INF Tunnel connection curve preferences: [X25519MLKEM768 CurveID(65074) CurveP256] connIndex=0 event=0 ip=2606:4700:a0::7
2026-09-10T00:22:26Z ERR failed to run the datagram handler error="context canceled" connIndex=0 event=0 ip=2606:4700:a0::7
2026-09-10T00:22:26Z ERR failed to serve tunnel connection error="control stream encountered a failure while serving" connIndex=0 event=0 ip=2606:4700:a0::7
2026-09-10T00:22:26Z ERR Serve tunnel error error="control stream encountered a failure while serving" connIndex=0 event=0 ip=2606:4700:a0::7
2026-09-10T00:22:26Z INF Retrying connection in up to 1m4s connIndex=0 event=0 ip=2606:4700:a0::7
2026-09-10T00:22:52Z INF Tunnel connection curve preferences: [X25519MLKEM768 CurveID(65074) CurveP256] connIndex=0 event=0 ip=2606:4700:a0::7
2026-09-10T00:22:52Z ERR failed to run the datagram handler error="context canceled" connIndex=0 event=0 ip=2606:4700:a0::7
2026-09-10T00:22:52Z ERR failed to serve tunnel connection error="control stream encountered a failure while serving" connIndex=0 event=0 ip=2606:4700:a0::7
2026-09-10T00:22:52Z ERR Serve tunnel error error="control stream encountered a failure while serving" connIndex=0 event=0 ip=2606:4700:a0::7
2026-09-10T00:22:52Z INF Retrying connection in up to 1m4s connIndex=0 event=0 ip=2606:4700:a0::7
2026-09-10T00:23:12Z INF Tunnel connection curve preferences: [X25519MLKEM768 CurveID(65074) CurveP256] connIndex=0 event=0 ip=2606:4700:a0::7
2026-09-10T00:23:12Z ERR failed to run the datagram handler error="context canceled" connIndex=0 event=0 ip=2606:4700:a0::7
2026-09-10T00:23:12Z ERR failed to serve tunnel connection error="control stream encountered a failure while serving" connIndex=0 event=0 ip=2606:4700:a0::7
2026-09-10T00:23:12Z ERR Serve tunnel error error="control stream encountered a failure while serving" connIndex=0 event=0 ip=2606:4700:a0::7
2026-09-10T00:23:12Z INF Retrying connection in up to 1m4s connIndex=0 event=0 ip=2606:4700:a0::7
2026-09-10T00:23:30Z INF Tunnel connection curve preferences: [X25519MLKEM768 CurveID(65074) CurveP256] connIndex=0 event=0 ip=2606:4700:a0::7
2026-09-10T00:23:30Z ERR failed to run the datagram handler error="context canceled" connIndex=0 event=0 ip=2606:4700:a0::7
2026-09-10T00:23:30Z ERR failed to serve tunnel connection error="control stream encountered a failure while serving" connIndex=0 event=0 ip=2606:4700:a0::7
2026-09-10T00:23:30Z ERR Serve tunnel error error="control stream encountered a failure while serving" connIndex=0 event=0 ip=2606:4700:a0::7
2026-09-10T00:23:30Z INF Retrying connection in up to 1m4s connIndex=0 event=0 ip=2606:4700:a0::7
2026-09-10T00:23:55Z INF Tunnel connection curve preferences: [X25519MLKEM768 CurveID(65074) CurveP256] connIndex=0 event=0 ip=2606:4700:a0::7
2026-09-10T00:23:55Z ERR failed to run the datagram handler error="context canceled" connIndex=0 event=0 ip=2606:4700:a0::7
2026-09-10T00:23:55Z ERR failed to serve tunnel connection error="control stream encountered a failure while serving" connIndex=0 event=0 ip=2606:4700:a0::7
2026-09-10T00:23:55Z ERR Serve tunnel error error="control stream encountered a failure while serving" connIndex=0 event=0 ip=2606:4700:a0::7
2026-09-10T00:23:55Z INF Retrying connection in up to 1m4s connIndex=0 event=0 ip=2606:4700:a0::7
2026-09-10T00:24:06Z INF Tunnel connection curve preferences: [X25519MLKEM768 CurveID(65074) CurveP256] connIndex=0 event=0 ip=2606:4700:a0::7
2026-09-10T00:24:06Z ERR failed to run the datagram handler error="context canceled" connIndex=0 event=0 ip=2606:4700:a0::7
2026-09-10T00:24:06Z ERR failed to serve tunnel connection error="control stream encountered a failure while serving" connIndex=0 event=0 ip=2606:4700:a0::7
2026-09-10T00:24:06Z ERR Serve tunnel error error="control stream encountered a failure while serving" connIndex=0 event=0 ip=2606:4700:a0::7
2026-09-10T00:24:06Z INF Retrying connection in up to 1m4s connIndex=0 event=0 ip=2606:4700:a0::7
2026-09-10T00:24:34Z INF Tunnel connection curve preferences: [X25519MLKEM768 CurveID(65074) CurveP256] connIndex=0 event=0 ip=2606:4700:a0::7
2026-09-10T00:24:34Z ERR failed to run the datagram handler error="context canceled" connIndex=0 event=0 ip=2606:4700:a0::7
2026-09-10T00:24:34Z ERR failed to serve tunnel connection error="control stream encountered a failure while serving" connIndex=0 event=0 ip=2606:4700:a0::7
2026-09-10T00:24:34Z ERR Serve tunnel error error="control stream encountered a failure while serving" connIndex=0 event=0 ip=2606:4700:a0::7
2026-09-10T00:24:34Z INF Retrying connection in up to 1m4s connIndex=0 event=0 ip=2606:4700:a0::7
2026-09-10T00:24:47Z INF Tunnel connection curve preferences: [X25519MLKEM768 CurveID(65074) CurveP256] connIndex=0 event=0 ip=2606:4700:a0::7
2026-09-10T00:24:47Z ERR failed to run the datagram handler error="context canceled" connIndex=0 event=0 ip=2606:4700:a0::7
2026-09-10T00:24:47Z ERR failed to serve tunnel connection error="control stream encountered a failure while serving" connIndex=0 event=0 ip=2606:4700:a0::7
2026-09-10T00:24:47Z ERR Serve tunnel error error="control stream encountered a failure while serving" connIndex=0 event=0 ip=2606:4700:a0::7
2026-09-10T00:24:47Z INF Retrying connection in up to 1m4s connIndex=0 event=0 ip=2606:4700:a0::7
2026-09-10T00:25:04Z INF Tunnel connection curve preferences: [X25519MLKEM768 CurveID(65074) CurveP256] connIndex=0 event=0 ip=2606:4700:a0::7
2026-09-10T00:25:04Z ERR failed to run the datagram handler error="context canceled" connIndex=0 event=0 ip=2606:4700:a0::7
2026-09-10T00:25:04Z ERR failed to serve tunnel connection error="control stream encountered a failure while serving" connIndex=0 event=0 ip=2606:4700:a0::7
2026-09-10T00:25:04Z ERR Serve tunnel error error="control stream encountered a failure while serving" connIndex=0 event=0 ip=2606:4700:a0::7
2026-09-10T00:25:04Z INF Retrying connection in up to 1m4s connIndex=0 event=0 ip=2606:4700:a0::7
2026-09-10T00:25:24Z INF Tunnel connection curve preferences: [X25519MLKEM768 CurveID(65074) CurveP256] connIndex=0 event=0 ip=2606:4700:a0::7
2026-09-10T00:25:24Z ERR failed to run the datagram handler error="context canceled" connIndex=0 event=0 ip=2606:4700:a0::7
2026-09-10T00:25:24Z ERR failed to serve tunnel connection error="control stream encountered a failure while serving" connIndex=0 event=0 ip=2606:4700:a0::7
2026-09-10T00:25:24Z ERR Serve tunnel error error="control stream encountered a failure while serving" connIndex=0 event=0 ip=2606:4700:a0::7
2026-09-10T00:25:24Z INF Retrying connection in up to 1m4s connIndex=0 event=0 ip=2606:4700:a0::7
2026-09-10T00:25:51Z INF Tunnel connection curve preferences: [X25519MLKEM768 CurveID(65074) CurveP256] connIndex=0 event=0 ip=2606:4700:a0::7
2026-09-10T00:25:51Z ERR failed to run the datagram handler error="context canceled" connIndex=0 event=0 ip=2606:4700:a0::7
2026-09-10T00:25:51Z ERR failed to serve tunnel connection error="control stream encountered a failure while serving" connIndex=0 event=0 ip=2606:4700:a0::7
2026-09-10T00:25:51Z ERR Serve tunnel error error="control stream encountered a failure while serving" connIndex=0 event=0 ip=2606:4700:a0::7
2026-09-10T00:25:51Z INF Retrying connection in up to 1m4s connIndex=0 event=0 ip=2606:4700:a0::7
2026-09-10T00:26:16Z INF Tunnel connection curve preferences: [X25519MLKEM768 CurveID(65074) CurveP256] connIndex=0 event=0 ip=2606:4700:a0::7
2026-09-10T00:26:16Z ERR failed to run the datagram handler error="context canceled" connIndex=0 event=0 ip=2606:4700:a0::7
2026-09-10T00:26:16Z ERR failed to serve tunnel connection error="control stream encountered a failure while serving" connIndex=0 event=0 ip=2606:4700:a0::7
2026-09-10T00:26:16Z ERR Serve tunnel error error="control stream encountered a failure while serving" connIndex=0 event=0 ip=2606:4700:a0::7
2026-09-10T00:26:16Z INF Retrying connection in up to 1m4s connIndex=0 event=0 ip=2606:4700:a0::7
2026-09-10T00:26:45Z INF Tunnel connection curve preferences: [X25519MLKEM768 CurveID(65074) CurveP256] connIndex=0 event=0 ip=2606:4700:a0::7
2026-09-10T00:26:45Z ERR failed to run the datagram handler error="context canceled" connIndex=0 event=0 ip=2606:4700:a0::7
2026-09-10T00:26:45Z ERR failed to serve tunnel connection error="control stream encountered a failure while serving" connIndex=0 event=0 ip=2606:4700:a0::7
2026-09-10T00:26:45Z ERR Serve tunnel error error="control stream encountered a failure while serving" connIndex=0 event=0 ip=2606:4700:a0::7
2026-09-10T00:26:45Z INF Retrying connection in up to 1m4s connIndex=0 event=0 ip=2606:4700:a0::7
2026-09-10T00:27:09Z INF Tunnel connection curve preferences: [X25519MLKEM768 CurveID(65074) CurveP256] connIndex=0 event=0 ip=2606:4700:a0::7
2026-09-10T00:27:09Z ERR failed to run the datagram handler error="context canceled" connIndex=0 event=0 ip=2606:4700:a0::7
2026-09-10T00:27:09Z ERR failed to serve tunnel connection error="control stream encountered a failure while serving" connIndex=0 event=0 ip=2606:4700:a0::7
2026-09-10T00:27:09Z ERR Serve tunnel error error="control stream encountered a failure while serving" connIndex=0 event=0 ip=2606:4700:a0::7
2026-09-10T00:27:09Z INF Retrying connection in up to 1m4s connIndex=0 event=0 ip=2606:4700:a0::7
2026-09-10T00:27:23Z INF Tunnel connection curve preferences: [X25519MLKEM768 CurveID(65074) CurveP256] connIndex=0 event=0 ip=2606:4700:a0::7
2026-09-10T00:27:23Z ERR failed to run the datagram handler error="context canceled" connIndex=0 event=0 ip=2606:4700:a0::7
2026-09-10T00:27:23Z ERR failed to serve tunnel connection error="control stream encountered a failure while serving" connIndex=0 event=0 ip=2606:4700:a0::7
2026-09-10T00:27:23Z ERR Serve tunnel error error="control stream encountered a failure while serving" connIndex=0 event=0 ip=2606:4700:a0::7
2026-09-10T00:27:23Z INF Retrying connection in up to 1m4s connIndex=0 event=0 ip=2606:4700:a0::7
2026-09-10T00:27:35Z INF Tunnel connection curve preferences: [X25519MLKEM768 CurveID(65074) CurveP256] connIndex=0 event=0 ip=2606:4700:a0::7
2026-09-10T00:27:35Z ERR failed to run the datagram handler error="context canceled" connIndex=0 event=0 ip=2606:4700:a0::7
2026-09-10T00:27:35Z ERR failed to serve tunnel connection error="control stream encountered a failure while serving" connIndex=0 event=0 ip=2606:4700:a0::7
2026-09-10T00:27:35Z ERR Serve tunnel error error="control stream encountered a failure while serving" connIndex=0 event=0 ip=2606:4700:a0::7
2026-09-10T00:27:35Z INF Retrying connection in up to 1m4s connIndex=0 event=0 ip=2606:4700:a0::7
2026-09-10T00:27:41Z INF Tunnel connection curve preferences: [X25519MLKEM768 CurveID(65074) CurveP256] connIndex=0 event=0 ip=2606:4700:a0::7
2026-09-10T00:27:41Z ERR failed to run the datagram handler error="context canceled" connIndex=0 event=0 ip=2606:4700:a0::7
2026-09-10T00:27:41Z ERR failed to serve tunnel connection error="control stream encountered a failure while serving" connIndex=0 event=0 ip=2606:4700:a0::7
2026-09-10T00:27:41Z ERR Serve tunnel error error="control stream encountered a failure while serving" connIndex=0 event=0 ip=2606:4700:a0::7
2026-09-10T00:27:41Z INF Retrying connection in up to 1m4s connIndex=0 event=0 ip=2606:4700:a0::7
2026-09-10T00:28:09Z INF Tunnel connection curve preferences: [X25519MLKEM768 CurveID(65074) CurveP256] connIndex=0 event=0 ip=2606:4700:a0::7
2026-09-10T00:28:09Z ERR failed to run the datagram handler error="context canceled" connIndex=0 event=0 ip=2606:4700:a0::7
2026-09-10T00:28:09Z ERR failed to serve tunnel connection error="control stream encountered a failure while serving" connIndex=0 event=0 ip=2606:4700:a0::7
2026-09-10T00:28:09Z ERR Serve tunnel error error="control stream encountered a failure while serving" connIndex=0 event=0 ip=2606:4700:a0::7
2026-09-10T00:28:09Z INF Retrying connection in up to 1m4s connIndex=0 event=0 ip=2606:4700:a0::7
2026-09-10T00:28:31Z INF Tunnel connection curve preferences: [X25519MLKEM768 CurveID(65074) CurveP256] connIndex=0 event=0 ip=2606:4700:a0::7
2026-09-10T00:28:31Z ERR failed to run the datagram handler error="context canceled" connIndex=0 event=0 ip=2606:4700:a0::7
2026-09-10T00:28:31Z ERR failed to serve tunnel connection error="control stream encountered a failure while serving" connIndex=0 event=0 ip=2606:4700:a0::7
2026-09-10T00:28:31Z ERR Serve tunnel error error="control stream encountered a failure while serving" connIndex=0 event=0 ip=2606:4700:a0::7
2026-09-10T00:28:31Z INF Retrying connection in up to 1m4s connIndex=0 event=0 ip=2606:4700:a0::7
2026-09-10T00:28:56Z INF Tunnel connection curve preferences: [X25519MLKEM768 CurveID(65074) CurveP256] connIndex=0 event=0 ip=2606:4700:a0::7
2026-09-10T00:28:56Z ERR failed to run the datagram handler error="context canceled" connIndex=0 event=0 ip=2606:4700:a0::7
2026-09-10T00:28:56Z ERR failed to serve tunnel connection error="control stream encountered a failure while serving" connIndex=0 event=0 ip=2606:4700:a0::7
2026-09-10T00:28:56Z ERR Serve tunnel error error="control stream encountered a failure while serving" connIndex=0 event=0 ip=2606:4700:a0::7
2026-09-10T00:28:56Z INF Retrying connection in up to 1m4s connIndex=0 event=0 ip=2606:4700:a0::7
2026-09-10T00:28:57Z INF Tunnel connection curve preferences: [X25519MLKEM768 CurveID(65074) CurveP256] connIndex=0 event=0 ip=2606:4700:a0::7
2026-09-10T00:28:57Z ERR failed to run the datagram handler error="context canceled" connIndex=0 event=0 ip=2606:4700:a0::7
2026-09-10T00:28:57Z ERR failed to serve tunnel connection error="control stream encountered a failure while serving" connIndex=0 event=0 ip=2606:4700:a0::7
2026-09-10T00:28:57Z ERR Serve tunnel error error="control stream encountered a failure while serving" connIndex=0 event=0 ip=2606:4700:a0::7
2026-09-10T00:28:57Z INF Retrying connection in up to 1m4s connIndex=0 event=0 ip=2606:4700:a0::7
2026-09-10T00:29:13Z INF Tunnel connection curve preferences: [X25519MLKEM768 CurveID(65074) CurveP256] connIndex=0 event=0 ip=2606:4700:a0::7
2026-09-10T00:29:13Z ERR failed to run the datagram handler error="context canceled" connIndex=0 event=0 ip=2606:4700:a0::7
2026-09-10T00:29:13Z ERR failed to serve tunnel connection error="control stream encountered a failure while serving" connIndex=0 event=0 ip=2606:4700:a0::7
2026-09-10T00:29:13Z ERR Serve tunnel error error="control stream encountered a failure while serving" connIndex=0 event=0 ip=2606:4700:a0::7
2026-09-10T00:29:13Z INF Retrying connection in up to 1m4s connIndex=0 event=0 ip=2606:4700:a0::7
2026-09-10T00:29:31Z INF Tunnel connection curve preferences: [X25519MLKEM768 CurveID(65074) CurveP256] connIndex=0 event=0 ip=2606:4700:a0::7
2026-09-10T00:29:31Z ERR failed to run the datagram handler error="context canceled" connIndex=0 event=0 ip=2606:4700:a0::7
2026-09-10T00:29:31Z ERR failed to serve tunnel connection error="control stream encountered a failure while serving" connIndex=0 event=0 ip=2606:4700:a0::7
2026-09-10T00:29:31Z ERR Serve tunnel error error="control stream encountered a failure while serving" connIndex=0 event=0 ip=2606:4700:a0::7
2026-09-10T00:29:31Z INF Retrying connection in up to 1m4s connIndex=0 event=0 ip=2606:4700:a0::7
2026-09-10T00:29:32Z INF Tunnel connection curve preferences: [X25519MLKEM768 CurveID(65074) CurveP256] connIndex=0 event=0 ip=2606:4700:a0::7
2026-09-10T00:29:32Z ERR failed to run the datagram handler error="context canceled" connIndex=0 event=0 ip=2606:4700:a0::7
2026-09-10T00:29:32Z ERR failed to serve tunnel connection error="control stream encountered a failure while serving" connIndex=0 event=0 ip=2606:4700:a0::7
2026-09-10T00:29:32Z ERR Serve tunnel error error="control stream encountered a failure while serving" connIndex=0 event=0 ip=2606:4700:a0::7
2026-09-10T00:29:32Z INF Retrying connection in up to 1m4s connIndex=0 event=0 ip=2606:4700:a0::7
2026-09-10T00:29:56Z INF Tunnel connection curve preferences: [X25519MLKEM768 CurveID(65074) CurveP256] connIndex=0 event=0 ip=2606:4700:a0::7
2026-09-10T00:29:56Z ERR failed to run the datagram handler error="context canceled" connIndex=0 event=0 ip=2606:4700:a0::7
2026-09-10T00:29:56Z ERR failed to serve tunnel connection error="control stream encountered a failure while serving" connIndex=0 event=0 ip=2606:4700:a0::7
2026-09-10T00:29:56Z ERR Serve tunnel error error="control stream encountered a failure while serving" connIndex=0 event=0 ip=2606:4700:a0::7
2026-09-10T00:29:56Z INF Retrying connection in up to 1m4s connIndex=0 event=0 ip=2606:4700:a0::7
2026-09-10T00:30:01Z INF Tunnel connection curve preferences: [X25519MLKEM768 CurveID(65074) CurveP256] connIndex=0 event=0 ip=2606:4700:a0::7
2026-09-10T00:30:01Z ERR failed to run the datagram handler error="context canceled" connIndex=0 event=0 ip=2606:4700:a0::7
2026-09-10T00:30:01Z ERR failed to serve tunnel connection error="control stream encountered a failure while serving" connIndex=0 event=0 ip=2606:4700:a0::7
2026-09-10T00:30:01Z ERR Serve tunnel error error="control stream encountered a failure while serving" connIndex=0 event=0 ip=2606:4700:a0::7
2026-09-10T00:30:01Z INF Retrying connection in up to 1m4s connIndex=0 event=0 ip=2606:4700:a0::7
2026-09-10T00:30:11Z INF Tunnel connection curve preferences: [X25519MLKEM768 CurveID(65074) CurveP256] connIndex=0 event=0 ip=2606:4700:a0::7
2026-09-10T00:30:11Z ERR failed to run the datagram handler error="context canceled" connIndex=0 event=0 ip=2606:4700:a0::7
2026-09-10T00:30:11Z ERR failed to serve tunnel connection error="control stream encountered a failure while serving" connIndex=0 event=0 ip=2606:4700:a0::7
2026-09-10T00:30:11Z ERR Serve tunnel error error="control stream encountered a failure while serving" connIndex=0 event=0 ip=2606:4700:a0::7
2026-09-10T00:30:11Z INF Retrying connection in up to 1m4s connIndex=0 event=0 ip=2606:4700:a0::7
2026-09-10T00:30:37Z INF Tunnel connection curve preferences: [X25519MLKEM768 CurveID(65074) CurveP256] connIndex=0 event=0 ip=2606:4700:a0::7
2026-09-10T00:30:37Z ERR failed to run the datagram handler error="context canceled" connIndex=0 event=0 ip=2606:4700:a0::7
2026-09-10T00:30:37Z ERR failed to serve tunnel connection error="control stream encountered a failure while serving" connIndex=0 event=0 ip=2606:4700:a0::7
2026-09-10T00:30:37Z ERR Serve tunnel error error="control stream encountered a failure while serving" connIndex=0 event=0 ip=2606:4700:a0::7
2026-09-10T00:30:37Z INF Retrying connection in up to 1m4s connIndex=0 event=0 ip=2606:4700:a0::7
2026-09-10T00:30:46Z INF Tunnel connection curve preferences: [X25519MLKEM768 CurveID(65074) CurveP256] connIndex=0 event=0 ip=2606:4700:a0::7
2026-09-10T00:30:46Z ERR failed to run the datagram handler error="context canceled" connIndex=0 event=0 ip=2606:4700:a0::7
2026-09-10T00:30:46Z ERR failed to serve tunnel connection error="control stream encountered a failure while serving" connIndex=0 event=0 ip=2606:4700:a0::7
2026-09-10T00:30:46Z ERR Serve tunnel error error="control stream encountered a failure while serving" connIndex=0 event=0 ip=2606:4700:a0::7
2026-09-10T00:30:46Z INF Retrying connection in up to 1m4s connIndex=0 event=0 ip=2606:4700:a0::7
2026-09-10T00:30:51Z INF Tunnel connection curve preferences: [X25519MLKEM768 CurveID(65074) CurveP256] connIndex=0 event=0 ip=2606:4700:a0::7
2026-09-10T00:30:51Z ERR failed to run the datagram handler error="context canceled" connIndex=0 event=0 ip=2606:4700:a0::7
2026-09-10T00:30:51Z ERR failed to serve tunnel connection error="control stream encountered a failure while serving" connIndex=0 event=0 ip=2606:4700:a0::7
2026-09-10T00:30:51Z ERR Serve tunnel error error="control stream encountered a failure while serving" connIndex=0 event=0 ip=2606:4700:a0::7
2026-09-10T00:30:51Z INF Retrying connection in up to 1m4s connIndex=0 event=0 ip=2606:4700:a0::7
2026-09-10T00:31:20Z INF Tunnel connection curve preferences: [X25519MLKEM768 CurveID(65074) CurveP256] connIndex=0 event=0 ip=2606:4700:a0::7
2026-09-10T00:31:20Z ERR failed to run the datagram handler error="context canceled" connIndex=0 event=0 ip=2606:4700:a0::7
2026-09-10T00:31:20Z ERR failed to serve tunnel connection error="control stream encountered a failure while serving" connIndex=0 event=0 ip=2606:4700:a0::7
2026-09-10T00:31:20Z ERR Serve tunnel error error="control stream encountered a failure while serving" connIndex=0 event=0 ip=2606:4700:a0::7
2026-09-10T00:31:20Z INF Retrying connection in up to 1m4s connIndex=0 event=0 ip=2606:4700:a0::7
2026-09-10T00:31:38Z INF Tunnel connection curve preferences: [X25519MLKEM768 CurveID(65074) CurveP256] connIndex=0 event=0 ip=2606:4700:a0::7
2026-09-10T00:31:38Z ERR failed to run the datagram handler error="context canceled" connIndex=0 event=0 ip=2606:4700:a0::7
2026-09-10T00:31:38Z ERR failed to serve tunnel connection error="control stream encountered a failure while serving" connIndex=0 event=0 ip=2606:4700:a0::7
2026-09-10T00:31:38Z ERR Serve tunnel error error="control stream encountered a failure while serving" connIndex=0 event=0 ip=2606:4700:a0::7
2026-09-10T00:31:38Z INF Retrying connection in up to 1m4s connIndex=0 event=0 ip=2606:4700:a0::7
2026-09-10T00:32:01Z INF Tunnel connection curve preferences: [X25519MLKEM768 CurveID(65074) CurveP256] connIndex=0 event=0 ip=2606:4700:a0::7
2026-09-10T00:32:01Z ERR failed to run the datagram handler error="context canceled" connIndex=0 event=0 ip=2606:4700:a0::7
2026-09-10T00:32:01Z ERR failed to serve tunnel connection error="control stream encountered a failure while serving" connIndex=0 event=0 ip=2606:4700:a0::7
2026-09-10T00:32:01Z ERR Serve tunnel error error="control stream encountered a failure while serving" connIndex=0 event=0 ip=2606:4700:a0::7
2026-09-10T00:32:01Z INF Retrying connection in up to 1m4s connIndex=0 event=0 ip=2606:4700:a0::7
2026-09-10T00:32:05Z INF Tunnel connection curve preferences: [X25519MLKEM768 CurveID(65074) CurveP256] connIndex=0 event=0 ip=2606:4700:a0::7
2026-09-10T00:32:05Z ERR failed to run the datagram handler error="context canceled" connIndex=0 event=0 ip=2606:4700:a0::7
2026-09-10T00:32:05Z ERR failed to serve tunnel connection error="control stream encountered a failure while serving" connIndex=0 event=0 ip=2606:4700:a0::7
2026-09-10T00:32:05Z ERR Serve tunnel error error="control stream encountered a failure while serving" connIndex=0 event=0 ip=2606:4700:a0::7
2026-09-10T00:32:05Z INF Retrying connection in up to 1m4s connIndex=0 event=0 ip=2606:4700:a0::7
2026-09-10T00:32:35Z INF Tunnel connection curve preferences: [X25519MLKEM768 CurveID(65074) CurveP256] connIndex=0 event=0 ip=2606:4700:a0::7
2026-09-10T00:32:35Z ERR failed to run the datagram handler error="context canceled" connIndex=0 event=0 ip=2606:4700:a0::7
2026-09-10T00:32:35Z ERR failed to serve tunnel connection error="control stream encountered a failure while serving" connIndex=0 event=0 ip=2606:4700:a0::7
2026-09-10T00:32:35Z ERR Serve tunnel error error="control stream encountered a failure while serving" connIndex=0 event=0 ip=2606:4700:a0::7
2026-09-10T00:32:35Z INF Retrying connection in up to 1m4s connIndex=0 event=0 ip=2606:4700:a0::7
2026-09-10T00:32:55Z INF Tunnel connection curve preferences: [X25519MLKEM768 CurveID(65074) CurveP256] connIndex=0 event=0 ip=2606:4700:a0::7
2026-09-10T00:32:55Z ERR failed to run the datagram handler error="context canceled" connIndex=0 event=0 ip=2606:4700:a0::7
2026-09-10T00:32:55Z ERR failed to serve tunnel connection error="control stream encountered a failure while serving" connIndex=0 event=0 ip=2606:4700:a0::7
2026-09-10T00:32:55Z ERR Serve tunnel error error="control stream encountered a failure while serving" connIndex=0 event=0 ip=2606:4700:a0::7
2026-09-10T00:32:55Z INF Retrying connection in up to 1m4s connIndex=0 event=0 ip=2606:4700:a0::7
2026-09-10T00:33:03Z INF Tunnel connection curve preferences: [X25519MLKEM768 CurveID(65074) CurveP256] connIndex=0 event=0 ip=2606:4700:a0::7
2026-09-10T00:33:03Z ERR failed to run the datagram handler error="context canceled" connIndex=0 event=0 ip=2606:4700:a0::7
2026-09-10T00:33:03Z ERR failed to serve tunnel connection error="control stream encountered a failure while serving" connIndex=0 event=0 ip=2606:4700:a0::7
2026-09-10T00:33:03Z ERR Serve tunnel error error="control stream encountered a failure while serving" connIndex=0 event=0 ip=2606:4700:a0::7
2026-09-10T00:33:03Z INF Retrying connection in up to 1m4s connIndex=0 event=0 ip=2606:4700:a0::7
2026-09-10T00:33:28Z INF Tunnel connection curve preferences: [X25519MLKEM768 CurveID(65074) CurveP256] connIndex=0 event=0 ip=2606:4700:a0::7
2026-09-10T00:33:28Z ERR failed to run the datagram handler error="context canceled" connIndex=0 event=0 ip=2606:4700:a0::7
2026-09-10T00:33:28Z ERR failed to serve tunnel connection error="control stream encountered a failure while serving" connIndex=0 event=0 ip=2606:4700:a0::7
2026-09-10T00:33:28Z ERR Serve tunnel error error="control stream encountered a failure while serving" connIndex=0 event=0 ip=2606:4700:a0::7
2026-09-10T00:33:28Z INF Retrying connection in up to 1m4s connIndex=0 event=0 ip=2606:4700:a0::7
2026-09-10T00:33:32Z INF Tunnel connection curve preferences: [X25519MLKEM768 CurveID(65074) CurveP256] connIndex=0 event=0 ip=2606:4700:a0::7
2026-09-10T00:33:32Z ERR failed to run the datagram handler error="context canceled" connIndex=0 event=0 ip=2606:4700:a0::7
2026-09-10T00:33:32Z ERR failed to serve tunnel connection error="control stream encountered a failure while serving" connIndex=0 event=0 ip=2606:4700:a0::7
2026-09-10T00:33:32Z ERR Serve tunnel error error="control stream encountered a failure while serving" connIndex=0 event=0 ip=2606:4700:a0::7
2026-09-10T00:33:32Z INF Retrying connection in up to 1m4s connIndex=0 event=0 ip=2606:4700:a0::7
2026-09-10T00:34:00Z INF Tunnel connection curve preferences: [X25519MLKEM768 CurveID(65074) CurveP256] connIndex=0 event=0 ip=2606:4700:a0::7
2026-09-10T00:34:00Z ERR failed to run the datagram handler error="context canceled" connIndex=0 event=0 ip=2606:4700:a0::7
2026-09-10T00:34:00Z ERR failed to serve tunnel connection error="control stream encountered a failure while serving" connIndex=0 event=0 ip=2606:4700:a0::7
2026-09-10T00:34:00Z ERR Serve tunnel error error="control stream encountered a failure while serving" connIndex=0 event=0 ip=2606:4700:a0::7
2026-09-10T00:34:00Z INF Retrying connection in up to 1m4s connIndex=0 event=0 ip=2606:4700:a0::7
2026-09-10T00:34:22Z INF Tunnel connection curve preferences: [X25519MLKEM768 CurveID(65074) CurveP256] connIndex=0 event=0 ip=2606:4700:a0::7
2026-09-10T00:34:22Z ERR failed to run the datagram handler error="context canceled" connIndex=0 event=0 ip=2606:4700:a0::7
2026-09-10T00:34:22Z ERR failed to serve tunnel connection error="control stream encountered a failure while serving" connIndex=0 event=0 ip=2606:4700:a0::7
2026-09-10T00:34:22Z ERR Serve tunnel error error="control stream encountered a failure while serving" connIndex=0 event=0 ip=2606:4700:a0::7
2026-09-10T00:34:22Z INF Retrying connection in up to 1m4s connIndex=0 event=0 ip=2606:4700:a0::7
2026-09-10T00:34:39Z INF Tunnel connection curve preferences: [X25519MLKEM768 CurveID(65074) CurveP256] connIndex=0 event=0 ip=2606:4700:a0::7
2026-09-10T00:34:39Z ERR failed to run the datagram handler error="context canceled" connIndex=0 event=0 ip=2606:4700:a0::7
2026-09-10T00:34:39Z ERR failed to serve tunnel connection error="control stream encountered a failure while serving" connIndex=0 event=0 ip=2606:4700:a0::7
2026-09-10T00:34:39Z ERR Serve tunnel error error="control stream encountered a failure while serving" connIndex=0 event=0 ip=2606:4700:a0::7
2026-09-10T00:34:39Z INF Retrying connection in up to 1m4s connIndex=0 event=0 ip=2606:4700:a0::7
2026-09-10T00:34:47Z INF Tunnel connection curve preferences: [X25519MLKEM768 CurveID(65074) CurveP256] connIndex=0 event=0 ip=2606:4700:a0::7
2026-09-10T00:34:47Z ERR failed to run the datagram handler error="context canceled" connIndex=0 event=0 ip=2606:4700:a0::7
2026-09-10T00:34:47Z ERR failed to serve tunnel connection error="control stream encountered a failure while serving" connIndex=0 event=0 ip=2606:4700:a0::7
2026-09-10T00:34:47Z ERR Serve tunnel error error="control stream encountered a failure while serving" connIndex=0 event=0 ip=2606:4700:a0::7
2026-09-10T00:34:47Z INF Retrying connection in up to 1m4s connIndex=0 event=0 ip=2606:4700:a0::7
2026-09-10T00:35:18Z INF Tunnel connection curve preferences: [X25519MLKEM768 CurveID(65074) CurveP256] connIndex=0 event=0 ip=2606:4700:a0::7
2026-09-10T00:35:18Z ERR failed to run the datagram handler error="context canceled" connIndex=0 event=0 ip=2606:4700:a0::7
2026-09-10T00:35:18Z ERR failed to serve tunnel connection error="control stream encountered a failure while serving" connIndex=0 event=0 ip=2606:4700:a0::7
2026-09-10T00:35:18Z ERR Serve tunnel error error="control stream encountered a failure while serving" connIndex=0 event=0 ip=2606:4700:a0::7
2026-09-10T00:35:18Z INF Retrying connection in up to 1m4s connIndex=0 event=0 ip=2606:4700:a0::7
2026-09-10T00:35:24Z INF Tunnel connection curve preferences: [X25519MLKEM768 CurveID(65074) CurveP256] connIndex=0 event=0 ip=2606:4700:a0::7
2026-09-10T00:35:24Z ERR failed to run the datagram handler error="context canceled" connIndex=0 event=0 ip=2606:4700:a0::7
2026-09-10T00:35:24Z ERR failed to serve tunnel connection error="control stream encountered a failure while serving" connIndex=0 event=0 ip=2606:4700:a0::7
2026-09-10T00:35:24Z ERR Serve tunnel error error="control stream encountered a failure while serving" connIndex=0 event=0 ip=2606:4700:a0::7
2026-09-10T00:35:24Z INF Retrying connection in up to 1m4s connIndex=0 event=0 ip=2606:4700:a0::7
2026-09-10T00:35:49Z INF Tunnel connection curve preferences: [X25519MLKEM768 CurveID(65074) CurveP256] connIndex=0 event=0 ip=2606:4700:a0::7
2026-09-10T00:35:49Z ERR failed to run the datagram handler error="context canceled" connIndex=0 event=0 ip=2606:4700:a0::7
2026-09-10T00:35:49Z ERR failed to serve tunnel connection error="control stream encountered a failure while serving" connIndex=0 event=0 ip=2606:4700:a0::7
2026-09-10T00:35:49Z ERR Serve tunnel error error="control stream encountered a failure while serving" connIndex=0 event=0 ip=2606:4700:a0::7
2026-09-10T00:35:49Z INF Retrying connection in up to 1m4s connIndex=0 event=0 ip=2606:4700:a0::7
2026-09-10T00:36:00Z INF Tunnel connection curve preferences: [X25519MLKEM768 CurveID(65074) CurveP256] connIndex=0 event=0 ip=2606:4700:a0::7
2026-09-10T00:36:00Z ERR failed to run the datagram handler error="context canceled" connIndex=0 event=0 ip=2606:4700:a0::7
2026-09-10T00:36:00Z ERR failed to serve tunnel connection error="control stream encountered a failure while serving" connIndex=0 event=0 ip=2606:4700:a0::7
2026-09-10T00:36:00Z ERR Serve tunnel error error="control stream encountered a failure while serving" connIndex=0 event=0 ip=2606:4700:a0::7
2026-09-10T00:36:00Z INF Retrying connection in up to 1m4s connIndex=0 event=0 ip=2606:4700:a0::7
2026-09-10T00:36:23Z INF Tunnel connection curve preferences: [X25519MLKEM768 CurveID(65074) CurveP256] connIndex=0 event=0 ip=2606:4700:a0::7
2026-09-10T00:36:23Z ERR failed to run the datagram handler error="context canceled" connIndex=0 event=0 ip=2606:4700:a0::7
2026-09-10T00:36:23Z ERR failed to serve tunnel connection error="control stream encountered a failure while serving" connIndex=0 event=0 ip=2606:4700:a0::7
2026-09-10T00:36:23Z ERR Serve tunnel error error="control stream encountered a failure while serving" connIndex=0 event=0 ip=2606:4700:a0::7
2026-09-10T00:36:23Z INF Retrying connection in up to 1m4s connIndex=0 event=0 ip=2606:4700:a0::7
2026-09-10T00:36:51Z INF Tunnel connection curve preferences: [X25519MLKEM768 CurveID(65074) CurveP256] connIndex=0 event=0 ip=2606:4700:a0::7
2026-09-10T00:36:51Z ERR failed to run the datagram handler error="context canceled" connIndex=0 event=0 ip=2606:4700:a0::7
2026-09-10T00:36:51Z ERR failed to serve tunnel connection error="control stream encountered a failure while serving" connIndex=0 event=0 ip=2606:4700:a0::7
2026-09-10T00:36:51Z ERR Serve tunnel error error="control stream encountered a failure while serving" connIndex=0 event=0 ip=2606:4700:a0::7
2026-09-10T00:36:51Z INF Retrying connection in up to 1m4s connIndex=0 event=0 ip=2606:4700:a0::7
2026-09-10T00:36:58Z INF Tunnel connection curve preferences: [X25519MLKEM768 CurveID(65074) CurveP256] connIndex=0 event=0 ip=2606:4700:a0::7
2026-09-10T00:36:58Z ERR failed to run the datagram handler error="context canceled" connIndex=0 event=0 ip=2606:4700:a0::7
2026-09-10T00:36:58Z ERR failed to serve tunnel connection error="control stream encountered a failure while serving" connIndex=0 event=0 ip=2606:4700:a0::7
2026-09-10T00:36:58Z ERR Serve tunnel error error="control stream encountered a failure while serving" connIndex=0 event=0 ip=2606:4700:a0::7
2026-09-10T00:36:58Z INF Retrying connection in up to 1m4s connIndex=0 event=0 ip=2606:4700:a0::7
2026-09-10T00:37:10Z INF Tunnel connection curve preferences: [X25519MLKEM768 CurveID(65074) CurveP256] connIndex=0 event=0 ip=2606:4700:a0::7
2026-09-10T00:37:10Z ERR failed to run the datagram handler error="context canceled" connIndex=0 event=0 ip=2606:4700:a0::7
2026-09-10T00:37:10Z ERR failed to serve tunnel connection error="control stream encountered a failure while serving" connIndex=0 event=0 ip=2606:4700:a0::7
2026-09-10T00:37:10Z ERR Serve tunnel error error="control stream encountered a failure while serving" connIndex=0 event=0 ip=2606:4700:a0::7
2026-09-10T00:37:10Z INF Retrying connection in up to 1m4s connIndex=0 event=0 ip=2606:4700:a0::7
2026-09-10T00:37:22Z INF Tunnel connection curve preferences: [X25519MLKEM768 CurveID(65074) CurveP256] connIndex=0 event=0 ip=2606:4700:a0::7
2026-09-10T00:37:22Z ERR failed to run the datagram handler error="context canceled" connIndex=0 event=0 ip=2606:4700:a0::7
2026-09-10T00:37:22Z ERR failed to serve tunnel connection error="control stream encountered a failure while serving" connIndex=0 event=0 ip=2606:4700:a0::7
2026-09-10T00:37:22Z ERR Serve tunnel error error="control stream encountered a failure while serving" connIndex=0 event=0 ip=2606:4700:a0::7
2026-09-10T00:37:22Z INF Retrying connection in up to 1m4s connIndex=0 event=0 ip=2606:4700:a0::7
2026-09-10T00:37:27Z INF Tunnel connection curve preferences: [X25519MLKEM768 CurveID(65074) CurveP256] connIndex=0 event=0 ip=2606:4700:a0::7
2026-09-10T00:37:27Z ERR failed to run the datagram handler error="context canceled" connIndex=0 event=0 ip=2606:4700:a0::7
2026-09-10T00:37:27Z ERR failed to serve tunnel connection error="control stream encountered a failure while serving" connIndex=0 event=0 ip=2606:4700:a0::7
2026-09-10T00:37:27Z ERR Serve tunnel error error="control stream encountered a failure while serving" connIndex=0 event=0 ip=2606:4700:a0::7
2026-09-10T00:37:27Z INF Retrying connection in up to 1m4s connIndex=0 event=0 ip=2606:4700:a0::7
2026-09-10T00:37:54Z INF Tunnel connection curve preferences: [X25519MLKEM768 CurveID(65074) CurveP256] connIndex=0 event=0 ip=2606:4700:a0::7
2026-09-10T00:37:54Z ERR failed to run the datagram handler error="context canceled" connIndex=0 event=0 ip=2606:4700:a0::7
2026-09-10T00:37:54Z ERR failed to serve tunnel connection error="control stream encountered a failure while serving" connIndex=0 event=0 ip=2606:4700:a0::7
2026-09-10T00:37:54Z ERR Serve tunnel error error="control stream encountered a failure while serving" connIndex=0 event=0 ip=2606:4700:a0::7
2026-09-10T00:37:54Z INF Retrying connection in up to 1m4s connIndex=0 event=0 ip=2606:4700:a0::7
2026-09-10T00:38:25Z INF Tunnel connection curve preferences: [X25519MLKEM768 CurveID(65074) CurveP256] connIndex=0 event=0 ip=2606:4700:a0::7
2026-09-10T00:38:25Z ERR failed to run the datagram handler error="context canceled" connIndex=0 event=0 ip=2606:4700:a0::7
2026-09-10T00:38:25Z ERR failed to serve tunnel connection error="control stream encountered a failure while serving" connIndex=0 event=0 ip=2606:4700:a0::7
2026-09-10T00:38:25Z ERR Serve tunnel error error="control stream encountered a failure while serving" connIndex=0 event=0 ip=2606:4700:a0::7
2026-09-10T00:38:25Z INF Retrying connection in up to 1m4s connIndex=0 event=0 ip=2606:4700:a0::7
2026-09-10T00:38:30Z INF Tunnel connection curve preferences: [X25519MLKEM768 CurveID(65074) CurveP256] connIndex=0 event=0 ip=2606:4700:a0::7
2026-09-10T00:38:30Z ERR failed to run the datagram handler error="context canceled" connIndex=0 event=0 ip=2606:4700:a0::7
2026-09-10T00:38:30Z ERR failed to serve tunnel connection error="control stream encountered a failure while serving" connIndex=0 event=0 ip=2606:4700:a0::7
2026-09-10T00:38:30Z ERR Serve tunnel error error="control stream encountered a failure while serving" connIndex=0 event=0 ip=2606:4700:a0::7
2026-09-10T00:38:30Z INF Retrying connection in up to 1m4s connIndex=0 event=0 ip=2606:4700:a0::7
2026-09-10T00:38:40Z INF Tunnel connection curve preferences: [X25519MLKEM768 CurveID(65074) CurveP256] connIndex=0 event=0 ip=2606:4700:a0::7
2026-09-10T00:38:40Z ERR failed to run the datagram handler error="context canceled" connIndex=0 event=0 ip=2606:4700:a0::7
2026-09-10T00:38:40Z ERR failed to serve tunnel connection error="control stream encountered a failure while serving" connIndex=0 event=0 ip=2606:4700:a0::7
2026-09-10T00:38:40Z ERR Serve tunnel error error="control stream encountered a failure while serving" connIndex=0 event=0 ip=2606:4700:a0::7
2026-09-10T00:38:40Z INF Retrying connection in up to 1m4s connIndex=0 event=0 ip=2606:4700:a0::7
2026-09-10T00:38:58Z INF Tunnel connection curve preferences: [X25519MLKEM768 CurveID(65074) CurveP256] connIndex=0 event=0 ip=2606:4700:a0::7
2026-09-10T00:38:58Z ERR failed to run the datagram handler error="context canceled" connIndex=0 event=0 ip=2606:4700:a0::7
2026-09-10T00:38:58Z ERR failed to serve tunnel connection error="control stream encountered a failure while serving" connIndex=0 event=0 ip=2606:4700:a0::7
2026-09-10T00:38:58Z ERR Serve tunnel error error="control stream encountered a failure while serving" connIndex=0 event=0 ip=2606:4700:a0::7
2026-09-10T00:38:58Z INF Retrying connection in up to 1m4s connIndex=0 event=0 ip=2606:4700:a0::7
2026-09-10T00:39:27Z INF Tunnel connection curve preferences: [X25519MLKEM768 CurveID(65074) CurveP256] connIndex=0 event=0 ip=2606:4700:a0::7
2026-09-10T00:39:27Z ERR failed to run the datagram handler error="context canceled" connIndex=0 event=0 ip=2606:4700:a0::7
2026-09-10T00:39:27Z ERR failed to serve tunnel connection error="control stream encountered a failure while serving" connIndex=0 event=0 ip=2606:4700:a0::7
2026-09-10T00:39:27Z ERR Serve tunnel error error="control stream encountered a failure while serving" connIndex=0 event=0 ip=2606:4700:a0::7
2026-09-10T00:39:27Z INF Retrying connection in up to 1m4s connIndex=0 event=0 ip=2606:4700:a0::7
2026-09-10T00:39:35Z INF Tunnel connection curve preferences: [X25519MLKEM768 CurveID(65074) CurveP256] connIndex=0 event=0 ip=2606:4700:a0::7
2026-09-10T00:39:35Z ERR failed to run the datagram handler error="context canceled" connIndex=0 event=0 ip=2606:4700:a0::7
2026-09-10T00:39:35Z ERR failed to serve tunnel connection error="control stream encountered a failure while serving" connIndex=0 event=0 ip=2606:4700:a0::7
2026-09-10T00:39:35Z ERR Serve tunnel error error="control stream encountered a failure while serving" connIndex=0 event=0 ip=2606:4700:a0::7
2026-09-10T00:39:35Z INF Retrying connection in up to 1m4s connIndex=0 event=0 ip=2606:4700:a0::7
2026-09-10T00:39:55Z INF Tunnel connection curve preferences: [X25519MLKEM768 CurveID(65074) CurveP256] connIndex=0 event=0 ip=2606:4700:a0::7
2026-09-10T00:39:55Z ERR failed to run the datagram handler error="context canceled" connIndex=0 event=0 ip=2606:4700:a0::7
2026-09-10T00:39:55Z ERR failed to serve tunnel connection error="control stream encountered a failure while serving" connIndex=0 event=0 ip=2606:4700:a0::7
2026-09-10T00:39:55Z ERR Serve tunnel error error="control stream encountered a failure while serving" connIndex=0 event=0 ip=2606:4700:a0::7
2026-09-10T00:39:55Z INF Retrying connection in up to 1m4s connIndex=0 event=0 ip=2606:4700:a0::7
2026-09-10T00:40:23Z INF Tunnel connection curve preferences: [X25519MLKEM768 CurveID(65074) CurveP256] connIndex=0 event=0 ip=2606:4700:a0::7
2026-09-10T00:40:23Z ERR failed to run the datagram handler error="context canceled" connIndex=0 event=0 ip=2606:4700:a0::7
2026-09-10T00:40:23Z ERR failed to serve tunnel connection error="control stream encountered a failure while serving" connIndex=0 event=0 ip=2606:4700:a0::7
2026-09-10T00:40:23Z ERR Serve tunnel error error="control stream encountered a failure while serving" connIndex=0 event=0 ip=2606:4700:a0::7
2026-09-10T00:40:23Z INF Retrying connection in up to 1m4s connIndex=0 event=0 ip=2606:4700:a0::7
2026-09-10T00:40:53Z INF Tunnel connection curve preferences: [X25519MLKEM768 CurveID(65074) CurveP256] connIndex=0 event=0 ip=2606:4700:a0::7
2026-09-10T00:40:53Z ERR failed to run the datagram handler error="context canceled" connIndex=0 event=0 ip=2606:4700:a0::7
2026-09-10T00:40:53Z ERR failed to serve tunnel connection error="control stream encountered a failure while serving" connIndex=0 event=0 ip=2606:4700:a0::7
2026-09-10T00:40:53Z ERR Serve tunnel error error="control stream encountered a failure while serving" connIndex=0 event=0 ip=2606:4700:a0::7
2026-09-10T00:40:53Z INF Retrying connection in up to 1m4s connIndex=0 event=0 ip=2606:4700:a0::7
2026-09-10T00:41:14Z INF Tunnel connection curve preferences: [X25519MLKEM768 CurveID(65074) CurveP256] connIndex=0 event=0 ip=2606:4700:a0::7
2026-09-10T00:41:14Z ERR failed to run the datagram handler error="context canceled" connIndex=0 event=0 ip=2606:4700:a0::7
2026-09-10T00:41:14Z ERR failed to serve tunnel connection error="control stream encountered a failure while serving" connIndex=0 event=0 ip=2606:4700:a0::7
2026-09-10T00:41:14Z ERR Serve tunnel error error="control stream encountered a failure while serving" connIndex=0 event=0 ip=2606:4700:a0::7
2026-09-10T00:41:14Z INF Retrying connection in up to 1m4s connIndex=0 event=0 ip=2606:4700:a0::7
2026-09-10T00:41:40Z INF Tunnel connection curve preferences: [X25519MLKEM768 CurveID(65074) CurveP256] connIndex=0 event=0 ip=2606:4700:a0::7
2026-09-10T00:41:40Z ERR failed to run the datagram handler error="context canceled" connIndex=0 event=0 ip=2606:4700:a0::7
2026-09-10T00:41:40Z ERR failed to serve tunnel connection error="control stream encountered a failure while serving" connIndex=0 event=0 ip=2606:4700:a0::7
2026-09-10T00:41:40Z ERR Serve tunnel error error="control stream encountered a failure while serving" connIndex=0 event=0 ip=2606:4700:a0::7
2026-09-10T00:41:40Z INF Retrying connection in up to 1m4s connIndex=0 event=0 ip=2606:4700:a0::7
2026-09-10T00:42:02Z INF Tunnel connection curve preferences: [X25519MLKEM768 CurveID(65074) CurveP256] connIndex=0 event=0 ip=2606:4700:a0::7
2026-09-10T00:42:02Z ERR failed to run the datagram handler error="context canceled" connIndex=0 event=0 ip=2606:4700:a0::7
2026-09-10T00:42:02Z ERR failed to serve tunnel connection error="control stream encountered a failure while serving" connIndex=0 event=0 ip=2606:4700:a0::7
2026-09-10T00:42:02Z ERR Serve tunnel error error="control stream encountered a failure while serving" connIndex=0 event=0 ip=2606:4700:a0::7
2026-09-10T00:42:02Z INF Retrying connection in up to 1m4s connIndex=0 event=0 ip=2606:4700:a0::7
2026-09-10T00:42:06Z INF Tunnel connection curve preferences: [X25519MLKEM768 CurveID(65074) CurveP256] connIndex=0 event=0 ip=2606:4700:a0::7
2026-09-10T00:42:06Z ERR failed to run the datagram handler error="context canceled" connIndex=0 event=0 ip=2606:4700:a0::7
2026-09-10T00:42:06Z ERR failed to serve tunnel connection error="control stream encountered a failure while serving" connIndex=0 event=0 ip=2606:4700:a0::7
2026-09-10T00:42:06Z ERR Serve tunnel error error="control stream encountered a failure while serving" connIndex=0 event=0 ip=2606:4700:a0::7
2026-09-10T00:42:06Z INF Retrying connection in up to 1m4s connIndex=0 event=0 ip=2606:4700:a0::7
2026-09-10T00:42:22Z INF Tunnel connection curve preferences: [X25519MLKEM768 CurveID(65074) CurveP256] connIndex=0 event=0 ip=2606:4700:a0::7
2026-09-10T00:42:22Z ERR failed to run the datagram handler error="context canceled" connIndex=0 event=0 ip=2606:4700:a0::7
2026-09-10T00:42:22Z ERR failed to serve tunnel connection error="control stream encountered a failure while serving" connIndex=0 event=0 ip=2606:4700:a0::7
2026-09-10T00:42:22Z ERR Serve tunnel error error="control stream encountered a failure while serving" connIndex=0 event=0 ip=2606:4700:a0::7
2026-09-10T00:42:22Z INF Retrying connection in up to 1m4s connIndex=0 event=0 ip=2606:4700:a0::7
2026-09-10T00:42:38Z INF Tunnel connection curve preferences: [X25519MLKEM768 CurveID(65074) CurveP256] connIndex=0 event=0 ip=2606:4700:a0::7
2026-09-10T00:42:39Z ERR failed to run the datagram handler error="context canceled" connIndex=0 event=0 ip=2606:4700:a0::7
2026-09-10T00:42:39Z ERR failed to serve tunnel connection error="control stream encountered a failure while serving" connIndex=0 event=0 ip=2606:4700:a0::7
2026-09-10T00:42:39Z ERR Serve tunnel error error="control stream encountered a failure while serving" connIndex=0 event=0 ip=2606:4700:a0::7
2026-09-10T00:42:39Z INF Retrying connection in up to 1m4s connIndex=0 event=0 ip=2606:4700:a0::7
2026-09-10T00:42:59Z INF Tunnel connection curve preferences: [X25519MLKEM768 CurveID(65074) CurveP256] connIndex=0 event=0 ip=2606:4700:a0::7
2026-09-10T00:42:59Z ERR failed to run the datagram handler error="context canceled" connIndex=0 event=0 ip=2606:4700:a0::7
2026-09-10T00:42:59Z ERR failed to serve tunnel connection error="control stream encountered a failure while serving" connIndex=0 event=0 ip=2606:4700:a0::7
2026-09-10T00:42:59Z ERR Serve tunnel error error="control stream encountered a failure while serving" connIndex=0 event=0 ip=2606:4700:a0::7
2026-09-10T00:42:59Z INF Retrying connection in up to 1m4s connIndex=0 event=0 ip=2606:4700:a0::7
2026-09-10T00:43:13Z INF Tunnel connection curve preferences: [X25519MLKEM768 CurveID(65074) CurveP256] connIndex=0 event=0 ip=2606:4700:a0::7
2026-09-10T00:43:13Z ERR failed to run the datagram handler error="context canceled" connIndex=0 event=0 ip=2606:4700:a0::7
2026-09-10T00:43:13Z ERR failed to serve tunnel connection error="control stream encountered a failure while serving" connIndex=0 event=0 ip=2606:4700:a0::7
2026-09-10T00:43:13Z ERR Serve tunnel error error="control stream encountered a failure while serving" connIndex=0 event=0 ip=2606:4700:a0::7
2026-09-10T00:43:13Z INF Retrying connection in up to 1m4s connIndex=0 event=0 ip=2606:4700:a0::7
2026-09-10T00:43:36Z INF Tunnel connection curve preferences: [X25519MLKEM768 CurveID(65074) CurveP256] connIndex=0 event=0 ip=2606:4700:a0::7
2026-09-10T00:43:36Z ERR failed to run the datagram handler error="context canceled" connIndex=0 event=0 ip=2606:4700:a0::7
2026-09-10T00:43:36Z ERR failed to serve tunnel connection error="control stream encountered a failure while serving" connIndex=0 event=0 ip=2606:4700:a0::7
2026-09-10T00:43:36Z ERR Serve tunnel error error="control stream encountered a failure while serving" connIndex=0 event=0 ip=2606:4700:a0::7
2026-09-10T00:43:36Z INF Retrying connection in up to 1m4s connIndex=0 event=0 ip=2606:4700:a0::7
2026-09-10T00:43:37Z INF Tunnel connection curve preferences: [X25519MLKEM768 CurveID(65074) CurveP256] connIndex=0 event=0 ip=2606:4700:a0::7
2026-09-10T00:43:37Z ERR failed to run the datagram handler error="context canceled" connIndex=0 event=0 ip=2606:4700:a0::7
2026-09-10T00:43:37Z ERR failed to serve tunnel connection error="control stream encountered a failure while serving" connIndex=0 event=0 ip=2606:4700:a0::7
2026-09-10T00:43:37Z ERR Serve tunnel error error="control stream encountered a failure while serving" connIndex=0 event=0 ip=2606:4700:a0::7
2026-09-10T00:43:37Z INF Retrying connection in up to 1m4s connIndex=0 event=0 ip=2606:4700:a0::7
2026-09-10T00:43:43Z INF Tunnel connection curve preferences: [X25519MLKEM768 CurveID(65074) CurveP256] connIndex=0 event=0 ip=2606:4700:a0::7
2026-09-10T00:43:43Z ERR failed to run the datagram handler error="context canceled" connIndex=0 event=0 ip=2606:4700:a0::7
2026-09-10T00:43:43Z ERR failed to serve tunnel connection error="control stream encountered a failure while serving" connIndex=0 event=0 ip=2606:4700:a0::7
2026-09-10T00:43:43Z ERR Serve tunnel error error="control stream encountered a failure while serving" connIndex=0 event=0 ip=2606:4700:a0::7
2026-09-10T00:43:43Z INF Retrying connection in up to 1m4s connIndex=0 event=0 ip=2606:4700:a0::7
2026-09-10T00:44:13Z INF Tunnel connection curve preferences: [X25519MLKEM768 CurveID(65074) CurveP256] connIndex=0 event=0 ip=2606:4700:a0::7
2026-09-10T00:44:13Z ERR failed to run the datagram handler error="context canceled" connIndex=0 event=0 ip=2606:4700:a0::7
2026-09-10T00:44:13Z ERR failed to serve tunnel connection error="control stream encountered a failure while serving" connIndex=0 event=0 ip=2606:4700:a0::7
2026-09-10T00:44:13Z ERR Serve tunnel error error="control stream encountered a failure while serving" connIndex=0 event=0 ip=2606:4700:a0::7
2026-09-10T00:44:13Z INF Retrying connection in up to 1m4s connIndex=0 event=0 ip=2606:4700:a0::7
2026-09-10T00:44:37Z INF Tunnel connection curve preferences: [X25519MLKEM768 CurveID(65074) CurveP256] connIndex=0 event=0 ip=2606:4700:a0::7
2026-09-10T00:44:37Z ERR failed to run the datagram handler error="context canceled" connIndex=0 event=0 ip=2606:4700:a0::7
2026-09-10T00:44:37Z ERR failed to serve tunnel connection error="control stream encountered a failure while serving" connIndex=0 event=0 ip=2606:4700:a0::7
2026-09-10T00:44:37Z ERR Serve tunnel error error="control stream encountered a failure while serving" connIndex=0 event=0 ip=2606:4700:a0::7
2026-09-10T00:44:37Z INF Retrying connection in up to 1m4s connIndex=0 event=0 ip=2606:4700:a0::7
2026-09-10T00:44:37Z INF Tunnel connection curve preferences: [X25519MLKEM768 CurveID(65074) CurveP256] connIndex=0 event=0 ip=2606:4700:a0::7
2026-09-10T00:44:37Z ERR failed to run the datagram handler error="context canceled" connIndex=0 event=0 ip=2606:4700:a0::7
2026-09-10T00:44:37Z ERR failed to serve tunnel connection error="control stream encountered a failure while serving" connIndex=0 event=0 ip=2606:4700:a0::7
2026-09-10T00:44:37Z ERR Serve tunnel error error="control stream encountered a failure while serving" connIndex=0 event=0 ip=2606:4700:a0::7
2026-09-10T00:44:37Z INF Retrying connection in up to 1m4s connIndex=0 event=0 ip=2606:4700:a0::7
2026-09-10T00:44:45Z INF Tunnel connection curve preferences: [X25519MLKEM768 CurveID(65074) CurveP256] connIndex=0 event=0 ip=2606:4700:a0::7
2026-09-10T00:44:45Z ERR failed to run the datagram handler error="context canceled" connIndex=0 event=0 ip=2606:4700:a0::7
2026-09-10T00:44:45Z ERR failed to serve tunnel connection error="control stream encountered a failure while serving" connIndex=0 event=0 ip=2606:4700:a0::7
2026-09-10T00:44:45Z ERR Serve tunnel error error="control stream encountered a failure while serving" connIndex=0 event=0 ip=2606:4700:a0::7
2026-09-10T00:44:45Z INF Retrying connection in up to 1m4s connIndex=0 event=0 ip=2606:4700:a0::7
2026-09-10T00:45:07Z INF Tunnel connection curve preferences: [X25519MLKEM768 CurveID(65074) CurveP256] connIndex=0 event=0 ip=2606:4700:a0::7
2026-09-10T00:45:07Z ERR failed to run the datagram handler error="context canceled" connIndex=0 event=0 ip=2606:4700:a0::7
2026-09-10T00:45:07Z ERR failed to serve tunnel connection error="control stream encountered a failure while serving" connIndex=0 event=0 ip=2606:4700:a0::7
2026-09-10T00:45:07Z ERR Serve tunnel error error="control stream encountered a failure while serving" connIndex=0 event=0 ip=2606:4700:a0::7
2026-09-10T00:45:07Z INF Retrying connection in up to 1m4s connIndex=0 event=0 ip=2606:4700:a0::7
2026-09-10T00:45:32Z INF Tunnel connection curve preferences: [X25519MLKEM768 CurveID(65074) CurveP256] connIndex=0 event=0 ip=2606:4700:a0::7
2026-09-10T00:45:32Z ERR failed to run the datagram handler error="context canceled" connIndex=0 event=0 ip=2606:4700:a0::7
2026-09-10T00:45:32Z ERR failed to serve tunnel connection error="control stream encountered a failure while serving" connIndex=0 event=0 ip=2606:4700:a0::7
2026-09-10T00:45:32Z ERR Serve tunnel error error="control stream encountered a failure while serving" connIndex=0 event=0 ip=2606:4700:a0::7
2026-09-10T00:45:32Z INF Retrying connection in up to 1m4s connIndex=0 event=0 ip=2606:4700:a0::7
2026-09-10T00:45:44Z INF Tunnel connection curve preferences: [X25519MLKEM768 CurveID(65074) CurveP256] connIndex=0 event=0 ip=2606:4700:a0::7
2026-09-10T00:45:44Z ERR failed to run the datagram handler error="context canceled" connIndex=0 event=0 ip=2606:4700:a0::7
2026-09-10T00:45:44Z ERR failed to serve tunnel connection error="control stream encountered a failure while serving" connIndex=0 event=0 ip=2606:4700:a0::7
2026-09-10T00:45:44Z ERR Serve tunnel error error="control stream encountered a failure while serving" connIndex=0 event=0 ip=2606:4700:a0::7
2026-09-10T00:45:44Z INF Retrying connection in up to 1m4s connIndex=0 event=0 ip=2606:4700:a0::7
2026-09-10T00:45:44Z INF Tunnel connection curve preferences: [X25519MLKEM768 CurveID(65074) CurveP256] connIndex=0 event=0 ip=2606:4700:a0::7
2026-09-10T00:45:44Z ERR failed to run the datagram handler error="context canceled" connIndex=0 event=0 ip=2606:4700:a0::7
2026-09-10T00:45:44Z ERR failed to serve tunnel connection error="control stream encountered a failure while serving" connIndex=0 event=0 ip=2606:4700:a0::7
2026-09-10T00:45:44Z ERR Serve tunnel error error="control stream encountered a failure while serving" connIndex=0 event=0 ip=2606:4700:a0::7
2026-09-10T00:45:44Z INF Retrying connection in up to 1m4s connIndex=0 event=0 ip=2606:4700:a0::7
2026-09-10T00:46:11Z INF Tunnel connection curve preferences: [X25519MLKEM768 CurveID(65074) CurveP256] connIndex=0 event=0 ip=2606:4700:a0::7
2026-09-10T00:46:11Z ERR failed to run the datagram handler error="context canceled" connIndex=0 event=0 ip=2606:4700:a0::7
2026-09-10T00:46:11Z ERR failed to serve tunnel connection error="control stream encountered a failure while serving" connIndex=0 event=0 ip=2606:4700:a0::7
2026-09-10T00:46:11Z ERR Serve tunnel error error="control stream encountered a failure while serving" connIndex=0 event=0 ip=2606:4700:a0::7
2026-09-10T00:46:11Z INF Retrying connection in up to 1m4s connIndex=0 event=0 ip=2606:4700:a0::7
2026-09-10T00:46:32Z INF Tunnel connection curve preferences: [X25519MLKEM768 CurveID(65074) CurveP256] connIndex=0 event=0 ip=2606:4700:a0::7
2026-09-10T00:46:32Z ERR failed to run the datagram handler error="context canceled" connIndex=0 event=0 ip=2606:4700:a0::7
2026-09-10T00:46:32Z ERR failed to serve tunnel connection error="control stream encountered a failure while serving" connIndex=0 event=0 ip=2606:4700:a0::7
2026-09-10T00:46:32Z ERR Serve tunnel error error="control stream encountered a failure while serving" connIndex=0 event=0 ip=2606:4700:a0::7
2026-09-10T00:46:32Z INF Retrying connection in up to 1m4s connIndex=0 event=0 ip=2606:4700:a0::7
2026-09-10T00:46:47Z INF Tunnel connection curve preferences: [X25519MLKEM768 CurveID(65074) CurveP256] connIndex=0 event=0 ip=2606:4700:a0::7
2026-09-10T00:46:47Z ERR failed to run the datagram handler error="context canceled" connIndex=0 event=0 ip=2606:4700:a0::7
2026-09-10T00:46:47Z ERR failed to serve tunnel connection error="control stream encountered a failure while serving" connIndex=0 event=0 ip=2606:4700:a0::7
2026-09-10T00:46:47Z ERR Serve tunnel error error="control stream encountered a failure while serving" connIndex=0 event=0 ip=2606:4700:a0::7
2026-09-10T00:46:47Z INF Retrying connection in up to 1m4s connIndex=0 event=0 ip=2606:4700:a0::7
2026-09-10T00:46:58Z INF Tunnel connection curve preferences: [X25519MLKEM768 CurveID(65074) CurveP256] connIndex=0 event=0 ip=2606:4700:a0::7
2026-09-10T00:46:58Z ERR failed to run the datagram handler error="context canceled" connIndex=0 event=0 ip=2606:4700:a0::7
2026-09-10T00:46:58Z ERR failed to serve tunnel connection error="control stream encountered a failure while serving" connIndex=0 event=0 ip=2606:4700:a0::7
2026-09-10T00:46:58Z ERR Serve tunnel error error="control stream encountered a failure while serving" connIndex=0 event=0 ip=2606:4700:a0::7
2026-09-10T00:46:58Z INF Retrying connection in up to 1m4s connIndex=0 event=0 ip=2606:4700:a0::7
2026-09-10T00:47:25Z INF Tunnel connection curve preferences: [X25519MLKEM768 CurveID(65074) CurveP256] connIndex=0 event=0 ip=2606:4700:a0::7
2026-09-10T00:47:25Z ERR failed to run the datagram handler error="context canceled" connIndex=0 event=0 ip=2606:4700:a0::7
2026-09-10T00:47:25Z ERR failed to serve tunnel connection error="control stream encountered a failure while serving" connIndex=0 event=0 ip=2606:4700:a0::7
2026-09-10T00:47:25Z ERR Serve tunnel error error="control stream encountered a failure while serving" connIndex=0 event=0 ip=2606:4700:a0::7
2026-09-10T00:47:25Z INF Retrying connection in up to 1m4s connIndex=0 event=0 ip=2606:4700:a0::7
2026-09-10T00:47:37Z INF Tunnel connection curve preferences: [X25519MLKEM768 CurveID(65074) CurveP256] connIndex=0 event=0 ip=2606:4700:a0::7
2026-09-10T00:47:37Z ERR failed to run the datagram handler error="context canceled" connIndex=0 event=0 ip=2606:4700:a0::7
2026-09-10T00:47:37Z ERR failed to serve tunnel connection error="control stream encountered a failure while serving" connIndex=0 event=0 ip=2606:4700:a0::7
2026-09-10T00:47:37Z ERR Serve tunnel error error="control stream encountered a failure while serving" connIndex=0 event=0 ip=2606:4700:a0::7
2026-09-10T00:47:37Z INF Retrying connection in up to 1m4s connIndex=0 event=0 ip=2606:4700:a0::7
2026-09-10T00:47:40Z INF Tunnel connection curve preferences: [X25519MLKEM768 CurveID(65074) CurveP256] connIndex=0 event=0 ip=2606:4700:a0::7
2026-09-10T00:47:40Z ERR failed to run the datagram handler error="context canceled" connIndex=0 event=0 ip=2606:4700:a0::7
2026-09-10T00:47:40Z ERR failed to serve tunnel connection error="control stream encountered a failure while serving" connIndex=0 event=0 ip=2606:4700:a0::7
2026-09-10T00:47:40Z ERR Serve tunnel error error="control stream encountered a failure while serving" connIndex=0 event=0 ip=2606:4700:a0::7
2026-09-10T00:47:40Z INF Retrying connection in up to 1m4s connIndex=0 event=0 ip=2606:4700:a0::7
2026-09-10T00:48:09Z INF Tunnel connection curve preferences: [X25519MLKEM768 CurveID(65074) CurveP256] connIndex=0 event=0 ip=2606:4700:a0::7
2026-09-10T00:48:09Z ERR failed to run the datagram handler error="context canceled" connIndex=0 event=0 ip=2606:4700:a0::7
2026-09-10T00:48:09Z ERR failed to serve tunnel connection error="control stream encountered a failure while serving" connIndex=0 event=0 ip=2606:4700:a0::7
2026-09-10T00:48:09Z ERR Serve tunnel error error="control stream encountered a failure while serving" connIndex=0 event=0 ip=2606:4700:a0::7
2026-09-10T00:48:09Z INF Retrying connection in up to 1m4s connIndex=0 event=0 ip=2606:4700:a0::7
2026-09-10T00:48:12Z INF Tunnel connection curve preferences: [X25519MLKEM768 CurveID(65074) CurveP256] connIndex=0 event=0 ip=2606:4700:a0::7
2026-09-10T00:48:12Z ERR failed to run the datagram handler error="context canceled" connIndex=0 event=0 ip=2606:4700:a0::7
2026-09-10T00:48:12Z ERR failed to serve tunnel connection error="control stream encountered a failure while serving" connIndex=0 event=0 ip=2606:4700:a0::7
2026-09-10T00:48:12Z ERR Serve tunnel error error="control stream encountered a failure while serving" connIndex=0 event=0 ip=2606:4700:a0::7
2026-09-10T00:48:12Z INF Retrying connection in up to 1m4s connIndex=0 event=0 ip=2606:4700:a0::7
2026-09-10T00:48:25Z INF Tunnel connection curve preferences: [X25519MLKEM768 CurveID(65074) CurveP256] connIndex=0 event=0 ip=2606:4700:a0::7
2026-09-10T00:48:25Z ERR failed to run the datagram handler error="context canceled" connIndex=0 event=0 ip=2606:4700:a0::7
2026-09-10T00:48:25Z ERR failed to serve tunnel connection error="control stream encountered a failure while serving" connIndex=0 event=0 ip=2606:4700:a0::7
2026-09-10T00:48:25Z ERR Serve tunnel error error="control stream encountered a failure while serving" connIndex=0 event=0 ip=2606:4700:a0::7
2026-09-10T00:48:25Z INF Retrying connection in up to 1m4s connIndex=0 event=0 ip=2606:4700:a0::7
2026-09-10T00:48:44Z INF Tunnel connection curve preferences: [X25519MLKEM768 CurveID(65074) CurveP256] connIndex=0 event=0 ip=2606:4700:a0::7
2026-09-10T00:48:44Z ERR failed to run the datagram handler error="context canceled" connIndex=0 event=0 ip=2606:4700:a0::7
2026-09-10T00:48:44Z ERR failed to serve tunnel connection error="control stream encountered a failure while serving" connIndex=0 event=0 ip=2606:4700:a0::7
2026-09-10T00:48:44Z ERR Serve tunnel error error="control stream encountered a failure while serving" connIndex=0 event=0 ip=2606:4700:a0::7
2026-09-10T00:48:44Z INF Retrying connection in up to 1m4s connIndex=0 event=0 ip=2606:4700:a0::7
2026-09-10T00:48:44Z INF Tunnel connection curve preferences: [X25519MLKEM768 CurveID(65074) CurveP256] connIndex=0 event=0 ip=2606:4700:a0::7
2026-09-10T00:48:44Z ERR failed to run the datagram handler error="context canceled" connIndex=0 event=0 ip=2606:4700:a0::7
2026-09-10T00:48:44Z ERR failed to serve tunnel connection error="control stream encountered a failure while serving" connIndex=0 event=0 ip=2606:4700:a0::7
2026-09-10T00:48:44Z ERR Serve tunnel error error="control stream encountered a failure while serving" connIndex=0 event=0 ip=2606:4700:a0::7
2026-09-10T00:48:44Z INF Retrying connection in up to 1m4s connIndex=0 event=0 ip=2606:4700:a0::7
2026-09-10T00:48:52Z INF Tunnel connection curve preferences: [X25519MLKEM768 CurveID(65074) CurveP256] connIndex=0 event=0 ip=2606:4700:a0::7
2026-09-10T00:48:52Z ERR failed to run the datagram handler error="context canceled" connIndex=0 event=0 ip=2606:4700:a0::7
2026-09-10T00:48:52Z ERR failed to serve tunnel connection error="control stream encountered a failure while serving" connIndex=0 event=0 ip=2606:4700:a0::7
2026-09-10T00:48:52Z ERR Serve tunnel error error="control stream encountered a failure while serving" connIndex=0 event=0 ip=2606:4700:a0::7
2026-09-10T00:48:52Z INF Retrying connection in up to 1m4s connIndex=0 event=0 ip=2606:4700:a0::7
2026-09-10T00:48:58Z INF Tunnel connection curve preferences: [X25519MLKEM768 CurveID(65074) CurveP256] connIndex=0 event=0 ip=2606:4700:a0::7
2026-09-10T00:48:58Z ERR failed to run the datagram handler error="context canceled" connIndex=0 event=0 ip=2606:4700:a0::7
2026-09-10T00:48:58Z ERR failed to serve tunnel connection error="control stream encountered a failure while serving" connIndex=0 event=0 ip=2606:4700:a0::7
2026-09-10T00:48:58Z ERR Serve tunnel error error="control stream encountered a failure while serving" connIndex=0 event=0 ip=2606:4700:a0::7
2026-09-10T00:48:58Z INF Retrying connection in up to 1m4s connIndex=0 event=0 ip=2606:4700:a0::7
2026-09-10T00:49:15Z INF Tunnel connection curve preferences: [X25519MLKEM768 CurveID(65074) CurveP256] connIndex=0 event=0 ip=2606:4700:a0::7
2026-09-10T00:49:15Z ERR failed to run the datagram handler error="context canceled" connIndex=0 event=0 ip=2606:4700:a0::7
2026-09-10T00:49:15Z ERR failed to serve tunnel connection error="control stream encountered a failure while serving" connIndex=0 event=0 ip=2606:4700:a0::7
2026-09-10T00:49:15Z ERR Serve tunnel error error="control stream encountered a failure while serving" connIndex=0 event=0 ip=2606:4700:a0::7
2026-09-10T00:49:15Z INF Retrying connection in up to 1m4s connIndex=0 event=0 ip=2606:4700:a0::7
2026-09-10T00:49:36Z INF Tunnel connection curve preferences: [X25519MLKEM768 CurveID(65074) CurveP256] connIndex=0 event=0 ip=2606:4700:a0::7
2026-09-10T00:49:36Z ERR failed to run the datagram handler error="context canceled" connIndex=0 event=0 ip=2606:4700:a0::7
2026-09-10T00:49:36Z ERR failed to serve tunnel connection error="control stream encountered a failure while serving" connIndex=0 event=0 ip=2606:4700:a0::7
2026-09-10T00:49:36Z ERR Serve tunnel error error="control stream encountered a failure while serving" connIndex=0 event=0 ip=2606:4700:a0::7
2026-09-10T00:49:36Z INF Retrying connection in up to 1m4s connIndex=0 event=0 ip=2606:4700:a0::7
2026-09-10T00:49:38Z INF Tunnel connection curve preferences: [X25519MLKEM768 CurveID(65074) CurveP256] connIndex=0 event=0 ip=2606:4700:a0::7
2026-09-10T00:49:38Z ERR failed to run the datagram handler error="context canceled" connIndex=0 event=0 ip=2606:4700:a0::7
2026-09-10T00:49:38Z ERR failed to serve tunnel connection error="control stream encountered a failure while serving" connIndex=0 event=0 ip=2606:4700:a0::7
2026-09-10T00:49:38Z ERR Serve tunnel error error="control stream encountered a failure while serving" connIndex=0 event=0 ip=2606:4700:a0::7
2026-09-10T00:49:38Z INF Retrying connection in up to 1m4s connIndex=0 event=0 ip=2606:4700:a0::7
2026-09-10T00:49:44Z INF Tunnel connection curve preferences: [X25519MLKEM768 CurveID(65074) CurveP256] connIndex=0 event=0 ip=2606:4700:a0::7
2026-09-10T00:49:44Z ERR failed to run the datagram handler error="context canceled" connIndex=0 event=0 ip=2606:4700:a0::7
2026-09-10T00:49:44Z ERR failed to serve tunnel connection error="control stream encountered a failure while serving" connIndex=0 event=0 ip=2606:4700:a0::7
2026-09-10T00:49:44Z ERR Serve tunnel error error="control stream encountered a failure while serving" connIndex=0 event=0 ip=2606:4700:a0::7
2026-09-10T00:49:44Z INF Retrying connection in up to 1m4s connIndex=0 event=0 ip=2606:4700:a0::7
2026-09-10T00:50:16Z INF Tunnel connection curve preferences: [X25519MLKEM768 CurveID(65074) CurveP256] connIndex=0 event=0 ip=2606:4700:a0::7
2026-09-10T00:50:16Z ERR failed to run the datagram handler error="context canceled" connIndex=0 event=0 ip=2606:4700:a0::7
2026-09-10T00:50:16Z ERR failed to serve tunnel connection error="control stream encountered a failure while serving" connIndex=0 event=0 ip=2606:4700:a0::7
2026-09-10T00:50:16Z ERR Serve tunnel error error="control stream encountered a failure while serving" connIndex=0 event=0 ip=2606:4700:a0::7
2026-09-10T00:50:16Z INF Retrying connection in up to 1m4s connIndex=0 event=0 ip=2606:4700:a0::7
2026-09-10T00:50:39Z INF Tunnel connection curve preferences: [X25519MLKEM768 CurveID(65074) CurveP256] connIndex=0 event=0 ip=2606:4700:a0::7
2026-09-10T00:50:39Z ERR failed to run the datagram handler error="context canceled" connIndex=0 event=0 ip=2606:4700:a0::7
2026-09-10T00:50:39Z ERR failed to serve tunnel connection error="control stream encountered a failure while serving" connIndex=0 event=0 ip=2606:4700:a0::7
2026-09-10T00:50:39Z ERR Serve tunnel error error="control stream encountered a failure while serving" connIndex=0 event=0 ip=2606:4700:a0::7
2026-09-10T00:50:39Z INF Retrying connection in up to 1m4s connIndex=0 event=0 ip=2606:4700:a0::7
2026-09-10T00:50:47Z INF Tunnel connection curve preferences: [X25519MLKEM768 CurveID(65074) CurveP256] connIndex=0 event=0 ip=2606:4700:a0::7
2026-09-10T00:50:48Z ERR failed to run the datagram handler error="context canceled" connIndex=0 event=0 ip=2606:4700:a0::7
2026-09-10T00:50:48Z ERR failed to serve tunnel connection error="control stream encountered a failure while serving" connIndex=0 event=0 ip=2606:4700:a0::7
2026-09-10T00:50:48Z ERR Serve tunnel error error="control stream encountered a failure while serving" connIndex=0 event=0 ip=2606:4700:a0::7
2026-09-10T00:50:48Z INF Retrying connection in up to 1m4s connIndex=0 event=0 ip=2606:4700:a0::7
2026-09-10T00:51:02Z INF Tunnel connection curve preferences: [X25519MLKEM768 CurveID(65074) CurveP256] connIndex=0 event=0 ip=2606:4700:a0::7
2026-09-10T00:51:02Z ERR failed to run the datagram handler error="context canceled" connIndex=0 event=0 ip=2606:4700:a0::7
2026-09-10T00:51:02Z ERR failed to serve tunnel connection error="control stream encountered a failure while serving" connIndex=0 event=0 ip=2606:4700:a0::7
2026-09-10T00:51:02Z ERR Serve tunnel error error="control stream encountered a failure while serving" connIndex=0 event=0 ip=2606:4700:a0::7
2026-09-10T00:51:02Z INF Retrying connection in up to 1m4s connIndex=0 event=0 ip=2606:4700:a0::7
2026-09-10T00:51:23Z INF Tunnel connection curve preferences: [X25519MLKEM768 CurveID(65074) CurveP256] connIndex=0 event=0 ip=2606:4700:a0::7
2026-09-10T00:51:23Z ERR failed to run the datagram handler error="context canceled" connIndex=0 event=0 ip=2606:4700:a0::7
2026-09-10T00:51:23Z ERR failed to serve tunnel connection error="control stream encountered a failure while serving" connIndex=0 event=0 ip=2606:4700:a0::7
2026-09-10T00:51:23Z ERR Serve tunnel error error="control stream encountered a failure while serving" connIndex=0 event=0 ip=2606:4700:a0::7
2026-09-10T00:51:23Z INF Retrying connection in up to 1m4s connIndex=0 event=0 ip=2606:4700:a0::7
2026-09-10T00:51:31Z INF Tunnel connection curve preferences: [X25519MLKEM768 CurveID(65074) CurveP256] connIndex=0 event=0 ip=2606:4700:a0::7
2026-09-10T00:51:31Z ERR failed to run the datagram handler error="context canceled" connIndex=0 event=0 ip=2606:4700:a0::7
2026-09-10T00:51:31Z ERR failed to serve tunnel connection error="control stream encountered a failure while serving" connIndex=0 event=0 ip=2606:4700:a0::7
2026-09-10T00:51:31Z ERR Serve tunnel error error="control stream encountered a failure while serving" connIndex=0 event=0 ip=2606:4700:a0::7
2026-09-10T00:51:31Z INF Retrying connection in up to 1m4s connIndex=0 event=0 ip=2606:4700:a0::7
2026-09-10T00:51:58Z INF Tunnel connection curve preferences: [X25519MLKEM768 CurveID(65074) CurveP256] connIndex=0 event=0 ip=2606:4700:a0::7
2026-09-10T00:51:58Z ERR failed to run the datagram handler error="context canceled" connIndex=0 event=0 ip=2606:4700:a0::7
2026-09-10T00:51:58Z ERR failed to serve tunnel connection error="control stream encountered a failure while serving" connIndex=0 event=0 ip=2606:4700:a0::7
2026-09-10T00:51:58Z ERR Serve tunnel error error="control stream encountered a failure while serving" connIndex=0 event=0 ip=2606:4700:a0::7
2026-09-10T00:51:58Z INF Retrying connection in up to 1m4s connIndex=0 event=0 ip=2606:4700:a0::7
2026-09-10T00:52:21Z INF Tunnel connection curve preferences: [X25519MLKEM768 CurveID(65074) CurveP256] connIndex=0 event=0 ip=2606:4700:a0::7
2026-09-10T00:52:21Z ERR failed to run the datagram handler error="context canceled" connIndex=0 event=0 ip=2606:4700:a0::7
2026-09-10T00:52:21Z ERR failed to serve tunnel connection error="control stream encountered a failure while serving" connIndex=0 event=0 ip=2606:4700:a0::7
2026-09-10T00:52:21Z ERR Serve tunnel error error="control stream encountered a failure while serving" connIndex=0 event=0 ip=2606:4700:a0::7
2026-09-10T00:52:21Z INF Retrying connection in up to 1m4s connIndex=0 event=0 ip=2606:4700:a0::7
2026-09-10T00:52:50Z INF Tunnel connection curve preferences: [X25519MLKEM768 CurveID(65074) CurveP256] connIndex=0 event=0 ip=2606:4700:a0::7
2026-09-10T00:52:50Z ERR failed to run the datagram handler error="context canceled" connIndex=0 event=0 ip=2606:4700:a0::7
2026-09-10T00:52:50Z ERR failed to serve tunnel connection error="control stream encountered a failure while serving" connIndex=0 event=0 ip=2606:4700:a0::7
2026-09-10T00:52:50Z ERR Serve tunnel error error="control stream encountered a failure while serving" connIndex=0 event=0 ip=2606:4700:a0::7
2026-09-10T00:52:50Z INF Retrying connection in up to 1m4s connIndex=0 event=0 ip=2606:4700:a0::7
2026-09-10T00:52:55Z INF Tunnel connection curve preferences: [X25519MLKEM768 CurveID(65074) CurveP256] connIndex=0 event=0 ip=2606:4700:a0::7
2026-09-10T00:52:55Z ERR failed to run the datagram handler error="context canceled" connIndex=0 event=0 ip=2606:4700:a0::7
2026-09-10T00:52:55Z ERR failed to serve tunnel connection error="control stream encountered a failure while serving" connIndex=0 event=0 ip=2606:4700:a0::7
2026-09-10T00:52:55Z ERR Serve tunnel error error="control stream encountered a failure while serving" connIndex=0 event=0 ip=2606:4700:a0::7
2026-09-10T00:52:55Z INF Retrying connection in up to 1m4s connIndex=0 event=0 ip=2606:4700:a0::7
2026-09-10T00:53:02Z INF Tunnel connection curve preferences: [X25519MLKEM768 CurveID(65074) CurveP256] connIndex=0 event=0 ip=2606:4700:a0::7
2026-09-10T00:53:02Z ERR failed to run the datagram handler error="context canceled" connIndex=0 event=0 ip=2606:4700:a0::7
2026-09-10T00:53:02Z ERR failed to serve tunnel connection error="control stream encountered a failure while serving" connIndex=0 event=0 ip=2606:4700:a0::7
2026-09-10T00:53:02Z ERR Serve tunnel error error="control stream encountered a failure while serving" connIndex=0 event=0 ip=2606:4700:a0::7
2026-09-10T00:53:02Z INF Retrying connection in up to 1m4s connIndex=0 event=0 ip=2606:4700:a0::7
2026-09-10T00:53:25Z INF Tunnel connection curve preferences: [X25519MLKEM768 CurveID(65074) CurveP256] connIndex=0 event=0 ip=2606:4700:a0::7
2026-09-10T00:53:25Z ERR failed to run the datagram handler error="context canceled" connIndex=0 event=0 ip=2606:4700:a0::7
2026-09-10T00:53:25Z ERR failed to serve tunnel connection error="control stream encountered a failure while serving" connIndex=0 event=0 ip=2606:4700:a0::7
2026-09-10T00:53:25Z ERR Serve tunnel error error="control stream encountered a failure while serving" connIndex=0 event=0 ip=2606:4700:a0::7
2026-09-10T00:53:25Z INF Retrying connection in up to 1m4s connIndex=0 event=0 ip=2606:4700:a0::7
2026-09-10T00:53:56Z INF Tunnel connection curve preferences: [X25519MLKEM768 CurveID(65074) CurveP256] connIndex=0 event=0 ip=2606:4700:a0::7
2026-09-10T00:53:56Z ERR failed to run the datagram handler error="context canceled" connIndex=0 event=0 ip=2606:4700:a0::7
2026-09-10T00:53:56Z ERR failed to serve tunnel connection error="control stream encountered a failure while serving" connIndex=0 event=0 ip=2606:4700:a0::7
2026-09-10T00:53:56Z ERR Serve tunnel error error="control stream encountered a failure while serving" connIndex=0 event=0 ip=2606:4700:a0::7
2026-09-10T00:53:56Z INF Retrying connection in up to 1m4s connIndex=0 event=0 ip=2606:4700:a0::7
2026-09-10T00:54:21Z INF Tunnel connection curve preferences: [X25519MLKEM768 CurveID(65074) CurveP256] connIndex=0 event=0 ip=2606:4700:a0::7
2026-09-10T00:54:21Z ERR failed to run the datagram handler error="context canceled" connIndex=0 event=0 ip=2606:4700:a0::7
2026-09-10T00:54:21Z ERR failed to serve tunnel connection error="control stream encountered a failure while serving" connIndex=0 event=0 ip=2606:4700:a0::7
2026-09-10T00:54:21Z ERR Serve tunnel error error="control stream encountered a failure while serving" connIndex=0 event=0 ip=2606:4700:a0::7
2026-09-10T00:54:21Z INF Retrying connection in up to 1m4s connIndex=0 event=0 ip=2606:4700:a0::7
2026-09-10T00:54:37Z INF Tunnel connection curve preferences: [X25519MLKEM768 CurveID(65074) CurveP256] connIndex=0 event=0 ip=2606:4700:a0::7
2026-09-10T00:54:37Z ERR failed to run the datagram handler error="context canceled" connIndex=0 event=0 ip=2606:4700:a0::7
2026-09-10T00:54:37Z ERR failed to serve tunnel connection error="control stream encountered a failure while serving" connIndex=0 event=0 ip=2606:4700:a0::7
2026-09-10T00:54:37Z ERR Serve tunnel error error="control stream encountered a failure while serving" connIndex=0 event=0 ip=2606:4700:a0::7
2026-09-10T00:54:37Z INF Retrying connection in up to 1m4s connIndex=0 event=0 ip=2606:4700:a0::7
2026-09-10T00:54:48Z INF Tunnel connection curve preferences: [X25519MLKEM768 CurveID(65074) CurveP256] connIndex=0 event=0 ip=2606:4700:a0::7
2026-09-10T00:54:48Z ERR failed to run the datagram handler error="context canceled" connIndex=0 event=0 ip=2606:4700:a0::7
2026-09-10T00:54:48Z ERR failed to serve tunnel connection error="control stream encountered a failure while serving" connIndex=0 event=0 ip=2606:4700:a0::7
2026-09-10T00:54:48Z ERR Serve tunnel error error="control stream encountered a failure while serving" connIndex=0 event=0 ip=2606:4700:a0::7
2026-09-10T00:54:48Z INF Retrying connection in up to 1m4s connIndex=0 event=0 ip=2606:4700:a0::7
2026-09-10T00:55:15Z INF Tunnel connection curve preferences: [X25519MLKEM768 CurveID(65074) CurveP256] connIndex=0 event=0 ip=2606:4700:a0::7
2026-09-10T00:55:15Z ERR failed to run the datagram handler error="context canceled" connIndex=0 event=0 ip=2606:4700:a0::7
2026-09-10T00:55:15Z ERR failed to serve tunnel connection error="control stream encountered a failure while serving" connIndex=0 event=0 ip=2606:4700:a0::7
2026-09-10T00:55:15Z ERR Serve tunnel error error="control stream encountered a failure while serving" connIndex=0 event=0 ip=2606:4700:a0::7
2026-09-10T00:55:15Z INF Retrying connection in up to 1m4s connIndex=0 event=0 ip=2606:4700:a0::7
2026-09-10T00:55:33Z INF Tunnel connection curve preferences: [X25519MLKEM768 CurveID(65074) CurveP256] connIndex=0 event=0 ip=2606:4700:a0::7
2026-09-10T00:55:33Z ERR failed to run the datagram handler error="context canceled" connIndex=0 event=0 ip=2606:4700:a0::7
2026-09-10T00:55:33Z ERR failed to serve tunnel connection error="control stream encountered a failure while serving" connIndex=0 event=0 ip=2606:4700:a0::7
2026-09-10T00:55:33Z ERR Serve tunnel error error="control stream encountered a failure while serving" connIndex=0 event=0 ip=2606:4700:a0::7
2026-09-10T00:55:33Z INF Retrying connection in up to 1m4s connIndex=0 event=0 ip=2606:4700:a0::7
2026-09-10T00:55:47Z INF Tunnel connection curve preferences: [X25519MLKEM768 CurveID(65074) CurveP256] connIndex=0 event=0 ip=2606:4700:a0::7
2026-09-10T00:55:47Z ERR failed to run the datagram handler error="context canceled" connIndex=0 event=0 ip=2606:4700:a0::7
2026-09-10T00:55:47Z ERR failed to serve tunnel connection error="control stream encountered a failure while serving" connIndex=0 event=0 ip=2606:4700:a0::7
2026-09-10T00:55:47Z ERR Serve tunnel error error="control stream encountered a failure while serving" connIndex=0 event=0 ip=2606:4700:a0::7
2026-09-10T00:55:47Z INF Retrying connection in up to 1m4s connIndex=0 event=0 ip=2606:4700:a0::7
2026-09-10T00:56:11Z INF Tunnel connection curve preferences: [X25519MLKEM768 CurveID(65074) CurveP256] connIndex=0 event=0 ip=2606:4700:a0::7
2026-09-10T00:56:11Z ERR failed to run the datagram handler error="context canceled" connIndex=0 event=0 ip=2606:4700:a0::7
2026-09-10T00:56:11Z ERR failed to serve tunnel connection error="control stream encountered a failure while serving" connIndex=0 event=0 ip=2606:4700:a0::7
2026-09-10T00:56:11Z ERR Serve tunnel error error="control stream encountered a failure while serving" connIndex=0 event=0 ip=2606:4700:a0::7
2026-09-10T00:56:11Z INF Retrying connection in up to 1m4s connIndex=0 event=0 ip=2606:4700:a0::7
2026-09-10T00:56:19Z INF Tunnel connection curve preferences: [X25519MLKEM768 CurveID(65074) CurveP256] connIndex=0 event=0 ip=2606:4700:a0::7
2026-09-10T00:56:19Z ERR failed to run the datagram handler error="context canceled" connIndex=0 event=0 ip=2606:4700:a0::7
2026-09-10T00:56:19Z ERR failed to serve tunnel connection error="control stream encountered a failure while serving" connIndex=0 event=0 ip=2606:4700:a0::7
2026-09-10T00:56:19Z ERR Serve tunnel error error="control stream encountered a failure while serving" connIndex=0 event=0 ip=2606:4700:a0::7
2026-09-10T00:56:19Z INF Retrying connection in up to 1m4s connIndex=0 event=0 ip=2606:4700:a0::7
2026-09-10T00:56:47Z INF Tunnel connection curve preferences: [X25519MLKEM768 CurveID(65074) CurveP256] connIndex=0 event=0 ip=2606:4700:a0::7
2026-09-10T00:56:47Z ERR failed to run the datagram handler error="context canceled" connIndex=0 event=0 ip=2606:4700:a0::7
2026-09-10T00:56:47Z ERR failed to serve tunnel connection error="control stream encountered a failure while serving" connIndex=0 event=0 ip=2606:4700:a0::7
2026-09-10T00:56:47Z ERR Serve tunnel error error="control stream encountered a failure while serving" connIndex=0 event=0 ip=2606:4700:a0::7
2026-09-10T00:56:47Z INF Retrying connection in up to 1m4s connIndex=0 event=0 ip=2606:4700:a0::7
2026-09-10T00:57:18Z INF Tunnel connection curve preferences: [X25519MLKEM768 CurveID(65074) CurveP256] connIndex=0 event=0 ip=2606:4700:a0::7
2026-09-10T00:57:18Z ERR failed to run the datagram handler error="context canceled" connIndex=0 event=0 ip=2606:4700:a0::7
2026-09-10T00:57:18Z ERR failed to serve tunnel connection error="control stream encountered a failure while serving" connIndex=0 event=0 ip=2606:4700:a0::7
2026-09-10T00:57:18Z ERR Serve tunnel error error="control stream encountered a failure while serving" connIndex=0 event=0 ip=2606:4700:a0::7
2026-09-10T00:57:18Z INF Retrying connection in up to 1m4s connIndex=0 event=0 ip=2606:4700:a0::7
2026-09-10T00:57:33Z INF Tunnel connection curve preferences: [X25519MLKEM768 CurveID(65074) CurveP256] connIndex=0 event=0 ip=2606:4700:a0::7
2026-09-10T00:57:33Z ERR failed to run the datagram handler error="context canceled" connIndex=0 event=0 ip=2606:4700:a0::7
2026-09-10T00:57:33Z ERR failed to serve tunnel connection error="control stream encountered a failure while serving" connIndex=0 event=0 ip=2606:4700:a0::7
2026-09-10T00:57:33Z ERR Serve tunnel error error="control stream encountered a failure while serving" connIndex=0 event=0 ip=2606:4700:a0::7
2026-09-10T00:57:33Z INF Retrying connection in up to 1m4s connIndex=0 event=0 ip=2606:4700:a0::7
2026-09-10T00:57:36Z INF Tunnel connection curve preferences: [X25519MLKEM768 CurveID(65074) CurveP256] connIndex=0 event=0 ip=2606:4700:a0::7
2026-09-10T00:57:36Z ERR failed to run the datagram handler error="context canceled" connIndex=0 event=0 ip=2606:4700:a0::7
2026-09-10T00:57:36Z ERR failed to serve tunnel connection error="control stream encountered a failure while serving" connIndex=0 event=0 ip=2606:4700:a0::7
2026-09-10T00:57:36Z ERR Serve tunnel error error="control stream encountered a failure while serving" connIndex=0 event=0 ip=2606:4700:a0::7
2026-09-10T00:57:36Z INF Retrying connection in up to 1m4s connIndex=0 event=0 ip=2606:4700:a0::7
2026-09-10T00:57:42Z INF Tunnel connection curve preferences: [X25519MLKEM768 CurveID(65074) CurveP256] connIndex=0 event=0 ip=2606:4700:a0::7
2026-09-10T00:57:42Z ERR failed to run the datagram handler error="context canceled" connIndex=0 event=0 ip=2606:4700:a0::7
2026-09-10T00:57:42Z ERR failed to serve tunnel connection error="control stream encountered a failure while serving" connIndex=0 event=0 ip=2606:4700:a0::7
2026-09-10T00:57:42Z ERR Serve tunnel error error="control stream encountered a failure while serving" connIndex=0 event=0 ip=2606:4700:a0::7
2026-09-10T00:57:42Z INF Retrying connection in up to 1m4s connIndex=0 event=0 ip=2606:4700:a0::7
2026-09-10T00:58:01Z INF Tunnel connection curve preferences: [X25519MLKEM768 CurveID(65074) CurveP256] connIndex=0 event=0 ip=2606:4700:a0::7
2026-09-10T00:58:01Z ERR failed to run the datagram handler error="context canceled" connIndex=0 event=0 ip=2606:4700:a0::7
2026-09-10T00:58:01Z ERR failed to serve tunnel connection error="control stream encountered a failure while serving" connIndex=0 event=0 ip=2606:4700:a0::7
2026-09-10T00:58:01Z ERR Serve tunnel error error="control stream encountered a failure while serving" connIndex=0 event=0 ip=2606:4700:a0::7
2026-09-10T00:58:01Z INF Retrying connection in up to 1m4s connIndex=0 event=0 ip=2606:4700:a0::7
2026-09-10T00:58:27Z INF Tunnel connection curve preferences: [X25519MLKEM768 CurveID(65074) CurveP256] connIndex=0 event=0 ip=2606:4700:a0::7
2026-09-10T00:58:27Z ERR failed to run the datagram handler error="context canceled" connIndex=0 event=0 ip=2606:4700:a0::7
2026-09-10T00:58:27Z ERR failed to serve tunnel connection error="control stream encountered a failure while serving" connIndex=0 event=0 ip=2606:4700:a0::7
2026-09-10T00:58:27Z ERR Serve tunnel error error="control stream encountered a failure while serving" connIndex=0 event=0 ip=2606:4700:a0::7
2026-09-10T00:58:27Z INF Retrying connection in up to 1m4s connIndex=0 event=0 ip=2606:4700:a0::7
2026-09-10T00:58:38Z INF Tunnel connection curve preferences: [X25519MLKEM768 CurveID(65074) CurveP256] connIndex=0 event=0 ip=2606:4700:a0::7
2026-09-10T00:58:38Z ERR failed to run the datagram handler error="context canceled" connIndex=0 event=0 ip=2606:4700:a0::7
2026-09-10T00:58:38Z ERR failed to serve tunnel connection error="control stream encountered a failure while serving" connIndex=0 event=0 ip=2606:4700:a0::7
2026-09-10T00:58:38Z ERR Serve tunnel error error="control stream encountered a failure while serving" connIndex=0 event=0 ip=2606:4700:a0::7
2026-09-10T00:58:38Z INF Retrying connection in up to 1m4s connIndex=0 event=0 ip=2606:4700:a0::7
2026-09-10T00:58:51Z INF Tunnel connection curve preferences: [X25519MLKEM768 CurveID(65074) CurveP256] connIndex=0 event=0 ip=2606:4700:a0::7
2026-09-10T00:58:51Z ERR failed to run the datagram handler error="context canceled" connIndex=0 event=0 ip=2606:4700:a0::7
2026-09-10T00:58:51Z ERR failed to serve tunnel connection error="control stream encountered a failure while serving" connIndex=0 event=0 ip=2606:4700:a0::7
2026-09-10T00:58:51Z ERR Serve tunnel error error="control stream encountered a failure while serving" connIndex=0 event=0 ip=2606:4700:a0::7
2026-09-10T00:58:51Z INF Retrying connection in up to 1m4s connIndex=0 event=0 ip=2606:4700:a0::7
2026-09-10T00:59:20Z INF Tunnel connection curve preferences: [X25519MLKEM768 CurveID(65074) CurveP256] connIndex=0 event=0 ip=2606:4700:a0::7
2026-09-10T00:59:20Z ERR failed to run the datagram handler error="context canceled" connIndex=0 event=0 ip=2606:4700:a0::7
2026-09-10T00:59:20Z ERR failed to serve tunnel connection error="control stream encountered a failure while serving" connIndex=0 event=0 ip=2606:4700:a0::7
2026-09-10T00:59:20Z ERR Serve tunnel error error="control stream encountered a failure while serving" connIndex=0 event=0 ip=2606:4700:a0::7
2026-09-10T00:59:20Z INF Retrying connection in up to 1m4s connIndex=0 event=0 ip=2606:4700:a0::7
2026-09-10T00:59:33Z INF Tunnel connection curve preferences: [X25519MLKEM768 CurveID(65074) CurveP256] connIndex=0 event=0 ip=2606:4700:a0::7
2026-09-10T00:59:33Z ERR failed to run the datagram handler error="context canceled" connIndex=0 event=0 ip=2606:4700:a0::7
2026-09-10T00:59:33Z ERR failed to serve tunnel connection error="control stream encountered a failure while serving" connIndex=0 event=0 ip=2606:4700:a0::7
2026-09-10T00:59:33Z ERR Serve tunnel error error="control stream encountered a failure while serving" connIndex=0 event=0 ip=2606:4700:a0::7
2026-09-10T00:59:33Z INF Retrying connection in up to 1m4s connIndex=0 event=0 ip=2606:4700:a0::7
2026-09-10T00:59:50Z INF Tunnel connection curve preferences: [X25519MLKEM768 CurveID(65074) CurveP256] connIndex=0 event=0 ip=2606:4700:a0::7
2026-09-10T00:59:50Z ERR failed to run the datagram handler error="context canceled" connIndex=0 event=0 ip=2606:4700:a0::7
2026-09-10T00:59:50Z ERR failed to serve tunnel connection error="control stream encountered a failure while serving" connIndex=0 event=0 ip=2606:4700:a0::7
2026-09-10T00:59:50Z ERR Serve tunnel error error="control stream encountered a failure while serving" connIndex=0 event=0 ip=2606:4700:a0::7
2026-09-10T00:59:50Z INF Retrying connection in up to 1m4s connIndex=0 event=0 ip=2606:4700:a0::7
2026-09-10T00:59:59Z INF Tunnel connection curve preferences: [X25519MLKEM768 CurveID(65074) CurveP256] connIndex=0 event=0 ip=2606:4700:a0::7
2026-09-10T00:59:59Z ERR failed to run the datagram handler error="context canceled" connIndex=0 event=0 ip=2606:4700:a0::7
2026-09-10T00:59:59Z ERR failed to serve tunnel connection error="control stream encountered a failure while serving" connIndex=0 event=0 ip=2606:4700:a0::7
2026-09-10T00:59:59Z ERR Serve tunnel error error="control stream encountered a failure while serving" connIndex=0 event=0 ip=2606:4700:a0::7
2026-09-10T00:59:59Z INF Retrying connection in up to 1m4s connIndex=0 event=0 ip=2606:4700:a0::7
2026-09-10T01:00:06Z INF Tunnel connection curve preferences: [X25519MLKEM768 CurveID(65074) CurveP256] connIndex=0 event=0 ip=2606:4700:a0::7
2026-09-10T01:00:06Z ERR failed to run the datagram handler error="context canceled" connIndex=0 event=0 ip=2606:4700:a0::7
2026-09-10T01:00:06Z ERR failed to serve tunnel connection error="control stream encountered a failure while serving" connIndex=0 event=0 ip=2606:4700:a0::7
2026-09-10T01:00:06Z ERR Serve tunnel error error="control stream encountered a failure while serving" connIndex=0 event=0 ip=2606:4700:a0::7
2026-09-10T01:00:06Z INF Retrying connection in up to 1m4s connIndex=0 event=0 ip=2606:4700:a0::7
2026-09-10T01:00:19Z INF Tunnel connection curve preferences: [X25519MLKEM768 CurveID(65074) CurveP256] connIndex=0 event=0 ip=2606:4700:a0::7
2026-09-10T01:00:19Z ERR failed to run the datagram handler error="context canceled" connIndex=0 event=0 ip=2606:4700:a0::7
2026-09-10T01:00:19Z ERR failed to serve tunnel connection error="control stream encountered a failure while serving" connIndex=0 event=0 ip=2606:4700:a0::7
2026-09-10T01:00:19Z ERR Serve tunnel error error="control stream encountered a failure while serving" connIndex=0 event=0 ip=2606:4700:a0::7
2026-09-10T01:00:19Z INF Retrying connection in up to 1m4s connIndex=0 event=0 ip=2606:4700:a0::7
2026-09-10T01:00:23Z INF Tunnel connection curve preferences: [X25519MLKEM768 CurveID(65074) CurveP256] connIndex=0 event=0 ip=2606:4700:a0::7
2026-09-10T01:00:23Z ERR failed to run the datagram handler error="context canceled" connIndex=0 event=0 ip=2606:4700:a0::7
2026-09-10T01:00:23Z ERR failed to serve tunnel connection error="control stream encountered a failure while serving" connIndex=0 event=0 ip=2606:4700:a0::7
2026-09-10T01:00:23Z ERR Serve tunnel error error="control stream encountered a failure while serving" connIndex=0 event=0 ip=2606:4700:a0::7
2026-09-10T01:00:23Z INF Retrying connection in up to 1m4s connIndex=0 event=0 ip=2606:4700:a0::7
2026-09-10T01:00:53Z INF Tunnel connection curve preferences: [X25519MLKEM768 CurveID(65074) CurveP256] connIndex=0 event=0 ip=2606:4700:a0::7
2026-09-10T01:00:53Z ERR failed to run the datagram handler error="context canceled" connIndex=0 event=0 ip=2606:4700:a0::7
2026-09-10T01:00:53Z ERR failed to serve tunnel connection error="control stream encountered a failure while serving" connIndex=0 event=0 ip=2606:4700:a0::7
2026-09-10T01:00:53Z ERR Serve tunnel error error="control stream encountered a failure while serving" connIndex=0 event=0 ip=2606:4700:a0::7
2026-09-10T01:00:53Z INF Retrying connection in up to 1m4s connIndex=0 event=0 ip=2606:4700:a0::7
2026-09-10T01:01:07Z INF Tunnel connection curve preferences: [X25519MLKEM768 CurveID(65074) CurveP256] connIndex=0 event=0 ip=2606:4700:a0::7
2026-09-10T01:01:07Z ERR failed to run the datagram handler error="context canceled" connIndex=0 event=0 ip=2606:4700:a0::7
2026-09-10T01:01:07Z ERR failed to serve tunnel connection error="control stream encountered a failure while serving" connIndex=0 event=0 ip=2606:4700:a0::7
2026-09-10T01:01:07Z ERR Serve tunnel error error="control stream encountered a failure while serving" connIndex=0 event=0 ip=2606:4700:a0::7
2026-09-10T01:01:07Z INF Retrying connection in up to 1m4s connIndex=0 event=0 ip=2606:4700:a0::7
2026-09-10T01:01:09Z INF Tunnel connection curve preferences: [X25519MLKEM768 CurveID(65074) CurveP256] connIndex=0 event=0 ip=2606:4700:a0::7
2026-09-10T01:01:09Z ERR failed to run the datagram handler error="context canceled" connIndex=0 event=0 ip=2606:4700:a0::7
2026-09-10T01:01:09Z ERR failed to serve tunnel connection error="control stream encountered a failure while serving" connIndex=0 event=0 ip=2606:4700:a0::7
2026-09-10T01:01:09Z ERR Serve tunnel error error="control stream encountered a failure while serving" connIndex=0 event=0 ip=2606:4700:a0::7
2026-09-10T01:01:09Z INF Retrying connection in up to 1m4s connIndex=0 event=0 ip=2606:4700:a0::7
2026-09-10T01:01:19Z INF Tunnel connection curve preferences: [X25519MLKEM768 CurveID(65074) CurveP256] connIndex=0 event=0 ip=2606:4700:a0::7
2026-09-10T01:01:19Z ERR failed to run the datagram handler error="context canceled" connIndex=0 event=0 ip=2606:4700:a0::7
2026-09-10T01:01:19Z ERR failed to serve tunnel connection error="control stream encountered a failure while serving" connIndex=0 event=0 ip=2606:4700:a0::7
2026-09-10T01:01:19Z ERR Serve tunnel error error="control stream encountered a failure while serving" connIndex=0 event=0 ip=2606:4700:a0::7
2026-09-10T01:01:19Z INF Retrying connection in up to 1m4s connIndex=0 event=0 ip=2606:4700:a0::7
2026-09-10T01:01:35Z INF Tunnel connection curve preferences: [X25519MLKEM768 CurveID(65074) CurveP256] connIndex=0 event=0 ip=2606:4700:a0::7
2026-09-10T01:01:35Z ERR failed to run the datagram handler error="context canceled" connIndex=0 event=0 ip=2606:4700:a0::7
2026-09-10T01:01:35Z ERR failed to serve tunnel connection error="control stream encountered a failure while serving" connIndex=0 event=0 ip=2606:4700:a0::7
2026-09-10T01:01:35Z ERR Serve tunnel error error="control stream encountered a failure while serving" connIndex=0 event=0 ip=2606:4700:a0::7
2026-09-10T01:01:35Z INF Retrying connection in up to 1m4s connIndex=0 event=0 ip=2606:4700:a0::7
2026-09-10T01:01:41Z INF Tunnel connection curve preferences: [X25519MLKEM768 CurveID(65074) CurveP256] connIndex=0 event=0 ip=2606:4700:a0::7
2026-09-10T01:01:41Z ERR failed to run the datagram handler error="context canceled" connIndex=0 event=0 ip=2606:4700:a0::7
2026-09-10T01:01:41Z ERR failed to serve tunnel connection error="control stream encountered a failure while serving" connIndex=0 event=0 ip=2606:4700:a0::7
2026-09-10T01:01:41Z ERR Serve tunnel error error="control stream encountered a failure while serving" connIndex=0 event=0 ip=2606:4700:a0::7
2026-09-10T01:01:41Z INF Retrying connection in up to 1m4s connIndex=0 event=0 ip=2606:4700:a0::7
2026-09-10T01:01:51Z INF Tunnel connection curve preferences: [X25519MLKEM768 CurveID(65074) CurveP256] connIndex=0 event=0 ip=2606:4700:a0::7
2026-09-10T01:01:51Z ERR failed to run the datagram handler error="context canceled" connIndex=0 event=0 ip=2606:4700:a0::7
2026-09-10T01:01:51Z ERR failed to serve tunnel connection error="control stream encountered a failure while serving" connIndex=0 event=0 ip=2606:4700:a0::7
2026-09-10T01:01:51Z ERR Serve tunnel error error="control stream encountered a failure while serving" connIndex=0 event=0 ip=2606:4700:a0::7
2026-09-10T01:01:51Z INF Retrying connection in up to 1m4s connIndex=0 event=0 ip=2606:4700:a0::7
2026-09-10T01:02:06Z INF Tunnel connection curve preferences: [X25519MLKEM768 CurveID(65074) CurveP256] connIndex=0 event=0 ip=2606:4700:a0::7
2026-09-10T01:02:06Z ERR failed to run the datagram handler error="context canceled" connIndex=0 event=0 ip=2606:4700:a0::7
2026-09-10T01:02:06Z ERR failed to serve tunnel connection error="control stream encountered a failure while serving" connIndex=0 event=0 ip=2606:4700:a0::7
2026-09-10T01:02:06Z ERR Serve tunnel error error="control stream encountered a failure while serving" connIndex=0 event=0 ip=2606:4700:a0::7
2026-09-10T01:02:06Z INF Retrying connection in up to 1m4s connIndex=0 event=0 ip=2606:4700:a0::7
2026-09-10T01:02:09Z INF Tunnel connection curve preferences: [X25519MLKEM768 CurveID(65074) CurveP256] connIndex=0 event=0 ip=2606:4700:a0::7
2026-09-10T01:02:09Z ERR failed to run the datagram handler error="context canceled" connIndex=0 event=0 ip=2606:4700:a0::7
2026-09-10T01:02:09Z ERR failed to serve tunnel connection error="control stream encountered a failure while serving" connIndex=0 event=0 ip=2606:4700:a0::7
2026-09-10T01:02:09Z ERR Serve tunnel error error="control stream encountered a failure while serving" connIndex=0 event=0 ip=2606:4700:a0::7
2026-09-10T01:02:09Z INF Retrying connection in up to 1m4s connIndex=0 event=0 ip=2606:4700:a0::7
2026-09-10T01:02:25Z INF Tunnel connection curve preferences: [X25519MLKEM768 CurveID(65074) CurveP256] connIndex=0 event=0 ip=2606:4700:a0::7
2026-09-10T01:02:25Z ERR failed to run the datagram handler error="context canceled" connIndex=0 event=0 ip=2606:4700:a0::7
2026-09-10T01:02:25Z ERR failed to serve tunnel connection error="control stream encountered a failure while serving" connIndex=0 event=0 ip=2606:4700:a0::7
2026-09-10T01:02:25Z ERR Serve tunnel error error="control stream encountered a failure while serving" connIndex=0 event=0 ip=2606:4700:a0::7
2026-09-10T01:02:25Z INF Retrying connection in up to 1m4s connIndex=0 event=0 ip=2606:4700:a0::7
2026-09-10T01:02:37Z INF Tunnel connection curve preferences: [X25519MLKEM768 CurveID(65074) CurveP256] connIndex=0 event=0 ip=2606:4700:a0::7
2026-09-10T01:02:37Z ERR failed to run the datagram handler error="context canceled" connIndex=0 event=0 ip=2606:4700:a0::7
2026-09-10T01:02:37Z ERR failed to serve tunnel connection error="control stream encountered a failure while serving" connIndex=0 event=0 ip=2606:4700:a0::7
2026-09-10T01:02:37Z ERR Serve tunnel error error="control stream encountered a failure while serving" connIndex=0 event=0 ip=2606:4700:a0::7
2026-09-10T01:02:37Z INF Retrying connection in up to 1m4s connIndex=0 event=0 ip=2606:4700:a0::7
2026-09-10T01:02:53Z INF Tunnel connection curve preferences: [X25519MLKEM768 CurveID(65074) CurveP256] connIndex=0 event=0 ip=2606:4700:a0::7
2026-09-10T01:02:53Z ERR failed to run the datagram handler error="context canceled" connIndex=0 event=0 ip=2606:4700:a0::7
2026-09-10T01:02:53Z ERR failed to serve tunnel connection error="control stream encountered a failure while serving" connIndex=0 event=0 ip=2606:4700:a0::7
2026-09-10T01:02:53Z ERR Serve tunnel error error="control stream encountered a failure while serving" connIndex=0 event=0 ip=2606:4700:a0::7
2026-09-10T01:02:53Z INF Retrying connection in up to 1m4s connIndex=0 event=0 ip=2606:4700:a0::7
2026-09-10T01:03:02Z INF Tunnel connection curve preferences: [X25519MLKEM768 CurveID(65074) CurveP256] connIndex=0 event=0 ip=2606:4700:a0::7
2026-09-10T01:03:02Z ERR failed to run the datagram handler error="context canceled" connIndex=0 event=0 ip=2606:4700:a0::7
2026-09-10T01:03:02Z ERR failed to serve tunnel connection error="control stream encountered a failure while serving" connIndex=0 event=0 ip=2606:4700:a0::7
2026-09-10T01:03:02Z ERR Serve tunnel error error="control stream encountered a failure while serving" connIndex=0 event=0 ip=2606:4700:a0::7
2026-09-10T01:03:02Z INF Retrying connection in up to 1m4s connIndex=0 event=0 ip=2606:4700:a0::7
2026-09-10T01:03:29Z INF Tunnel connection curve preferences: [X25519MLKEM768 CurveID(65074) CurveP256] connIndex=0 event=0 ip=2606:4700:a0::7
2026-09-10T01:03:29Z ERR failed to run the datagram handler error="context canceled" connIndex=0 event=0 ip=2606:4700:a0::7
2026-09-10T01:03:29Z ERR failed to serve tunnel connection error="control stream encountered a failure while serving" connIndex=0 event=0 ip=2606:4700:a0::7
2026-09-10T01:03:29Z ERR Serve tunnel error error="control stream encountered a failure while serving" connIndex=0 event=0 ip=2606:4700:a0::7
2026-09-10T01:03:29Z INF Retrying connection in up to 1m4s connIndex=0 event=0 ip=2606:4700:a0::7
2026-09-10T01:03:49Z INF Tunnel connection curve preferences: [X25519MLKEM768 CurveID(65074) CurveP256] connIndex=0 event=0 ip=2606:4700:a0::7
2026-09-10T01:03:49Z ERR failed to run the datagram handler error="context canceled" connIndex=0 event=0 ip=2606:4700:a0::7
2026-09-10T01:03:49Z ERR failed to serve tunnel connection error="control stream encountered a failure while serving" connIndex=0 event=0 ip=2606:4700:a0::7
2026-09-10T01:03:49Z ERR Serve tunnel error error="control stream encountered a failure while serving" connIndex=0 event=0 ip=2606:4700:a0::7
2026-09-10T01:03:49Z INF Retrying connection in up to 1m4s connIndex=0 event=0 ip=2606:4700:a0::7
2026-09-10T01:04:21Z INF Tunnel connection curve preferences: [X25519MLKEM768 CurveID(65074) CurveP256] connIndex=0 event=0 ip=2606:4700:a0::7
2026-09-10T01:04:21Z ERR failed to run the datagram handler error="context canceled" connIndex=0 event=0 ip=2606:4700:a0::7
2026-09-10T01:04:21Z ERR failed to serve tunnel connection error="control stream encountered a failure while serving" connIndex=0 event=0 ip=2606:4700:a0::7
2026-09-10T01:04:21Z ERR Serve tunnel error error="control stream encountered a failure while serving" connIndex=0 event=0 ip=2606:4700:a0::7
2026-09-10T01:04:21Z INF Retrying connection in up to 1m4s connIndex=0 event=0 ip=2606:4700:a0::7
2026-09-10T01:04:34Z INF Tunnel connection curve preferences: [X25519MLKEM768 CurveID(65074) CurveP256] connIndex=0 event=0 ip=2606:4700:a0::7
2026-09-10T01:04:34Z ERR failed to run the datagram handler error="context canceled" connIndex=0 event=0 ip=2606:4700:a0::7
2026-09-10T01:04:34Z ERR failed to serve tunnel connection error="control stream encountered a failure while serving" connIndex=0 event=0 ip=2606:4700:a0::7
2026-09-10T01:04:34Z ERR Serve tunnel error error="control stream encountered a failure while serving" connIndex=0 event=0 ip=2606:4700:a0::7
2026-09-10T01:04:34Z INF Retrying connection in up to 1m4s connIndex=0 event=0 ip=2606:4700:a0::7
2026-09-10T01:04:40Z INF Tunnel connection curve preferences: [X25519MLKEM768 CurveID(65074) CurveP256] connIndex=0 event=0 ip=2606:4700:a0::7
2026-09-10T01:04:41Z ERR failed to run the datagram handler error="context canceled" connIndex=0 event=0 ip=2606:4700:a0::7
2026-09-10T01:04:41Z ERR failed to serve tunnel connection error="control stream encountered a failure while serving" connIndex=0 event=0 ip=2606:4700:a0::7
2026-09-10T01:04:41Z ERR Serve tunnel error error="control stream encountered a failure while serving" connIndex=0 event=0 ip=2606:4700:a0::7
2026-09-10T01:04:41Z INF Retrying connection in up to 1m4s connIndex=0 event=0 ip=2606:4700:a0::7
2026-09-10T01:04:58Z INF Tunnel connection curve preferences: [X25519MLKEM768 CurveID(65074) CurveP256] connIndex=0 event=0 ip=2606:4700:a0::7
2026-09-10T01:04:58Z ERR failed to run the datagram handler error="context canceled" connIndex=0 event=0 ip=2606:4700:a0::7
2026-09-10T01:04:58Z ERR failed to serve tunnel connection error="control stream encountered a failure while serving" connIndex=0 event=0 ip=2606:4700:a0::7
2026-09-10T01:04:58Z ERR Serve tunnel error error="control stream encountered a failure while serving" connIndex=0 event=0 ip=2606:4700:a0::7
2026-09-10T01:04:58Z INF Retrying connection in up to 1m4s connIndex=0 event=0 ip=2606:4700:a0::7
2026-09-10T01:05:18Z INF Tunnel connection curve preferences: [X25519MLKEM768 CurveID(65074) CurveP256] connIndex=0 event=0 ip=2606:4700:a0::7
2026-09-10T01:05:18Z ERR failed to run the datagram handler error="context canceled" connIndex=0 event=0 ip=2606:4700:a0::7
2026-09-10T01:05:18Z ERR failed to serve tunnel connection error="control stream encountered a failure while serving" connIndex=0 event=0 ip=2606:4700:a0::7
2026-09-10T01:05:18Z ERR Serve tunnel error error="control stream encountered a failure while serving" connIndex=0 event=0 ip=2606:4700:a0::7
2026-09-10T01:05:18Z INF Retrying connection in up to 1m4s connIndex=0 event=0 ip=2606:4700:a0::7
2026-09-10T01:05:46Z INF Tunnel connection curve preferences: [X25519MLKEM768 CurveID(65074) CurveP256] connIndex=0 event=0 ip=2606:4700:a0::7
2026-09-10T01:05:46Z ERR failed to run the datagram handler error="context canceled" connIndex=0 event=0 ip=2606:4700:a0::7
2026-09-10T01:05:46Z ERR failed to serve tunnel connection error="control stream encountered a failure while serving" connIndex=0 event=0 ip=2606:4700:a0::7
2026-09-10T01:05:46Z ERR Serve tunnel error error="control stream encountered a failure while serving" connIndex=0 event=0 ip=2606:4700:a0::7
2026-09-10T01:05:46Z INF Retrying connection in up to 1m4s connIndex=0 event=0 ip=2606:4700:a0::7
2026-09-10T01:06:12Z INF Tunnel connection curve preferences: [X25519MLKEM768 CurveID(65074) CurveP256] connIndex=0 event=0 ip=2606:4700:a0::7
2026-09-10T01:06:12Z ERR failed to run the datagram handler error="context canceled" connIndex=0 event=0 ip=2606:4700:a0::7
2026-09-10T01:06:12Z ERR failed to serve tunnel connection error="control stream encountered a failure while serving" connIndex=0 event=0 ip=2606:4700:a0::7
2026-09-10T01:06:12Z ERR Serve tunnel error error="control stream encountered a failure while serving" connIndex=0 event=0 ip=2606:4700:a0::7
2026-09-10T01:06:12Z INF Retrying connection in up to 1m4s connIndex=0 event=0 ip=2606:4700:a0::7
2026-09-10T01:06:15Z INF Tunnel connection curve preferences: [X25519MLKEM768 CurveID(65074) CurveP256] connIndex=0 event=0 ip=2606:4700:a0::7
2026-09-10T01:06:15Z ERR failed to run the datagram handler error="context canceled" connIndex=0 event=0 ip=2606:4700:a0::7
2026-09-10T01:06:15Z ERR failed to serve tunnel connection error="control stream encountered a failure while serving" connIndex=0 event=0 ip=2606:4700:a0::7
2026-09-10T01:06:15Z ERR Serve tunnel error error="control stream encountered a failure while serving" connIndex=0 event=0 ip=2606:4700:a0::7
2026-09-10T01:06:15Z INF Retrying connection in up to 1m4s connIndex=0 event=0 ip=2606:4700:a0::7
2026-09-10T01:06:33Z INF Tunnel connection curve preferences: [X25519MLKEM768 CurveID(65074) CurveP256] connIndex=0 event=0 ip=2606:4700:a0::7
2026-09-10T01:06:33Z ERR failed to run the datagram handler error="context canceled" connIndex=0 event=0 ip=2606:4700:a0::7
2026-09-10T01:06:33Z ERR failed to serve tunnel connection error="control stream encountered a failure while serving" connIndex=0 event=0 ip=2606:4700:a0::7
2026-09-10T01:06:33Z ERR Serve tunnel error error="control stream encountered a failure while serving" connIndex=0 event=0 ip=2606:4700:a0::7
2026-09-10T01:06:33Z INF Retrying connection in up to 1m4s connIndex=0 event=0 ip=2606:4700:a0::7
2026-09-10T01:06:53Z INF Tunnel connection curve preferences: [X25519MLKEM768 CurveID(65074) CurveP256] connIndex=0 event=0 ip=2606:4700:a0::7
2026-09-10T01:06:53Z ERR failed to run the datagram handler error="context canceled" connIndex=0 event=0 ip=2606:4700:a0::7
2026-09-10T01:06:53Z ERR failed to serve tunnel connection error="control stream encountered a failure while serving" connIndex=0 event=0 ip=2606:4700:a0::7
2026-09-10T01:06:53Z ERR Serve tunnel error error="control stream encountered a failure while serving" connIndex=0 event=0 ip=2606:4700:a0::7
2026-09-10T01:06:53Z INF Retrying connection in up to 1m4s connIndex=0 event=0 ip=2606:4700:a0::7
2026-09-10T01:06:59Z INF Tunnel connection curve preferences: [X25519MLKEM768 CurveID(65074) CurveP256] connIndex=0 event=0 ip=2606:4700:a0::7
2026-09-10T01:06:59Z ERR failed to run the datagram handler error="context canceled" connIndex=0 event=0 ip=2606:4700:a0::7
2026-09-10T01:06:59Z ERR failed to serve tunnel connection error="control stream encountered a failure while serving" connIndex=0 event=0 ip=2606:4700:a0::7
2026-09-10T01:06:59Z ERR Serve tunnel error error="control stream encountered a failure while serving" connIndex=0 event=0 ip=2606:4700:a0::7
2026-09-10T01:06:59Z INF Retrying connection in up to 1m4s connIndex=0 event=0 ip=2606:4700:a0::7
2026-09-10T01:07:00Z INF Tunnel connection curve preferences: [X25519MLKEM768 CurveID(65074) CurveP256] connIndex=0 event=0 ip=2606:4700:a0::7
2026-09-10T01:07:00Z ERR failed to run the datagram handler error="context canceled" connIndex=0 event=0 ip=2606:4700:a0::7
2026-09-10T01:07:00Z ERR failed to serve tunnel connection error="control stream encountered a failure while serving" connIndex=0 event=0 ip=2606:4700:a0::7
2026-09-10T01:07:00Z ERR Serve tunnel error error="control stream encountered a failure while serving" connIndex=0 event=0 ip=2606:4700:a0::7
2026-09-10T01:07:00Z INF Retrying connection in up to 1m4s connIndex=0 event=0 ip=2606:4700:a0::7
2026-09-10T01:07:25Z INF Tunnel connection curve preferences: [X25519MLKEM768 CurveID(65074) CurveP256] connIndex=0 event=0 ip=2606:4700:a0::7
2026-09-10T01:07:25Z ERR failed to run the datagram handler error="context canceled" connIndex=0 event=0 ip=2606:4700:a0::7
2026-09-10T01:07:25Z ERR failed to serve tunnel connection error="control stream encountered a failure while serving" connIndex=0 event=0 ip=2606:4700:a0::7
2026-09-10T01:07:25Z ERR Serve tunnel error error="control stream encountered a failure while serving" connIndex=0 event=0 ip=2606:4700:a0::7
2026-09-10T01:07:25Z INF Retrying connection in up to 1m4s connIndex=0 event=0 ip=2606:4700:a0::7
2026-09-10T01:07:51Z INF Tunnel connection curve preferences: [X25519MLKEM768 CurveID(65074) CurveP256] connIndex=0 event=0 ip=2606:4700:a0::7
2026-09-10T01:07:51Z ERR failed to run the datagram handler error="context canceled" connIndex=0 event=0 ip=2606:4700:a0::7
2026-09-10T01:07:51Z ERR failed to serve tunnel connection error="control stream encountered a failure while serving" connIndex=0 event=0 ip=2606:4700:a0::7
2026-09-10T01:07:51Z ERR Serve tunnel error error="control stream encountered a failure while serving" connIndex=0 event=0 ip=2606:4700:a0::7
2026-09-10T01:07:51Z INF Retrying connection in up to 1m4s connIndex=0 event=0 ip=2606:4700:a0::7
2026-09-10T01:08:08Z INF Tunnel connection curve preferences: [X25519MLKEM768 CurveID(65074) CurveP256] connIndex=0 event=0 ip=2606:4700:a0::7
2026-09-10T01:08:08Z ERR failed to run the datagram handler error="context canceled" connIndex=0 event=0 ip=2606:4700:a0::7
2026-09-10T01:08:08Z ERR failed to serve tunnel connection error="control stream encountered a failure while serving" connIndex=0 event=0 ip=2606:4700:a0::7
2026-09-10T01:08:08Z ERR Serve tunnel error error="control stream encountered a failure while serving" connIndex=0 event=0 ip=2606:4700:a0::7
2026-09-10T01:08:08Z INF Retrying connection in up to 1m4s connIndex=0 event=0 ip=2606:4700:a0::7
2026-09-10T01:08:18Z INF Tunnel connection curve preferences: [X25519MLKEM768 CurveID(65074) CurveP256] connIndex=0 event=0 ip=2606:4700:a0::7
2026-09-10T01:08:18Z ERR failed to run the datagram handler error="context canceled" connIndex=0 event=0 ip=2606:4700:a0::7
2026-09-10T01:08:18Z ERR failed to serve tunnel connection error="control stream encountered a failure while serving" connIndex=0 event=0 ip=2606:4700:a0::7
2026-09-10T01:08:18Z ERR Serve tunnel error error="control stream encountered a failure while serving" connIndex=0 event=0 ip=2606:4700:a0::7
2026-09-10T01:08:18Z INF Retrying connection in up to 1m4s connIndex=0 event=0 ip=2606:4700:a0::7
2026-09-10T01:08:46Z INF Tunnel connection curve preferences: [X25519MLKEM768 CurveID(65074) CurveP256] connIndex=0 event=0 ip=2606:4700:a0::7
2026-09-10T01:08:46Z ERR failed to run the datagram handler error="context canceled" connIndex=0 event=0 ip=2606:4700:a0::7
2026-09-10T01:08:46Z ERR failed to serve tunnel connection error="control stream encountered a failure while serving" connIndex=0 event=0 ip=2606:4700:a0::7
2026-09-10T01:08:46Z ERR Serve tunnel error error="control stream encountered a failure while serving" connIndex=0 event=0 ip=2606:4700:a0::7
2026-09-10T01:08:46Z INF Retrying connection in up to 1m4s connIndex=0 event=0 ip=2606:4700:a0::7
2026-09-10T01:09:10Z INF Tunnel connection curve preferences: [X25519MLKEM768 CurveID(65074) CurveP256] connIndex=0 event=0 ip=2606:4700:a0::7
2026-09-10T01:09:10Z ERR failed to run the datagram handler error="context canceled" connIndex=0 event=0 ip=2606:4700:a0::7
2026-09-10T01:09:10Z ERR failed to serve tunnel connection error="control stream encountered a failure while serving" connIndex=0 event=0 ip=2606:4700:a0::7
2026-09-10T01:09:10Z ERR Serve tunnel error error="control stream encountered a failure while serving" connIndex=0 event=0 ip=2606:4700:a0::7
2026-09-10T01:09:10Z INF Retrying connection in up to 1m4s connIndex=0 event=0 ip=2606:4700:a0::7
2026-09-10T01:09:40Z INF Tunnel connection curve preferences: [X25519MLKEM768 CurveID(65074) CurveP256] connIndex=0 event=0 ip=2606:4700:a0::7
2026-09-10T01:09:40Z ERR failed to run the datagram handler error="context canceled" connIndex=0 event=0 ip=2606:4700:a0::7
2026-09-10T01:09:40Z ERR failed to serve tunnel connection error="control stream encountered a failure while serving" connIndex=0 event=0 ip=2606:4700:a0::7
2026-09-10T01:09:40Z ERR Serve tunnel error error="control stream encountered a failure while serving" connIndex=0 event=0 ip=2606:4700:a0::7
2026-09-10T01:09:40Z INF Retrying connection in up to 1m4s connIndex=0 event=0 ip=2606:4700:a0::7
2026-09-10T01:09:58Z INF Tunnel connection curve preferences: [X25519MLKEM768 CurveID(65074) CurveP256] connIndex=0 event=0 ip=2606:4700:a0::7
2026-09-10T01:09:58Z ERR failed to run the datagram handler error="context canceled" connIndex=0 event=0 ip=2606:4700:a0::7
2026-09-10T01:09:58Z ERR failed to serve tunnel connection error="control stream encountered a failure while serving" connIndex=0 event=0 ip=2606:4700:a0::7
2026-09-10T01:09:58Z ERR Serve tunnel error error="control stream encountered a failure while serving" connIndex=0 event=0 ip=2606:4700:a0::7
2026-09-10T01:09:58Z INF Retrying connection in up to 1m4s connIndex=0 event=0 ip=2606:4700:a0::7
2026-09-10T01:10:01Z INF Tunnel connection curve preferences: [X25519MLKEM768 CurveID(65074) CurveP256] connIndex=0 event=0 ip=2606:4700:a0::7
2026-09-10T01:10:01Z ERR failed to run the datagram handler error="context canceled" connIndex=0 event=0 ip=2606:4700:a0::7
2026-09-10T01:10:01Z ERR failed to serve tunnel connection error="control stream encountered a failure while serving" connIndex=0 event=0 ip=2606:4700:a0::7
2026-09-10T01:10:01Z ERR Serve tunnel error error="control stream encountered a failure while serving" connIndex=0 event=0 ip=2606:4700:a0::7
2026-09-10T01:10:01Z INF Retrying connection in up to 1m4s connIndex=0 event=0 ip=2606:4700:a0::7
2026-09-10T01:10:27Z INF Tunnel connection curve preferences: [X25519MLKEM768 CurveID(65074) CurveP256] connIndex=0 event=0 ip=2606:4700:a0::7
2026-09-10T01:10:27Z ERR failed to run the datagram handler error="context canceled" connIndex=0 event=0 ip=2606:4700:a0::7
2026-09-10T01:10:27Z ERR failed to serve tunnel connection error="control stream encountered a failure while serving" connIndex=0 event=0 ip=2606:4700:a0::7
2026-09-10T01:10:27Z ERR Serve tunnel error error="control stream encountered a failure while serving" connIndex=0 event=0 ip=2606:4700:a0::7
2026-09-10T01:10:27Z INF Retrying connection in up to 1m4s connIndex=0 event=0 ip=2606:4700:a0::7
2026-09-10T01:10:45Z INF Tunnel connection curve preferences: [X25519MLKEM768 CurveID(65074) CurveP256] connIndex=0 event=0 ip=2606:4700:a0::7
2026-09-10T01:10:45Z ERR failed to run the datagram handler error="context canceled" connIndex=0 event=0 ip=2606:4700:a0::7
2026-09-10T01:10:45Z ERR failed to serve tunnel connection error="control stream encountered a failure while serving" connIndex=0 event=0 ip=2606:4700:a0::7
2026-09-10T01:10:45Z ERR Serve tunnel error error="control stream encountered a failure while serving" connIndex=0 event=0 ip=2606:4700:a0::7
2026-09-10T01:10:45Z INF Retrying connection in up to 1m4s connIndex=0 event=0 ip=2606:4700:a0::7
2026-09-10T01:10:56Z INF Tunnel connection curve preferences: [X25519MLKEM768 CurveID(65074) CurveP256] connIndex=0 event=0 ip=2606:4700:a0::7
2026-09-10T01:10:56Z ERR failed to run the datagram handler error="context canceled" connIndex=0 event=0 ip=2606:4700:a0::7
2026-09-10T01:10:56Z ERR failed to serve tunnel connection error="control stream encountered a failure while serving" connIndex=0 event=0 ip=2606:4700:a0::7
2026-09-10T01:10:56Z ERR Serve tunnel error error="control stream encountered a failure while serving" connIndex=0 event=0 ip=2606:4700:a0::7
2026-09-10T01:10:56Z INF Retrying connection in up to 1m4s connIndex=0 event=0 ip=2606:4700:a0::7
2026-09-10T01:11:20Z INF Tunnel connection curve preferences: [X25519MLKEM768 CurveID(65074) CurveP256] connIndex=0 event=0 ip=2606:4700:a0::7
2026-09-10T01:11:20Z ERR failed to run the datagram handler error="context canceled" connIndex=0 event=0 ip=2606:4700:a0::7
2026-09-10T01:11:20Z ERR failed to serve tunnel connection error="control stream encountered a failure while serving" connIndex=0 event=0 ip=2606:4700:a0::7
2026-09-10T01:11:20Z ERR Serve tunnel error error="control stream encountered a failure while serving" connIndex=0 event=0 ip=2606:4700:a0::7
2026-09-10T01:11:20Z INF Retrying connection in up to 1m4s connIndex=0 event=0 ip=2606:4700:a0::7
2026-09-10T01:11:49Z INF Tunnel connection curve preferences: [X25519MLKEM768 CurveID(65074) CurveP256] connIndex=0 event=0 ip=2606:4700:a0::7
2026-09-10T01:11:49Z ERR failed to run the datagram handler error="context canceled" connIndex=0 event=0 ip=2606:4700:a0::7
2026-09-10T01:11:49Z ERR failed to serve tunnel connection error="control stream encountered a failure while serving" connIndex=0 event=0 ip=2606:4700:a0::7
2026-09-10T01:11:49Z ERR Serve tunnel error error="control stream encountered a failure while serving" connIndex=0 event=0 ip=2606:4700:a0::7
2026-09-10T01:11:49Z INF Retrying connection in up to 1m4s connIndex=0 event=0 ip=2606:4700:a0::7
2026-09-10T01:12:14Z INF Tunnel connection curve preferences: [X25519MLKEM768 CurveID(65074) CurveP256] connIndex=0 event=0 ip=2606:4700:a0::7
2026-09-10T01:12:14Z ERR failed to run the datagram handler error="context canceled" connIndex=0 event=0 ip=2606:4700:a0::7
2026-09-10T01:12:14Z ERR failed to serve tunnel connection error="control stream encountered a failure while serving" connIndex=0 event=0 ip=2606:4700:a0::7
2026-09-10T01:12:14Z ERR Serve tunnel error error="control stream encountered a failure while serving" connIndex=0 event=0 ip=2606:4700:a0::7
2026-09-10T01:12:14Z INF Retrying connection in up to 1m4s connIndex=0 event=0 ip=2606:4700:a0::7
2026-09-10T01:12:15Z INF Tunnel connection curve preferences: [X25519MLKEM768 CurveID(65074) CurveP256] connIndex=0 event=0 ip=2606:4700:a0::7
2026-09-10T01:12:15Z ERR failed to run the datagram handler error="context canceled" connIndex=0 event=0 ip=2606:4700:a0::7
2026-09-10T01:12:15Z ERR failed to serve tunnel connection error="control stream encountered a failure while serving" connIndex=0 event=0 ip=2606:4700:a0::7
2026-09-10T01:12:15Z ERR Serve tunnel error error="control stream encountered a failure while serving" connIndex=0 event=0 ip=2606:4700:a0::7
2026-09-10T01:12:15Z INF Retrying connection in up to 1m4s connIndex=0 event=0 ip=2606:4700:a0::7
2026-09-10T01:12:41Z INF Tunnel connection curve preferences: [X25519MLKEM768 CurveID(65074) CurveP256] connIndex=0 event=0 ip=2606:4700:a0::7
2026-09-10T01:12:41Z ERR failed to run the datagram handler error="context canceled" connIndex=0 event=0 ip=2606:4700:a0::7
2026-09-10T01:12:41Z ERR failed to serve tunnel connection error="control stream encountered a failure while serving" connIndex=0 event=0 ip=2606:4700:a0::7
2026-09-10T01:12:41Z ERR Serve tunnel error error="control stream encountered a failure while serving" connIndex=0 event=0 ip=2606:4700:a0::7
2026-09-10T01:12:41Z INF Retrying connection in up to 1m4s connIndex=0 event=0 ip=2606:4700:a0::7
2026-09-10T01:12:59Z INF Tunnel connection curve preferences: [X25519MLKEM768 CurveID(65074) CurveP256] connIndex=0 event=0 ip=2606:4700:a0::7
2026-09-10T01:12:59Z ERR failed to run the datagram handler error="context canceled" connIndex=0 event=0 ip=2606:4700:a0::7
2026-09-10T01:12:59Z ERR failed to serve tunnel connection error="control stream encountered a failure while serving" connIndex=0 event=0 ip=2606:4700:a0::7
2026-09-10T01:12:59Z ERR Serve tunnel error error="control stream encountered a failure while serving" connIndex=0 event=0 ip=2606:4700:a0::7
2026-09-10T01:12:59Z INF Retrying connection in up to 1m4s connIndex=0 event=0 ip=2606:4700:a0::7
2026-09-10T01:13:02Z INF Tunnel connection curve preferences: [X25519MLKEM768 CurveID(65074) CurveP256] connIndex=0 event=0 ip=2606:4700:a0::7
2026-09-10T01:13:02Z ERR failed to run the datagram handler error="context canceled" connIndex=0 event=0 ip=2606:4700:a0::7
2026-09-10T01:13:02Z ERR failed to serve tunnel connection error="control stream encountered a failure while serving" connIndex=0 event=0 ip=2606:4700:a0::7
2026-09-10T01:13:02Z ERR Serve tunnel error error="control stream encountered a failure while serving" connIndex=0 event=0 ip=2606:4700:a0::7
2026-09-10T01:13:02Z INF Retrying connection in up to 1m4s connIndex=0 event=0 ip=2606:4700:a0::7
2026-09-10T01:13:14Z INF Tunnel connection curve preferences: [X25519MLKEM768 CurveID(65074) CurveP256] connIndex=0 event=0 ip=2606:4700:a0::7
2026-09-10T01:13:14Z ERR failed to run the datagram handler error="context canceled" connIndex=0 event=0 ip=2606:4700:a0::7
2026-09-10T01:13:14Z ERR failed to serve tunnel connection error="control stream encountered a failure while serving" connIndex=0 event=0 ip=2606:4700:a0::7
2026-09-10T01:13:14Z ERR Serve tunnel error error="control stream encountered a failure while serving" connIndex=0 event=0 ip=2606:4700:a0::7
2026-09-10T01:13:14Z INF Retrying connection in up to 1m4s connIndex=0 event=0 ip=2606:4700:a0::7
2026-09-10T01:13:35Z INF Tunnel connection curve preferences: [X25519MLKEM768 CurveID(65074) CurveP256] connIndex=0 event=0 ip=2606:4700:a0::7
2026-09-10T01:13:35Z ERR failed to run the datagram handler error="context canceled" connIndex=0 event=0 ip=2606:4700:a0::7
2026-09-10T01:13:35Z ERR failed to serve tunnel connection error="control stream encountered a failure while serving" connIndex=0 event=0 ip=2606:4700:a0::7
2026-09-10T01:13:35Z ERR Serve tunnel error error="control stream encountered a failure while serving" connIndex=0 event=0 ip=2606:4700:a0::7
2026-09-10T01:13:35Z INF Retrying connection in up to 1m4s connIndex=0 event=0 ip=2606:4700:a0::7
2026-09-10T01:13:42Z INF Tunnel connection curve preferences: [X25519MLKEM768 CurveID(65074) CurveP256] connIndex=0 event=0 ip=2606:4700:a0::7
2026-09-10T01:13:42Z ERR failed to run the datagram handler error="context canceled" connIndex=0 event=0 ip=2606:4700:a0::7
2026-09-10T01:13:42Z ERR failed to serve tunnel connection error="control stream encountered a failure while serving" connIndex=0 event=0 ip=2606:4700:a0::7
2026-09-10T01:13:42Z ERR Serve tunnel error error="control stream encountered a failure while serving" connIndex=0 event=0 ip=2606:4700:a0::7
2026-09-10T01:13:42Z INF Retrying connection in up to 1m4s connIndex=0 event=0 ip=2606:4700:a0::7
2026-09-10T01:13:45Z INF Tunnel connection curve preferences: [X25519MLKEM768 CurveID(65074) CurveP256] connIndex=0 event=0 ip=2606:4700:a0::7
2026-09-10T01:13:45Z ERR failed to run the datagram handler error="context canceled" connIndex=0 event=0 ip=2606:4700:a0::7
2026-09-10T01:13:45Z ERR failed to serve tunnel connection error="control stream encountered a failure while serving" connIndex=0 event=0 ip=2606:4700:a0::7
2026-09-10T01:13:45Z ERR Serve tunnel error error="control stream encountered a failure while serving" connIndex=0 event=0 ip=2606:4700:a0::7
2026-09-10T01:13:45Z INF Retrying connection in up to 1m4s connIndex=0 event=0 ip=2606:4700:a0::7
2026-09-10T01:13:58Z INF Tunnel connection curve preferences: [X25519MLKEM768 CurveID(65074) CurveP256] connIndex=0 event=0 ip=2606:4700:a0::7
2026-09-10T01:13:58Z ERR failed to run the datagram handler error="context canceled" connIndex=0 event=0 ip=2606:4700:a0::7
2026-09-10T01:13:58Z ERR failed to serve tunnel connection error="control stream encountered a failure while serving" connIndex=0 event=0 ip=2606:4700:a0::7
2026-09-10T01:13:58Z ERR Serve tunnel error error="control stream encountered a failure while serving" connIndex=0 event=0 ip=2606:4700:a0::7
2026-09-10T01:13:58Z INF Retrying connection in up to 1m4s connIndex=0 event=0 ip=2606:4700:a0::7
2026-09-10T01:14:16Z INF Tunnel connection curve preferences: [X25519MLKEM768 CurveID(65074) CurveP256] connIndex=0 event=0 ip=2606:4700:a0::7
2026-09-10T01:14:16Z ERR failed to run the datagram handler error="context canceled" connIndex=0 event=0 ip=2606:4700:a0::7
2026-09-10T01:14:16Z ERR failed to serve tunnel connection error="control stream encountered a failure while serving" connIndex=0 event=0 ip=2606:4700:a0::7
2026-09-10T01:14:16Z ERR Serve tunnel error error="control stream encountered a failure while serving" connIndex=0 event=0 ip=2606:4700:a0::7
2026-09-10T01:14:16Z INF Retrying connection in up to 1m4s connIndex=0 event=0 ip=2606:4700:a0::7
2026-09-10T01:14:47Z INF Tunnel connection curve preferences: [X25519MLKEM768 CurveID(65074) CurveP256] connIndex=0 event=0 ip=2606:4700:a0::7
2026-09-10T01:14:47Z ERR failed to run the datagram handler error="context canceled" connIndex=0 event=0 ip=2606:4700:a0::7
2026-09-10T01:14:47Z ERR failed to serve tunnel connection error="control stream encountered a failure while serving" connIndex=0 event=0 ip=2606:4700:a0::7
2026-09-10T01:14:47Z ERR Serve tunnel error error="control stream encountered a failure while serving" connIndex=0 event=0 ip=2606:4700:a0::7
2026-09-10T01:14:47Z INF Retrying connection in up to 1m4s connIndex=0 event=0 ip=2606:4700:a0::7
2026-09-10T01:15:04Z INF Tunnel connection curve preferences: [X25519MLKEM768 CurveID(65074) CurveP256] connIndex=0 event=0 ip=2606:4700:a0::7
2026-09-10T01:15:04Z ERR failed to run the datagram handler error="context canceled" connIndex=0 event=0 ip=2606:4700:a0::7
2026-09-10T01:15:04Z ERR failed to serve tunnel connection error="control stream encountered a failure while serving" connIndex=0 event=0 ip=2606:4700:a0::7
2026-09-10T01:15:04Z ERR Serve tunnel error error="control stream encountered a failure while serving" connIndex=0 event=0 ip=2606:4700:a0::7
2026-09-10T01:15:04Z INF Retrying connection in up to 1m4s connIndex=0 event=0 ip=2606:4700:a0::7
2026-09-10T01:15:22Z INF Tunnel connection curve preferences: [X25519MLKEM768 CurveID(65074) CurveP256] connIndex=0 event=0 ip=2606:4700:a0::7
2026-09-10T01:15:22Z ERR failed to run the datagram handler error="context canceled" connIndex=0 event=0 ip=2606:4700:a0::7
2026-09-10T01:15:22Z ERR failed to serve tunnel connection error="control stream encountered a failure while serving" connIndex=0 event=0 ip=2606:4700:a0::7
2026-09-10T01:15:22Z ERR Serve tunnel error error="control stream encountered a failure while serving" connIndex=0 event=0 ip=2606:4700:a0::7
2026-09-10T01:15:22Z INF Retrying connection in up to 1m4s connIndex=0 event=0 ip=2606:4700:a0::7
2026-09-10T01:15:29Z INF Tunnel connection curve preferences: [X25519MLKEM768 CurveID(65074) CurveP256] connIndex=0 event=0 ip=2606:4700:a0::7
2026-09-10T01:15:29Z ERR failed to run the datagram handler error="context canceled" connIndex=0 event=0 ip=2606:4700:a0::7
2026-09-10T01:15:29Z ERR failed to serve tunnel connection error="control stream encountered a failure while serving" connIndex=0 event=0 ip=2606:4700:a0::7
2026-09-10T01:15:29Z ERR Serve tunnel error error="control stream encountered a failure while serving" connIndex=0 event=0 ip=2606:4700:a0::7
2026-09-10T01:15:29Z INF Retrying connection in up to 1m4s connIndex=0 event=0 ip=2606:4700:a0::7
2026-09-10T01:15:49Z INF Tunnel connection curve preferences: [X25519MLKEM768 CurveID(65074) CurveP256] connIndex=0 event=0 ip=2606:4700:a0::7
2026-09-10T01:15:49Z ERR failed to run the datagram handler error="context canceled" connIndex=0 event=0 ip=2606:4700:a0::7
2026-09-10T01:15:49Z ERR failed to serve tunnel connection error="control stream encountered a failure while serving" connIndex=0 event=0 ip=2606:4700:a0::7
2026-09-10T01:15:49Z ERR Serve tunnel error error="control stream encountered a failure while serving" connIndex=0 event=0 ip=2606:4700:a0::7
2026-09-10T01:15:49Z INF Retrying connection in up to 1m4s connIndex=0 event=0 ip=2606:4700:a0::7
2026-09-10T01:16:00Z INF Tunnel connection curve preferences: [X25519MLKEM768 CurveID(65074) CurveP256] connIndex=0 event=0 ip=2606:4700:a0::7
2026-09-10T01:16:00Z ERR failed to run the datagram handler error="context canceled" connIndex=0 event=0 ip=2606:4700:a0::7
2026-09-10T01:16:00Z ERR failed to serve tunnel connection error="control stream encountered a failure while serving" connIndex=0 event=0 ip=2606:4700:a0::7
2026-09-10T01:16:00Z ERR Serve tunnel error error="control stream encountered a failure while serving" connIndex=0 event=0 ip=2606:4700:a0::7
2026-09-10T01:16:00Z INF Retrying connection in up to 1m4s connIndex=0 event=0 ip=2606:4700:a0::7
2026-09-10T01:16:24Z INF Tunnel connection curve preferences: [X25519MLKEM768 CurveID(65074) CurveP256] connIndex=0 event=0 ip=2606:4700:a0::7
2026-09-10T01:16:24Z ERR failed to run the datagram handler error="context canceled" connIndex=0 event=0 ip=2606:4700:a0::7
2026-09-10T01:16:24Z ERR failed to serve tunnel connection error="control stream encountered a failure while serving" connIndex=0 event=0 ip=2606:4700:a0::7
2026-09-10T01:16:24Z ERR Serve tunnel error error="control stream encountered a failure while serving" connIndex=0 event=0 ip=2606:4700:a0::7
2026-09-10T01:16:24Z INF Retrying connection in up to 1m4s connIndex=0 event=0 ip=2606:4700:a0::7
2026-09-10T01:16:53Z INF Tunnel connection curve preferences: [X25519MLKEM768 CurveID(65074) CurveP256] connIndex=0 event=0 ip=2606:4700:a0::7
2026-09-10T01:16:53Z ERR failed to run the datagram handler error="context canceled" connIndex=0 event=0 ip=2606:4700:a0::7
2026-09-10T01:16:53Z ERR failed to serve tunnel connection error="control stream encountered a failure while serving" connIndex=0 event=0 ip=2606:4700:a0::7
2026-09-10T01:16:53Z ERR Serve tunnel error error="control stream encountered a failure while serving" connIndex=0 event=0 ip=2606:4700:a0::7
2026-09-10T01:16:53Z INF Retrying connection in up to 1m4s connIndex=0 event=0 ip=2606:4700:a0::7
2026-09-10T01:16:54Z INF Tunnel connection curve preferences: [X25519MLKEM768 CurveID(65074) CurveP256] connIndex=0 event=0 ip=2606:4700:a0::7
2026-09-10T01:16:54Z ERR failed to run the datagram handler error="context canceled" connIndex=0 event=0 ip=2606:4700:a0::7
2026-09-10T01:16:54Z ERR failed to serve tunnel connection error="control stream encountered a failure while serving" connIndex=0 event=0 ip=2606:4700:a0::7
2026-09-10T01:16:54Z ERR Serve tunnel error error="control stream encountered a failure while serving" connIndex=0 event=0 ip=2606:4700:a0::7
2026-09-10T01:16:54Z INF Retrying connection in up to 1m4s connIndex=0 event=0 ip=2606:4700:a0::7
2026-09-10T01:17:17Z INF Tunnel connection curve preferences: [X25519MLKEM768 CurveID(65074) CurveP256] connIndex=0 event=0 ip=2606:4700:a0::7
2026-09-10T01:17:17Z ERR failed to run the datagram handler error="context canceled" connIndex=0 event=0 ip=2606:4700:a0::7
2026-09-10T01:17:17Z ERR failed to serve tunnel connection error="control stream encountered a failure while serving" connIndex=0 event=0 ip=2606:4700:a0::7
2026-09-10T01:17:17Z ERR Serve tunnel error error="control stream encountered a failure while serving" connIndex=0 event=0 ip=2606:4700:a0::7
2026-09-10T01:17:17Z INF Retrying connection in up to 1m4s connIndex=0 event=0 ip=2606:4700:a0::7
2026-09-10T01:17:40Z INF Tunnel connection curve preferences: [X25519MLKEM768 CurveID(65074) CurveP256] connIndex=0 event=0 ip=2606:4700:a0::7
2026-09-10T01:17:40Z ERR failed to run the datagram handler error="context canceled" connIndex=0 event=0 ip=2606:4700:a0::7
2026-09-10T01:17:40Z ERR failed to serve tunnel connection error="control stream encountered a failure while serving" connIndex=0 event=0 ip=2606:4700:a0::7
2026-09-10T01:17:40Z ERR Serve tunnel error error="control stream encountered a failure while serving" connIndex=0 event=0 ip=2606:4700:a0::7
2026-09-10T01:17:40Z INF Retrying connection in up to 1m4s connIndex=0 event=0 ip=2606:4700:a0::7
2026-09-10T01:17:58Z INF Tunnel connection curve preferences: [X25519MLKEM768 CurveID(65074) CurveP256] connIndex=0 event=0 ip=2606:4700:a0::7
2026-09-10T01:17:58Z ERR failed to run the datagram handler error="context canceled" connIndex=0 event=0 ip=2606:4700:a0::7
2026-09-10T01:17:58Z ERR failed to serve tunnel connection error="control stream encountered a failure while serving" connIndex=0 event=0 ip=2606:4700:a0::7
2026-09-10T01:17:58Z ERR Serve tunnel error error="control stream encountered a failure while serving" connIndex=0 event=0 ip=2606:4700:a0::7
2026-09-10T01:17:58Z INF Retrying connection in up to 1m4s connIndex=0 event=0 ip=2606:4700:a0::7
2026-09-10T01:18:13Z INF Tunnel connection curve preferences: [X25519MLKEM768 CurveID(65074) CurveP256] connIndex=0 event=0 ip=2606:4700:a0::7
2026-09-10T01:18:13Z ERR failed to run the datagram handler error="context canceled" connIndex=0 event=0 ip=2606:4700:a0::7
2026-09-10T01:18:13Z ERR failed to serve tunnel connection error="control stream encountered a failure while serving" connIndex=0 event=0 ip=2606:4700:a0::7
2026-09-10T01:18:13Z ERR Serve tunnel error error="control stream encountered a failure while serving" connIndex=0 event=0 ip=2606:4700:a0::7
2026-09-10T01:18:13Z INF Retrying connection in up to 1m4s connIndex=0 event=0 ip=2606:4700:a0::7
2026-09-10T01:18:22Z INF Tunnel connection curve preferences: [X25519MLKEM768 CurveID(65074) CurveP256] connIndex=0 event=0 ip=2606:4700:a0::7
2026-09-10T01:18:22Z ERR failed to run the datagram handler error="context canceled" connIndex=0 event=0 ip=2606:4700:a0::7
2026-09-10T01:18:22Z ERR failed to serve tunnel connection error="control stream encountered a failure while serving" connIndex=0 event=0 ip=2606:4700:a0::7
2026-09-10T01:18:22Z ERR Serve tunnel error error="control stream encountered a failure while serving" connIndex=0 event=0 ip=2606:4700:a0::7
2026-09-10T01:18:22Z INF Retrying connection in up to 1m4s connIndex=0 event=0 ip=2606:4700:a0::7
2026-09-10T01:18:48Z INF Tunnel connection curve preferences: [X25519MLKEM768 CurveID(65074) CurveP256] connIndex=0 event=0 ip=2606:4700:a0::7
2026-09-10T01:18:48Z ERR failed to run the datagram handler error="context canceled" connIndex=0 event=0 ip=2606:4700:a0::7
2026-09-10T01:18:48Z ERR failed to serve tunnel connection error="control stream encountered a failure while serving" connIndex=0 event=0 ip=2606:4700:a0::7
2026-09-10T01:18:48Z ERR Serve tunnel error error="control stream encountered a failure while serving" connIndex=0 event=0 ip=2606:4700:a0::7
2026-09-10T01:18:48Z INF Retrying connection in up to 1m4s connIndex=0 event=0 ip=2606:4700:a0::7
2026-09-10T01:19:07Z INF Tunnel connection curve preferences: [X25519MLKEM768 CurveID(65074) CurveP256] connIndex=0 event=0 ip=2606:4700:a0::7
2026-09-10T01:19:07Z ERR failed to run the datagram handler error="context canceled" connIndex=0 event=0 ip=2606:4700:a0::7
2026-09-10T01:19:07Z ERR failed to serve tunnel connection error="control stream encountered a failure while serving" connIndex=0 event=0 ip=2606:4700:a0::7
2026-09-10T01:19:07Z ERR Serve tunnel error error="control stream encountered a failure while serving" connIndex=0 event=0 ip=2606:4700:a0::7
2026-09-10T01:19:07Z INF Retrying connection in up to 1m4s connIndex=0 event=0 ip=2606:4700:a0::7
2026-09-10T01:19:19Z INF Tunnel connection curve preferences: [X25519MLKEM768 CurveID(65074) CurveP256] connIndex=0 event=0 ip=2606:4700:a0::7
2026-09-10T01:19:19Z ERR failed to run the datagram handler error="context canceled" connIndex=0 event=0 ip=2606:4700:a0::7
2026-09-10T01:19:19Z ERR failed to serve tunnel connection error="control stream encountered a failure while serving" connIndex=0 event=0 ip=2606:4700:a0::7
2026-09-10T01:19:19Z ERR Serve tunnel error error="control stream encountered a failure while serving" connIndex=0 event=0 ip=2606:4700:a0::7
2026-09-10T01:19:19Z INF Retrying connection in up to 1m4s connIndex=0 event=0 ip=2606:4700:a0::7
2026-09-10T01:19:50Z INF Tunnel connection curve preferences: [X25519MLKEM768 CurveID(65074) CurveP256] connIndex=0 event=0 ip=2606:4700:a0::7
2026-09-10T01:19:50Z ERR failed to run the datagram handler error="context canceled" connIndex=0 event=0 ip=2606:4700:a0::7
2026-09-10T01:19:50Z ERR failed to serve tunnel connection error="control stream encountered a failure while serving" connIndex=0 event=0 ip=2606:4700:a0::7
2026-09-10T01:19:50Z ERR Serve tunnel error error="control stream encountered a failure while serving" connIndex=0 event=0 ip=2606:4700:a0::7
2026-09-10T01:19:50Z INF Retrying connection in up to 1m4s connIndex=0 event=0 ip=2606:4700:a0::7
2026-09-10T01:20:05Z INF Tunnel connection curve preferences: [X25519MLKEM768 CurveID(65074) CurveP256] connIndex=0 event=0 ip=2606:4700:a0::7
2026-09-10T01:20:05Z ERR failed to run the datagram handler error="context canceled" connIndex=0 event=0 ip=2606:4700:a0::7
2026-09-10T01:20:05Z ERR failed to serve tunnel connection error="control stream encountered a failure while serving" connIndex=0 event=0 ip=2606:4700:a0::7
2026-09-10T01:20:05Z ERR Serve tunnel error error="control stream encountered a failure while serving" connIndex=0 event=0 ip=2606:4700:a0::7
2026-09-10T01:20:05Z INF Retrying connection in up to 1m4s connIndex=0 event=0 ip=2606:4700:a0::7
2026-09-10T01:20:34Z INF Tunnel connection curve preferences: [X25519MLKEM768 CurveID(65074) CurveP256] connIndex=0 event=0 ip=2606:4700:a0::7
2026-09-10T01:20:34Z ERR failed to run the datagram handler error="context canceled" connIndex=0 event=0 ip=2606:4700:a0::7
2026-09-10T01:20:34Z ERR failed to serve tunnel connection error="control stream encountered a failure while serving" connIndex=0 event=0 ip=2606:4700:a0::7
2026-09-10T01:20:34Z ERR Serve tunnel error error="control stream encountered a failure while serving" connIndex=0 event=0 ip=2606:4700:a0::7
2026-09-10T01:20:34Z INF Retrying connection in up to 1m4s connIndex=0 event=0 ip=2606:4700:a0::7
2026-09-10T01:21:06Z INF Tunnel connection curve preferences: [X25519MLKEM768 CurveID(65074) CurveP256] connIndex=0 event=0 ip=2606:4700:a0::7
2026-09-10T01:21:06Z ERR failed to run the datagram handler error="context canceled" connIndex=0 event=0 ip=2606:4700:a0::7
2026-09-10T01:21:06Z ERR failed to serve tunnel connection error="control stream encountered a failure while serving" connIndex=0 event=0 ip=2606:4700:a0::7
2026-09-10T01:21:06Z ERR Serve tunnel error error="control stream encountered a failure while serving" connIndex=0 event=0 ip=2606:4700:a0::7
2026-09-10T01:21:06Z INF Retrying connection in up to 1m4s connIndex=0 event=0 ip=2606:4700:a0::7
2026-09-10T01:21:37Z INF Tunnel connection curve preferences: [X25519MLKEM768 CurveID(65074) CurveP256] connIndex=0 event=0 ip=2606:4700:a0::7
2026-09-10T01:21:37Z ERR failed to run the datagram handler error="context canceled" connIndex=0 event=0 ip=2606:4700:a0::7
2026-09-10T01:21:37Z ERR failed to serve tunnel connection error="control stream encountered a failure while serving" connIndex=0 event=0 ip=2606:4700:a0::7
2026-09-10T01:21:37Z ERR Serve tunnel error error="control stream encountered a failure while serving" connIndex=0 event=0 ip=2606:4700:a0::7
2026-09-10T01:21:37Z INF Retrying connection in up to 1m4s connIndex=0 event=0 ip=2606:4700:a0::7
2026-09-10T01:21:42Z INF Tunnel connection curve preferences: [X25519MLKEM768 CurveID(65074) CurveP256] connIndex=0 event=0 ip=2606:4700:a0::7
2026-09-10T01:21:42Z ERR failed to run the datagram handler error="context canceled" connIndex=0 event=0 ip=2606:4700:a0::7
2026-09-10T01:21:42Z ERR failed to serve tunnel connection error="control stream encountered a failure while serving" connIndex=0 event=0 ip=2606:4700:a0::7
2026-09-10T01:21:42Z ERR Serve tunnel error error="control stream encountered a failure while serving" connIndex=0 event=0 ip=2606:4700:a0::7
2026-09-10T01:21:42Z INF Retrying connection in up to 1m4s connIndex=0 event=0 ip=2606:4700:a0::7
2026-09-10T01:22:02Z INF Tunnel connection curve preferences: [X25519MLKEM768 CurveID(65074) CurveP256] connIndex=0 event=0 ip=2606:4700:a0::7
2026-09-10T01:22:02Z ERR failed to run the datagram handler error="context canceled" connIndex=0 event=0 ip=2606:4700:a0::7
2026-09-10T01:22:02Z ERR failed to serve tunnel connection error="control stream encountered a failure while serving" connIndex=0 event=0 ip=2606:4700:a0::7
2026-09-10T01:22:02Z ERR Serve tunnel error error="control stream encountered a failure while serving" connIndex=0 event=0 ip=2606:4700:a0::7
2026-09-10T01:22:02Z INF Retrying connection in up to 1m4s connIndex=0 event=0 ip=2606:4700:a0::7
2026-09-10T01:22:09Z INF Tunnel connection curve preferences: [X25519MLKEM768 CurveID(65074) CurveP256] connIndex=0 event=0 ip=2606:4700:a0::7
2026-09-10T01:22:09Z ERR failed to run the datagram handler error="context canceled" connIndex=0 event=0 ip=2606:4700:a0::7
2026-09-10T01:22:09Z ERR failed to serve tunnel connection error="control stream encountered a failure while serving" connIndex=0 event=0 ip=2606:4700:a0::7
2026-09-10T01:22:09Z ERR Serve tunnel error error="control stream encountered a failure while serving" connIndex=0 event=0 ip=2606:4700:a0::7
2026-09-10T01:22:09Z INF Retrying connection in up to 1m4s connIndex=0 event=0 ip=2606:4700:a0::7
2026-09-10T01:22:40Z INF Tunnel connection curve preferences: [X25519MLKEM768 CurveID(65074) CurveP256] connIndex=0 event=0 ip=2606:4700:a0::7
2026-09-10T01:22:40Z ERR failed to run the datagram handler error="context canceled" connIndex=0 event=0 ip=2606:4700:a0::7
2026-09-10T01:22:40Z ERR failed to serve tunnel connection error="control stream encountered a failure while serving" connIndex=0 event=0 ip=2606:4700:a0::7
2026-09-10T01:22:40Z ERR Serve tunnel error error="control stream encountered a failure while serving" connIndex=0 event=0 ip=2606:4700:a0::7
2026-09-10T01:22:40Z INF Retrying connection in up to 1m4s connIndex=0 event=0 ip=2606:4700:a0::7
2026-09-10T01:22:45Z INF Tunnel connection curve preferences: [X25519MLKEM768 CurveID(65074) CurveP256] connIndex=0 event=0 ip=2606:4700:a0::7
2026-09-10T01:22:45Z ERR failed to run the datagram handler error="context canceled" connIndex=0 event=0 ip=2606:4700:a0::7
2026-09-10T01:22:45Z ERR failed to serve tunnel connection error="control stream encountered a failure while serving" connIndex=0 event=0 ip=2606:4700:a0::7
2026-09-10T01:22:45Z ERR Serve tunnel error error="control stream encountered a failure while serving" connIndex=0 event=0 ip=2606:4700:a0::7
2026-09-10T01:22:45Z INF Retrying connection in up to 1m4s connIndex=0 event=0 ip=2606:4700:a0::7
2026-09-10T01:23:11Z INF Tunnel connection curve preferences: [X25519MLKEM768 CurveID(65074) CurveP256] connIndex=0 event=0 ip=2606:4700:a0::7
2026-09-10T01:23:11Z ERR failed to run the datagram handler error="context canceled" connIndex=0 event=0 ip=2606:4700:a0::7
2026-09-10T01:23:11Z ERR failed to serve tunnel connection error="control stream encountered a failure while serving" connIndex=0 event=0 ip=2606:4700:a0::7
2026-09-10T01:23:11Z ERR Serve tunnel error error="control stream encountered a failure while serving" connIndex=0 event=0 ip=2606:4700:a0::7
2026-09-10T01:23:11Z INF Retrying connection in up to 1m4s connIndex=0 event=0 ip=2606:4700:a0::7
2026-09-10T01:23:32Z INF Tunnel connection curve preferences: [X25519MLKEM768 CurveID(65074) CurveP256] connIndex=0 event=0 ip=2606:4700:a0::7
2026-09-10T01:23:32Z ERR failed to run the datagram handler error="context canceled" connIndex=0 event=0 ip=2606:4700:a0::7
2026-09-10T01:23:32Z ERR failed to serve tunnel connection error="control stream encountered a failure while serving" connIndex=0 event=0 ip=2606:4700:a0::7
2026-09-10T01:23:32Z ERR Serve tunnel error error="control stream encountered a failure while serving" connIndex=0 event=0 ip=2606:4700:a0::7
2026-09-10T01:23:32Z INF Retrying connection in up to 1m4s connIndex=0 event=0 ip=2606:4700:a0::7
2026-09-10T01:23:46Z INF Tunnel connection curve preferences: [X25519MLKEM768 CurveID(65074) CurveP256] connIndex=0 event=0 ip=2606:4700:a0::7
2026-09-10T01:23:46Z ERR failed to run the datagram handler error="context canceled" connIndex=0 event=0 ip=2606:4700:a0::7
2026-09-10T01:23:46Z ERR failed to serve tunnel connection error="control stream encountered a failure while serving" connIndex=0 event=0 ip=2606:4700:a0::7
2026-09-10T01:23:46Z ERR Serve tunnel error error="control stream encountered a failure while serving" connIndex=0 event=0 ip=2606:4700:a0::7
2026-09-10T01:23:46Z INF Retrying connection in up to 1m4s connIndex=0 event=0 ip=2606:4700:a0::7
2026-09-10T01:24:01Z INF Tunnel connection curve preferences: [X25519MLKEM768 CurveID(65074) CurveP256] connIndex=0 event=0 ip=2606:4700:a0::7
2026-09-10T01:24:01Z ERR failed to run the datagram handler error="context canceled" connIndex=0 event=0 ip=2606:4700:a0::7
2026-09-10T01:24:01Z ERR failed to serve tunnel connection error="control stream encountered a failure while serving" connIndex=0 event=0 ip=2606:4700:a0::7
2026-09-10T01:24:01Z ERR Serve tunnel error error="control stream encountered a failure while serving" connIndex=0 event=0 ip=2606:4700:a0::7
2026-09-10T01:24:01Z INF Retrying connection in up to 1m4s connIndex=0 event=0 ip=2606:4700:a0::7
2026-09-10T01:24:03Z INF Tunnel connection curve preferences: [X25519MLKEM768 CurveID(65074) CurveP256] connIndex=0 event=0 ip=2606:4700:a0::7
2026-09-10T01:24:03Z ERR failed to run the datagram handler error="context canceled" connIndex=0 event=0 ip=2606:4700:a0::7
2026-09-10T01:24:03Z ERR failed to serve tunnel connection error="control stream encountered a failure while serving" connIndex=0 event=0 ip=2606:4700:a0::7
2026-09-10T01:24:03Z ERR Serve tunnel error error="control stream encountered a failure while serving" connIndex=0 event=0 ip=2606:4700:a0::7
2026-09-10T01:24:03Z INF Retrying connection in up to 1m4s connIndex=0 event=0 ip=2606:4700:a0::7
2026-09-10T01:24:16Z INF Tunnel connection curve preferences: [X25519MLKEM768 CurveID(65074) CurveP256] connIndex=0 event=0 ip=2606:4700:a0::7
2026-09-10T01:24:16Z ERR failed to run the datagram handler error="context canceled" connIndex=0 event=0 ip=2606:4700:a0::7
2026-09-10T01:24:16Z ERR failed to serve tunnel connection error="control stream encountered a failure while serving" connIndex=0 event=0 ip=2606:4700:a0::7
2026-09-10T01:24:16Z ERR Serve tunnel error error="control stream encountered a failure while serving" connIndex=0 event=0 ip=2606:4700:a0::7
2026-09-10T01:24:16Z INF Retrying connection in up to 1m4s connIndex=0 event=0 ip=2606:4700:a0::7
2026-09-10T01:24:30Z INF Tunnel connection curve preferences: [X25519MLKEM768 CurveID(65074) CurveP256] connIndex=0 event=0 ip=2606:4700:a0::7
2026-09-10T01:24:30Z ERR failed to run the datagram handler error="context canceled" connIndex=0 event=0 ip=2606:4700:a0::7
2026-09-10T01:24:30Z ERR failed to serve tunnel connection error="control stream encountered a failure while serving" connIndex=0 event=0 ip=2606:4700:a0::7
2026-09-10T01:24:30Z ERR Serve tunnel error error="control stream encountered a failure while serving" connIndex=0 event=0 ip=2606:4700:a0::7
2026-09-10T01:24:30Z INF Retrying connection in up to 1m4s connIndex=0 event=0 ip=2606:4700:a0::7
2026-09-10T01:24:46Z INF Tunnel connection curve preferences: [X25519MLKEM768 CurveID(65074) CurveP256] connIndex=0 event=0 ip=2606:4700:a0::7
2026-09-10T01:24:46Z ERR failed to run the datagram handler error="context canceled" connIndex=0 event=0 ip=2606:4700:a0::7
2026-09-10T01:24:46Z ERR failed to serve tunnel connection error="control stream encountered a failure while serving" connIndex=0 event=0 ip=2606:4700:a0::7
2026-09-10T01:24:46Z ERR Serve tunnel error error="control stream encountered a failure while serving" connIndex=0 event=0 ip=2606:4700:a0::7
2026-09-10T01:24:46Z INF Retrying connection in up to 1m4s connIndex=0 event=0 ip=2606:4700:a0::7
2026-09-10T01:24:52Z INF Tunnel connection curve preferences: [X25519MLKEM768 CurveID(65074) CurveP256] connIndex=0 event=0 ip=2606:4700:a0::7
2026-09-10T01:24:52Z ERR failed to run the datagram handler error="context canceled" connIndex=0 event=0 ip=2606:4700:a0::7
2026-09-10T01:24:52Z ERR failed to serve tunnel connection error="control stream encountered a failure while serving" connIndex=0 event=0 ip=2606:4700:a0::7
2026-09-10T01:24:52Z ERR Serve tunnel error error="control stream encountered a failure while serving" connIndex=0 event=0 ip=2606:4700:a0::7
2026-09-10T01:24:52Z INF Retrying connection in up to 1m4s connIndex=0 event=0 ip=2606:4700:a0::7
2026-09-10T01:25:06Z INF Tunnel connection curve preferences: [X25519MLKEM768 CurveID(65074) CurveP256] connIndex=0 event=0 ip=2606:4700:a0::7
2026-09-10T01:25:06Z ERR failed to run the datagram handler error="context canceled" connIndex=0 event=0 ip=2606:4700:a0::7
2026-09-10T01:25:06Z ERR failed to serve tunnel connection error="control stream encountered a failure while serving" connIndex=0 event=0 ip=2606:4700:a0::7
2026-09-10T01:25:06Z ERR Serve tunnel error error="control stream encountered a failure while serving" connIndex=0 event=0 ip=2606:4700:a0::7
2026-09-10T01:25:06Z INF Retrying connection in up to 1m4s connIndex=0 event=0 ip=2606:4700:a0::7
2026-09-10T01:25:19Z INF Tunnel connection curve preferences: [X25519MLKEM768 CurveID(65074) CurveP256] connIndex=0 event=0 ip=2606:4700:a0::7
2026-09-10T01:25:19Z ERR failed to run the datagram handler error="context canceled" connIndex=0 event=0 ip=2606:4700:a0::7
2026-09-10T01:25:19Z ERR failed to serve tunnel connection error="control stream encountered a failure while serving" connIndex=0 event=0 ip=2606:4700:a0::7
2026-09-10T01:25:19Z ERR Serve tunnel error error="control stream encountered a failure while serving" connIndex=0 event=0 ip=2606:4700:a0::7
2026-09-10T01:25:19Z INF Retrying connection in up to 1m4s connIndex=0 event=0 ip=2606:4700:a0::7
2026-09-10T01:25:48Z INF Tunnel connection curve preferences: [X25519MLKEM768 CurveID(65074) CurveP256] connIndex=0 event=0 ip=2606:4700:a0::7
2026-09-10T01:25:48Z ERR failed to run the datagram handler error="context canceled" connIndex=0 event=0 ip=2606:4700:a0::7
2026-09-10T01:25:48Z ERR failed to serve tunnel connection error="control stream encountered a failure while serving" connIndex=0 event=0 ip=2606:4700:a0::7
2026-09-10T01:25:48Z ERR Serve tunnel error error="control stream encountered a failure while serving" connIndex=0 event=0 ip=2606:4700:a0::7
2026-09-10T01:25:48Z INF Retrying connection in up to 1m4s connIndex=0 event=0 ip=2606:4700:a0::7
2026-09-10T01:26:06Z INF Tunnel connection curve preferences: [X25519MLKEM768 CurveID(65074) CurveP256] connIndex=0 event=0 ip=2606:4700:a0::7
2026-09-10T01:26:06Z ERR failed to run the datagram handler error="context canceled" connIndex=0 event=0 ip=2606:4700:a0::7
2026-09-10T01:26:06Z ERR failed to serve tunnel connection error="control stream encountered a failure while serving" connIndex=0 event=0 ip=2606:4700:a0::7
2026-09-10T01:26:06Z ERR Serve tunnel error error="control stream encountered a failure while serving" connIndex=0 event=0 ip=2606:4700:a0::7
2026-09-10T01:26:06Z INF Retrying connection in up to 1m4s connIndex=0 event=0 ip=2606:4700:a0::7
2026-09-10T01:26:10Z INF Tunnel connection curve preferences: [X25519MLKEM768 CurveID(65074) CurveP256] connIndex=0 event=0 ip=2606:4700:a0::7
2026-09-10T01:26:10Z ERR failed to run the datagram handler error="context canceled" connIndex=0 event=0 ip=2606:4700:a0::7
2026-09-10T01:26:10Z ERR failed to serve tunnel connection error="control stream encountered a failure while serving" connIndex=0 event=0 ip=2606:4700:a0::7
2026-09-10T01:26:10Z ERR Serve tunnel error error="control stream encountered a failure while serving" connIndex=0 event=0 ip=2606:4700:a0::7
2026-09-10T01:26:10Z INF Retrying connection in up to 1m4s connIndex=0 event=0 ip=2606:4700:a0::7
2026-09-10T01:26:17Z INF Tunnel connection curve preferences: [X25519MLKEM768 CurveID(65074) CurveP256] connIndex=0 event=0 ip=2606:4700:a0::7
2026-09-10T01:26:17Z ERR failed to run the datagram handler error="context canceled" connIndex=0 event=0 ip=2606:4700:a0::7
2026-09-10T01:26:17Z ERR failed to serve tunnel connection error="control stream encountered a failure while serving" connIndex=0 event=0 ip=2606:4700:a0::7
2026-09-10T01:26:17Z ERR Serve tunnel error error="control stream encountered a failure while serving" connIndex=0 event=0 ip=2606:4700:a0::7
2026-09-10T01:26:17Z INF Retrying connection in up to 1m4s connIndex=0 event=0 ip=2606:4700:a0::7
2026-09-10T01:26:31Z INF Tunnel connection curve preferences: [X25519MLKEM768 CurveID(65074) CurveP256] connIndex=0 event=0 ip=2606:4700:a0::7
2026-09-10T01:26:31Z ERR failed to run the datagram handler error="context canceled" connIndex=0 event=0 ip=2606:4700:a0::7
2026-09-10T01:26:31Z ERR failed to serve tunnel connection error="control stream encountered a failure while serving" connIndex=0 event=0 ip=2606:4700:a0::7
2026-09-10T01:26:31Z ERR Serve tunnel error error="control stream encountered a failure while serving" connIndex=0 event=0 ip=2606:4700:a0::7
2026-09-10T01:26:31Z INF Retrying connection in up to 1m4s connIndex=0 event=0 ip=2606:4700:a0::7
2026-09-10T01:26:49Z INF Tunnel connection curve preferences: [X25519MLKEM768 CurveID(65074) CurveP256] connIndex=0 event=0 ip=2606:4700:a0::7
2026-09-10T01:26:49Z ERR failed to run the datagram handler error="context canceled" connIndex=0 event=0 ip=2606:4700:a0::7
2026-09-10T01:26:49Z ERR failed to serve tunnel connection error="control stream encountered a failure while serving" connIndex=0 event=0 ip=2606:4700:a0::7
2026-09-10T01:26:49Z ERR Serve tunnel error error="control stream encountered a failure while serving" connIndex=0 event=0 ip=2606:4700:a0::7
2026-09-10T01:26:49Z INF Retrying connection in up to 1m4s connIndex=0 event=0 ip=2606:4700:a0::7
2026-09-10T01:27:01Z INF Tunnel connection curve preferences: [X25519MLKEM768 CurveID(65074) CurveP256] connIndex=0 event=0 ip=2606:4700:a0::7
2026-09-10T01:27:01Z ERR failed to run the datagram handler error="context canceled" connIndex=0 event=0 ip=2606:4700:a0::7
2026-09-10T01:27:01Z ERR failed to serve tunnel connection error="control stream encountered a failure while serving" connIndex=0 event=0 ip=2606:4700:a0::7
2026-09-10T01:27:01Z ERR Serve tunnel error error="control stream encountered a failure while serving" connIndex=0 event=0 ip=2606:4700:a0::7
2026-09-10T01:27:01Z INF Retrying connection in up to 1m4s connIndex=0 event=0 ip=2606:4700:a0::7
2026-09-10T01:27:07Z INF Tunnel connection curve preferences: [X25519MLKEM768 CurveID(65074) CurveP256] connIndex=0 event=0 ip=2606:4700:a0::7
2026-09-10T01:27:07Z ERR failed to run the datagram handler error="context canceled" connIndex=0 event=0 ip=2606:4700:a0::7
2026-09-10T01:27:07Z ERR failed to serve tunnel connection error="control stream encountered a failure while serving" connIndex=0 event=0 ip=2606:4700:a0::7
2026-09-10T01:27:07Z ERR Serve tunnel error error="control stream encountered a failure while serving" connIndex=0 event=0 ip=2606:4700:a0::7
2026-09-10T01:27:07Z INF Retrying connection in up to 1m4s connIndex=0 event=0 ip=2606:4700:a0::7
2026-09-10T01:27:38Z INF Tunnel connection curve preferences: [X25519MLKEM768 CurveID(65074) CurveP256] connIndex=0 event=0 ip=2606:4700:a0::7
2026-09-10T01:27:38Z ERR failed to run the datagram handler error="context canceled" connIndex=0 event=0 ip=2606:4700:a0::7
2026-09-10T01:27:38Z ERR failed to serve tunnel connection error="control stream encountered a failure while serving" connIndex=0 event=0 ip=2606:4700:a0::7
2026-09-10T01:27:38Z ERR Serve tunnel error error="control stream encountered a failure while serving" connIndex=0 event=0 ip=2606:4700:a0::7
2026-09-10T01:27:38Z INF Retrying connection in up to 1m4s connIndex=0 event=0 ip=2606:4700:a0::7
2026-09-10T01:28:09Z INF Tunnel connection curve preferences: [X25519MLKEM768 CurveID(65074) CurveP256] connIndex=0 event=0 ip=2606:4700:a0::7
2026-09-10T01:28:09Z ERR failed to run the datagram handler error="context canceled" connIndex=0 event=0 ip=2606:4700:a0::7
2026-09-10T01:28:09Z ERR failed to serve tunnel connection error="control stream encountered a failure while serving" connIndex=0 event=0 ip=2606:4700:a0::7
2026-09-10T01:28:09Z ERR Serve tunnel error error="control stream encountered a failure while serving" connIndex=0 event=0 ip=2606:4700:a0::7
2026-09-10T01:28:09Z INF Retrying connection in up to 1m4s connIndex=0 event=0 ip=2606:4700:a0::7
2026-09-10T01:28:33Z INF Tunnel connection curve preferences: [X25519MLKEM768 CurveID(65074) CurveP256] connIndex=0 event=0 ip=2606:4700:a0::7
2026-09-10T01:28:33Z ERR failed to run the datagram handler error="context canceled" connIndex=0 event=0 ip=2606:4700:a0::7
2026-09-10T01:28:33Z ERR failed to serve tunnel connection error="control stream encountered a failure while serving" connIndex=0 event=0 ip=2606:4700:a0::7
2026-09-10T01:28:33Z ERR Serve tunnel error error="control stream encountered a failure while serving" connIndex=0 event=0 ip=2606:4700:a0::7
2026-09-10T01:28:33Z INF Retrying connection in up to 1m4s connIndex=0 event=0 ip=2606:4700:a0::7
2026-09-10T01:29:05Z INF Tunnel connection curve preferences: [X25519MLKEM768 CurveID(65074) CurveP256] connIndex=0 event=0 ip=2606:4700:a0::7
2026-09-10T01:29:05Z ERR failed to run the datagram handler error="context canceled" connIndex=0 event=0 ip=2606:4700:a0::7
2026-09-10T01:29:05Z ERR failed to serve tunnel connection error="control stream encountered a failure while serving" connIndex=0 event=0 ip=2606:4700:a0::7
2026-09-10T01:29:05Z ERR Serve tunnel error error="control stream encountered a failure while serving" connIndex=0 event=0 ip=2606:4700:a0::7
2026-09-10T01:29:05Z INF Retrying connection in up to 1m4s connIndex=0 event=0 ip=2606:4700:a0::7
2026-09-10T01:29:23Z INF Tunnel connection curve preferences: [X25519MLKEM768 CurveID(65074) CurveP256] connIndex=0 event=0 ip=2606:4700:a0::7
2026-09-10T01:29:23Z ERR failed to run the datagram handler error="context canceled" connIndex=0 event=0 ip=2606:4700:a0::7
2026-09-10T01:29:23Z ERR failed to serve tunnel connection error="control stream encountered a failure while serving" connIndex=0 event=0 ip=2606:4700:a0::7
2026-09-10T01:29:23Z ERR Serve tunnel error error="control stream encountered a failure while serving" connIndex=0 event=0 ip=2606:4700:a0::7
2026-09-10T01:29:23Z INF Retrying connection in up to 1m4s connIndex=0 event=0 ip=2606:4700:a0::7
2026-09-10T01:29:54Z INF Tunnel connection curve preferences: [X25519MLKEM768 CurveID(65074) CurveP256] connIndex=0 event=0 ip=2606:4700:a0::7
2026-09-10T01:29:54Z ERR failed to run the datagram handler error="context canceled" connIndex=0 event=0 ip=2606:4700:a0::7
2026-09-10T01:29:54Z ERR failed to serve tunnel connection error="control stream encountered a failure while serving" connIndex=0 event=0 ip=2606:4700:a0::7
2026-09-10T01:29:54Z ERR Serve tunnel error error="control stream encountered a failure while serving" connIndex=0 event=0 ip=2606:4700:a0::7
2026-09-10T01:29:54Z INF Retrying connection in up to 1m4s connIndex=0 event=0 ip=2606:4700:a0::7
2026-09-10T01:30:24Z INF Tunnel connection curve preferences: [X25519MLKEM768 CurveID(65074) CurveP256] connIndex=0 event=0 ip=2606:4700:a0::7
2026-09-10T01:30:24Z ERR failed to run the datagram handler error="context canceled" connIndex=0 event=0 ip=2606:4700:a0::7
2026-09-10T01:30:24Z ERR failed to serve tunnel connection error="control stream encountered a failure while serving" connIndex=0 event=0 ip=2606:4700:a0::7
2026-09-10T01:30:24Z ERR Serve tunnel error error="control stream encountered a failure while serving" connIndex=0 event=0 ip=2606:4700:a0::7
2026-09-10T01:30:24Z INF Retrying connection in up to 1m4s connIndex=0 event=0 ip=2606:4700:a0::7
2026-09-10T01:30:40Z INF Tunnel connection curve preferences: [X25519MLKEM768 CurveID(65074) CurveP256] connIndex=0 event=0 ip=2606:4700:a0::7
2026-09-10T01:30:40Z ERR failed to run the datagram handler error="context canceled" connIndex=0 event=0 ip=2606:4700:a0::7
2026-09-10T01:30:40Z ERR failed to serve tunnel connection error="control stream encountered a failure while serving" connIndex=0 event=0 ip=2606:4700:a0::7
2026-09-10T01:30:40Z ERR Serve tunnel error error="control stream encountered a failure while serving" connIndex=0 event=0 ip=2606:4700:a0::7
2026-09-10T01:30:40Z INF Retrying connection in up to 1m4s connIndex=0 event=0 ip=2606:4700:a0::7
2026-09-10T01:30:56Z INF Tunnel connection curve preferences: [X25519MLKEM768 CurveID(65074) CurveP256] connIndex=0 event=0 ip=2606:4700:a0::7
2026-09-10T01:30:56Z ERR failed to run the datagram handler error="context canceled" connIndex=0 event=0 ip=2606:4700:a0::7
2026-09-10T01:30:56Z ERR failed to serve tunnel connection error="control stream encountered a failure while serving" connIndex=0 event=0 ip=2606:4700:a0::7
2026-09-10T01:30:56Z ERR Serve tunnel error error="control stream encountered a failure while serving" connIndex=0 event=0 ip=2606:4700:a0::7
2026-09-10T01:30:56Z INF Retrying connection in up to 1m4s connIndex=0 event=0 ip=2606:4700:a0::7
2026-09-10T01:31:00Z INF Tunnel connection curve preferences: [X25519MLKEM768 CurveID(65074) CurveP256] connIndex=0 event=0 ip=2606:4700:a0::7
2026-09-10T01:31:00Z ERR failed to run the datagram handler error="context canceled" connIndex=0 event=0 ip=2606:4700:a0::7
2026-09-10T01:31:00Z ERR failed to serve tunnel connection error="control stream encountered a failure while serving" connIndex=0 event=0 ip=2606:4700:a0::7
2026-09-10T01:31:00Z ERR Serve tunnel error error="control stream encountered a failure while serving" connIndex=0 event=0 ip=2606:4700:a0::7
2026-09-10T01:31:00Z INF Retrying connection in up to 1m4s connIndex=0 event=0 ip=2606:4700:a0::7
2026-09-10T01:31:04Z INF Tunnel connection curve preferences: [X25519MLKEM768 CurveID(65074) CurveP256] connIndex=0 event=0 ip=2606:4700:a0::7
2026-09-10T01:31:04Z ERR failed to run the datagram handler error="context canceled" connIndex=0 event=0 ip=2606:4700:a0::7
2026-09-10T01:31:04Z ERR failed to serve tunnel connection error="control stream encountered a failure while serving" connIndex=0 event=0 ip=2606:4700:a0::7
2026-09-10T01:31:04Z ERR Serve tunnel error error="control stream encountered a failure while serving" connIndex=0 event=0 ip=2606:4700:a0::7
2026-09-10T01:31:04Z INF Retrying connection in up to 1m4s connIndex=0 event=0 ip=2606:4700:a0::7
2026-09-10T01:31:16Z INF Tunnel connection curve preferences: [X25519MLKEM768 CurveID(65074) CurveP256] connIndex=0 event=0 ip=2606:4700:a0::7
2026-09-10T01:31:16Z ERR failed to run the datagram handler error="context canceled" connIndex=0 event=0 ip=2606:4700:a0::7
2026-09-10T01:31:16Z ERR failed to serve tunnel connection error="control stream encountered a failure while serving" connIndex=0 event=0 ip=2606:4700:a0::7
2026-09-10T01:31:16Z ERR Serve tunnel error error="control stream encountered a failure while serving" connIndex=0 event=0 ip=2606:4700:a0::7
2026-09-10T01:31:16Z INF Retrying connection in up to 1m4s connIndex=0 event=0 ip=2606:4700:a0::7
2026-09-10T01:31:19Z INF Tunnel connection curve preferences: [X25519MLKEM768 CurveID(65074) CurveP256] connIndex=0 event=0 ip=2606:4700:a0::7
2026-09-10T01:31:19Z ERR failed to run the datagram handler error="context canceled" connIndex=0 event=0 ip=2606:4700:a0::7
2026-09-10T01:31:19Z ERR failed to serve tunnel connection error="control stream encountered a failure while serving" connIndex=0 event=0 ip=2606:4700:a0::7
2026-09-10T01:31:19Z ERR Serve tunnel error error="control stream encountered a failure while serving" connIndex=0 event=0 ip=2606:4700:a0::7
2026-09-10T01:31:19Z INF Retrying connection in up to 1m4s connIndex=0 event=0 ip=2606:4700:a0::7
2026-09-10T01:31:28Z INF Tunnel connection curve preferences: [X25519MLKEM768 CurveID(65074) CurveP256] connIndex=0 event=0 ip=2606:4700:a0::7
2026-09-10T01:31:28Z ERR failed to run the datagram handler error="context canceled" connIndex=0 event=0 ip=2606:4700:a0::7
2026-09-10T01:31:28Z ERR failed to serve tunnel connection error="control stream encountered a failure while serving" connIndex=0 event=0 ip=2606:4700:a0::7
2026-09-10T01:31:28Z ERR Serve tunnel error error="control stream encountered a failure while serving" connIndex=0 event=0 ip=2606:4700:a0::7
2026-09-10T01:31:28Z INF Retrying connection in up to 1m4s connIndex=0 event=0 ip=2606:4700:a0::7
2026-09-10T01:31:33Z INF Tunnel connection curve preferences: [X25519MLKEM768 CurveID(65074) CurveP256] connIndex=0 event=0 ip=2606:4700:a0::7
2026-09-10T01:31:33Z ERR failed to run the datagram handler error="context canceled" connIndex=0 event=0 ip=2606:4700:a0::7
2026-09-10T01:31:33Z ERR failed to serve tunnel connection error="control stream encountered a failure while serving" connIndex=0 event=0 ip=2606:4700:a0::7
2026-09-10T01:31:33Z ERR Serve tunnel error error="control stream encountered a failure while serving" connIndex=0 event=0 ip=2606:4700:a0::7
2026-09-10T01:31:33Z INF Retrying connection in up to 1m4s connIndex=0 event=0 ip=2606:4700:a0::7
2026-09-10T01:31:57Z INF Tunnel connection curve preferences: [X25519MLKEM768 CurveID(65074) CurveP256] connIndex=0 event=0 ip=2606:4700:a0::7
2026-09-10T01:31:57Z ERR failed to run the datagram handler error="context canceled" connIndex=0 event=0 ip=2606:4700:a0::7
2026-09-10T01:31:57Z ERR failed to serve tunnel connection error="control stream encountered a failure while serving" connIndex=0 event=0 ip=2606:4700:a0::7
2026-09-10T01:31:57Z ERR Serve tunnel error error="control stream encountered a failure while serving" connIndex=0 event=0 ip=2606:4700:a0::7
2026-09-10T01:31:57Z INF Retrying connection in up to 1m4s connIndex=0 event=0 ip=2606:4700:a0::7
2026-09-10T01:32:21Z INF Tunnel connection curve preferences: [X25519MLKEM768 CurveID(65074) CurveP256] connIndex=0 event=0 ip=2606:4700:a0::7
2026-09-10T01:32:21Z ERR failed to run the datagram handler error="context canceled" connIndex=0 event=0 ip=2606:4700:a0::7
2026-09-10T01:32:21Z ERR failed to serve tunnel connection error="control stream encountered a failure while serving" connIndex=0 event=0 ip=2606:4700:a0::7
2026-09-10T01:32:21Z ERR Serve tunnel error error="control stream encountered a failure while serving" connIndex=0 event=0 ip=2606:4700:a0::7
2026-09-10T01:32:21Z INF Retrying connection in up to 1m4s connIndex=0 event=0 ip=2606:4700:a0::7
2026-09-10T01:32:41Z INF Tunnel connection curve preferences: [X25519MLKEM768 CurveID(65074) CurveP256] connIndex=0 event=0 ip=2606:4700:a0::7
2026-09-10T01:32:41Z ERR failed to run the datagram handler error="context canceled" connIndex=0 event=0 ip=2606:4700:a0::7
2026-09-10T01:32:41Z ERR failed to serve tunnel connection error="control stream encountered a failure while serving" connIndex=0 event=0 ip=2606:4700:a0::7
2026-09-10T01:32:41Z ERR Serve tunnel error error="control stream encountered a failure while serving" connIndex=0 event=0 ip=2606:4700:a0::7
2026-09-10T01:32:41Z INF Retrying connection in up to 1m4s connIndex=0 event=0 ip=2606:4700:a0::7
2026-09-10T01:33:13Z INF Tunnel connection curve preferences: [X25519MLKEM768 CurveID(65074) CurveP256] connIndex=0 event=0 ip=2606:4700:a0::7
2026-09-10T01:33:13Z ERR failed to run the datagram handler error="context canceled" connIndex=0 event=0 ip=2606:4700:a0::7
2026-09-10T01:33:13Z ERR failed to serve tunnel connection error="control stream encountered a failure while serving" connIndex=0 event=0 ip=2606:4700:a0::7
2026-09-10T01:33:13Z ERR Serve tunnel error error="control stream encountered a failure while serving" connIndex=0 event=0 ip=2606:4700:a0::7
2026-09-10T01:33:13Z INF Retrying connection in up to 1m4s connIndex=0 event=0 ip=2606:4700:a0::7
2026-09-10T01:33:40Z INF Tunnel connection curve preferences: [X25519MLKEM768 CurveID(65074) CurveP256] connIndex=0 event=0 ip=2606:4700:a0::7
2026-09-10T01:33:40Z ERR failed to run the datagram handler error="context canceled" connIndex=0 event=0 ip=2606:4700:a0::7
2026-09-10T01:33:40Z ERR failed to serve tunnel connection error="control stream encountered a failure while serving" connIndex=0 event=0 ip=2606:4700:a0::7
2026-09-10T01:33:40Z ERR Serve tunnel error error="control stream encountered a failure while serving" connIndex=0 event=0 ip=2606:4700:a0::7
2026-09-10T01:33:40Z INF Retrying connection in up to 1m4s connIndex=0 event=0 ip=2606:4700:a0::7
2026-09-10T01:33:42Z INF Tunnel connection curve preferences: [X25519MLKEM768 CurveID(65074) CurveP256] connIndex=0 event=0 ip=2606:4700:a0::7
2026-09-10T01:33:42Z ERR failed to run the datagram handler error="context canceled" connIndex=0 event=0 ip=2606:4700:a0::7
2026-09-10T01:33:42Z ERR failed to serve tunnel connection error="control stream encountered a failure while serving" connIndex=0 event=0 ip=2606:4700:a0::7
2026-09-10T01:33:42Z ERR Serve tunnel error error="control stream encountered a failure while serving" connIndex=0 event=0 ip=2606:4700:a0::7
2026-09-10T01:33:42Z INF Retrying connection in up to 1m4s connIndex=0 event=0 ip=2606:4700:a0::7
2026-09-10T01:33:50Z INF Tunnel connection curve preferences: [X25519MLKEM768 CurveID(65074) CurveP256] connIndex=0 event=0 ip=2606:4700:a0::7
2026-09-10T01:33:50Z ERR failed to run the datagram handler error="context canceled" connIndex=0 event=0 ip=2606:4700:a0::7
2026-09-10T01:33:50Z ERR failed to serve tunnel connection error="control stream encountered a failure while serving" connIndex=0 event=0 ip=2606:4700:a0::7
2026-09-10T01:33:50Z ERR Serve tunnel error error="control stream encountered a failure while serving" connIndex=0 event=0 ip=2606:4700:a0::7
2026-09-10T01:33:50Z INF Retrying connection in up to 1m4s connIndex=0 event=0 ip=2606:4700:a0::7
2026-09-10T01:33:55Z INF Tunnel connection curve preferences: [X25519MLKEM768 CurveID(65074) CurveP256] connIndex=0 event=0 ip=2606:4700:a0::7
2026-09-10T01:33:55Z ERR failed to run the datagram handler error="context canceled" connIndex=0 event=0 ip=2606:4700:a0::7
2026-09-10T01:33:55Z ERR failed to serve tunnel connection error="control stream encountered a failure while serving" connIndex=0 event=0 ip=2606:4700:a0::7
2026-09-10T01:33:55Z ERR Serve tunnel error error="control stream encountered a failure while serving" connIndex=0 event=0 ip=2606:4700:a0::7
2026-09-10T01:33:55Z INF Retrying connection in up to 1m4s connIndex=0 event=0 ip=2606:4700:a0::7
2026-09-10T01:34:17Z INF Tunnel connection curve preferences: [X25519MLKEM768 CurveID(65074) CurveP256] connIndex=0 event=0 ip=2606:4700:a0::7
2026-09-10T01:34:17Z ERR failed to run the datagram handler error="context canceled" connIndex=0 event=0 ip=2606:4700:a0::7
2026-09-10T01:34:17Z ERR failed to serve tunnel connection error="control stream encountered a failure while serving" connIndex=0 event=0 ip=2606:4700:a0::7
2026-09-10T01:34:17Z ERR Serve tunnel error error="control stream encountered a failure while serving" connIndex=0 event=0 ip=2606:4700:a0::7
2026-09-10T01:34:17Z INF Retrying connection in up to 1m4s connIndex=0 event=0 ip=2606:4700:a0::7
2026-09-10T01:34:43Z INF Tunnel connection curve preferences: [X25519MLKEM768 CurveID(65074) CurveP256] connIndex=0 event=0 ip=2606:4700:a0::7
2026-09-10T01:34:43Z ERR failed to run the datagram handler error="context canceled" connIndex=0 event=0 ip=2606:4700:a0::7
2026-09-10T01:34:43Z ERR failed to serve tunnel connection error="control stream encountered a failure while serving" connIndex=0 event=0 ip=2606:4700:a0::7
2026-09-10T01:34:43Z ERR Serve tunnel error error="control stream encountered a failure while serving" connIndex=0 event=0 ip=2606:4700:a0::7
2026-09-10T01:34:43Z INF Retrying connection in up to 1m4s connIndex=0 event=0 ip=2606:4700:a0::7
2026-09-10T01:34:57Z INF Tunnel connection curve preferences: [X25519MLKEM768 CurveID(65074) CurveP256] connIndex=0 event=0 ip=2606:4700:a0::7
2026-09-10T01:34:57Z ERR failed to run the datagram handler error="context canceled" connIndex=0 event=0 ip=2606:4700:a0::7
2026-09-10T01:34:57Z ERR failed to serve tunnel connection error="control stream encountered a failure while serving" connIndex=0 event=0 ip=2606:4700:a0::7
2026-09-10T01:34:57Z ERR Serve tunnel error error="control stream encountered a failure while serving" connIndex=0 event=0 ip=2606:4700:a0::7
2026-09-10T01:34:57Z INF Retrying connection in up to 1m4s connIndex=0 event=0 ip=2606:4700:a0::7
2026-09-10T01:35:01Z INF Tunnel connection curve preferences: [X25519MLKEM768 CurveID(65074) CurveP256] connIndex=0 event=0 ip=2606:4700:a0::7
2026-09-10T01:35:01Z ERR failed to run the datagram handler error="context canceled" connIndex=0 event=0 ip=2606:4700:a0::7
2026-09-10T01:35:01Z ERR failed to serve tunnel connection error="control stream encountered a failure while serving" connIndex=0 event=0 ip=2606:4700:a0::7
2026-09-10T01:35:01Z ERR Serve tunnel error error="control stream encountered a failure while serving" connIndex=0 event=0 ip=2606:4700:a0::7
2026-09-10T01:35:01Z INF Retrying connection in up to 1m4s connIndex=0 event=0 ip=2606:4700:a0::7
2026-09-10T01:35:26Z INF Tunnel connection curve preferences: [X25519MLKEM768 CurveID(65074) CurveP256] connIndex=0 event=0 ip=2606:4700:a0::7
2026-09-10T01:35:26Z ERR failed to run the datagram handler error="context canceled" connIndex=0 event=0 ip=2606:4700:a0::7
2026-09-10T01:35:26Z ERR failed to serve tunnel connection error="control stream encountered a failure while serving" connIndex=0 event=0 ip=2606:4700:a0::7
2026-09-10T01:35:26Z ERR Serve tunnel error error="control stream encountered a failure while serving" connIndex=0 event=0 ip=2606:4700:a0::7
2026-09-10T01:35:26Z INF Retrying connection in up to 1m4s connIndex=0 event=0 ip=2606:4700:a0::7
2026-09-10T01:35:45Z INF Tunnel connection curve preferences: [X25519MLKEM768 CurveID(65074) CurveP256] connIndex=0 event=0 ip=2606:4700:a0::7
2026-09-10T01:35:45Z ERR failed to run the datagram handler error="context canceled" connIndex=0 event=0 ip=2606:4700:a0::7
2026-09-10T01:35:45Z ERR failed to serve tunnel connection error="control stream encountered a failure while serving" connIndex=0 event=0 ip=2606:4700:a0::7
2026-09-10T01:35:45Z ERR Serve tunnel error error="control stream encountered a failure while serving" connIndex=0 event=0 ip=2606:4700:a0::7
2026-09-10T01:35:45Z INF Retrying connection in up to 1m4s connIndex=0 event=0 ip=2606:4700:a0::7
2026-09-10T01:35:45Z INF Tunnel connection curve preferences: [X25519MLKEM768 CurveID(65074) CurveP256] connIndex=0 event=0 ip=2606:4700:a0::7
2026-09-10T01:35:45Z ERR failed to run the datagram handler error="context canceled" connIndex=0 event=0 ip=2606:4700:a0::7
2026-09-10T01:35:45Z ERR failed to serve tunnel connection error="control stream encountered a failure while serving" connIndex=0 event=0 ip=2606:4700:a0::7
2026-09-10T01:35:45Z ERR Serve tunnel error error="control stream encountered a failure while serving" connIndex=0 event=0 ip=2606:4700:a0::7
2026-09-10T01:35:45Z INF Retrying connection in up to 1m4s connIndex=0 event=0 ip=2606:4700:a0::7
2026-09-10T01:36:00Z INF Tunnel connection curve preferences: [X25519MLKEM768 CurveID(65074) CurveP256] connIndex=0 event=0 ip=2606:4700:a0::7
2026-09-10T01:36:00Z ERR failed to run the datagram handler error="context canceled" connIndex=0 event=0 ip=2606:4700:a0::7
2026-09-10T01:36:00Z ERR failed to serve tunnel connection error="control stream encountered a failure while serving" connIndex=0 event=0 ip=2606:4700:a0::7
2026-09-10T01:36:00Z ERR Serve tunnel error error="control stream encountered a failure while serving" connIndex=0 event=0 ip=2606:4700:a0::7
2026-09-10T01:36:00Z INF Retrying connection in up to 1m4s connIndex=0 event=0 ip=2606:4700:a0::7
2026-09-10T01:36:30Z INF Tunnel connection curve preferences: [X25519MLKEM768 CurveID(65074) CurveP256] connIndex=0 event=0 ip=2606:4700:a0::7
2026-09-10T01:36:30Z ERR failed to run the datagram handler error="context canceled" connIndex=0 event=0 ip=2606:4700:a0::7
2026-09-10T01:36:30Z ERR failed to serve tunnel connection error="control stream encountered a failure while serving" connIndex=0 event=0 ip=2606:4700:a0::7
2026-09-10T01:36:30Z ERR Serve tunnel error error="control stream encountered a failure while serving" connIndex=0 event=0 ip=2606:4700:a0::7
2026-09-10T01:36:30Z INF Retrying connection in up to 1m4s connIndex=0 event=0 ip=2606:4700:a0::7
2026-09-10T01:36:40Z INF Tunnel connection curve preferences: [X25519MLKEM768 CurveID(65074) CurveP256] connIndex=0 event=0 ip=2606:4700:a0::7
2026-09-10T01:36:40Z ERR failed to run the datagram handler error="context canceled" connIndex=0 event=0 ip=2606:4700:a0::7
2026-09-10T01:36:40Z ERR failed to serve tunnel connection error="control stream encountered a failure while serving" connIndex=0 event=0 ip=2606:4700:a0::7
2026-09-10T01:36:40Z ERR Serve tunnel error error="control stream encountered a failure while serving" connIndex=0 event=0 ip=2606:4700:a0::7
2026-09-10T01:36:40Z INF Retrying connection in up to 1m4s connIndex=0 event=0 ip=2606:4700:a0::7
2026-09-10T01:36:53Z INF Tunnel connection curve preferences: [X25519MLKEM768 CurveID(65074) CurveP256] connIndex=0 event=0 ip=2606:4700:a0::7
2026-09-10T01:36:53Z ERR failed to run the datagram handler error="context canceled" connIndex=0 event=0 ip=2606:4700:a0::7
2026-09-10T01:36:53Z ERR failed to serve tunnel connection error="control stream encountered a failure while serving" connIndex=0 event=0 ip=2606:4700:a0::7
2026-09-10T01:36:53Z ERR Serve tunnel error error="control stream encountered a failure while serving" connIndex=0 event=0 ip=2606:4700:a0::7
2026-09-10T01:36:53Z INF Retrying connection in up to 1m4s connIndex=0 event=0 ip=2606:4700:a0::7
2026-09-10T01:37:16Z INF Tunnel connection curve preferences: [X25519MLKEM768 CurveID(65074) CurveP256] connIndex=0 event=0 ip=2606:4700:a0::7
2026-09-10T01:37:16Z ERR failed to run the datagram handler error="context canceled" connIndex=0 event=0 ip=2606:4700:a0::7
2026-09-10T01:37:16Z ERR failed to serve tunnel connection error="control stream encountered a failure while serving" connIndex=0 event=0 ip=2606:4700:a0::7
2026-09-10T01:37:16Z ERR Serve tunnel error error="control stream encountered a failure while serving" connIndex=0 event=0 ip=2606:4700:a0::7
2026-09-10T01:37:16Z INF Retrying connection in up to 1m4s connIndex=0 event=0 ip=2606:4700:a0::7
2026-09-10T01:37:23Z INF Tunnel connection curve preferences: [X25519MLKEM768 CurveID(65074) CurveP256] connIndex=0 event=0 ip=2606:4700:a0::7
2026-09-10T01:37:23Z ERR failed to run the datagram handler error="context canceled" connIndex=0 event=0 ip=2606:4700:a0::7
2026-09-10T01:37:23Z ERR failed to serve tunnel connection error="control stream encountered a failure while serving" connIndex=0 event=0 ip=2606:4700:a0::7
2026-09-10T01:37:23Z ERR Serve tunnel error error="control stream encountered a failure while serving" connIndex=0 event=0 ip=2606:4700:a0::7
2026-09-10T01:37:23Z INF Retrying connection in up to 1m4s connIndex=0 event=0 ip=2606:4700:a0::7
2026-09-10T01:37:24Z INF Tunnel connection curve preferences: [X25519MLKEM768 CurveID(65074) CurveP256] connIndex=0 event=0 ip=2606:4700:a0::7
2026-09-10T01:37:24Z ERR failed to run the datagram handler error="context canceled" connIndex=0 event=0 ip=2606:4700:a0::7
2026-09-10T01:37:24Z ERR failed to serve tunnel connection error="control stream encountered a failure while serving" connIndex=0 event=0 ip=2606:4700:a0::7
2026-09-10T01:37:24Z ERR Serve tunnel error error="control stream encountered a failure while serving" connIndex=0 event=0 ip=2606:4700:a0::7
2026-09-10T01:37:24Z INF Retrying connection in up to 1m4s connIndex=0 event=0 ip=2606:4700:a0::7
2026-09-10T01:37:45Z INF Tunnel connection curve preferences: [X25519MLKEM768 CurveID(65074) CurveP256] connIndex=0 event=0 ip=2606:4700:a0::7
2026-09-10T01:37:45Z ERR failed to run the datagram handler error="context canceled" connIndex=0 event=0 ip=2606:4700:a0::7
2026-09-10T01:37:45Z ERR failed to serve tunnel connection error="control stream encountered a failure while serving" connIndex=0 event=0 ip=2606:4700:a0::7
2026-09-10T01:37:45Z ERR Serve tunnel error error="control stream encountered a failure while serving" connIndex=0 event=0 ip=2606:4700:a0::7
2026-09-10T01:37:45Z INF Retrying connection in up to 1m4s connIndex=0 event=0 ip=2606:4700:a0::7
2026-09-10T01:38:02Z INF Tunnel connection curve preferences: [X25519MLKEM768 CurveID(65074) CurveP256] connIndex=0 event=0 ip=2606:4700:a0::7
2026-09-10T01:38:02Z ERR failed to run the datagram handler error="context canceled" connIndex=0 event=0 ip=2606:4700:a0::7
2026-09-10T01:38:02Z ERR failed to serve tunnel connection error="control stream encountered a failure while serving" connIndex=0 event=0 ip=2606:4700:a0::7
2026-09-10T01:38:02Z ERR Serve tunnel error error="control stream encountered a failure while serving" connIndex=0 event=0 ip=2606:4700:a0::7
2026-09-10T01:38:02Z INF Retrying connection in up to 1m4s connIndex=0 event=0 ip=2606:4700:a0::7
2026-09-10T01:38:13Z INF Tunnel connection curve preferences: [X25519MLKEM768 CurveID(65074) CurveP256] connIndex=0 event=0 ip=2606:4700:a0::7
2026-09-10T01:38:13Z ERR failed to run the datagram handler error="context canceled" connIndex=0 event=0 ip=2606:4700:a0::7
2026-09-10T01:38:13Z ERR failed to serve tunnel connection error="control stream encountered a failure while serving" connIndex=0 event=0 ip=2606:4700:a0::7
2026-09-10T01:38:13Z ERR Serve tunnel error error="control stream encountered a failure while serving" connIndex=0 event=0 ip=2606:4700:a0::7
2026-09-10T01:38:13Z INF Retrying connection in up to 1m4s connIndex=0 event=0 ip=2606:4700:a0::7
2026-09-10T01:38:40Z INF Tunnel connection curve preferences: [X25519MLKEM768 CurveID(65074) CurveP256] connIndex=0 event=0 ip=2606:4700:a0::7
2026-09-10T01:38:40Z ERR failed to run the datagram handler error="context canceled" connIndex=0 event=0 ip=2606:4700:a0::7
2026-09-10T01:38:40Z ERR failed to serve tunnel connection error="control stream encountered a failure while serving" connIndex=0 event=0 ip=2606:4700:a0::7
2026-09-10T01:38:40Z ERR Serve tunnel error error="control stream encountered a failure while serving" connIndex=0 event=0 ip=2606:4700:a0::7
2026-09-10T01:38:40Z INF Retrying connection in up to 1m4s connIndex=0 event=0 ip=2606:4700:a0::7
2026-09-10T01:38:48Z INF Tunnel connection curve preferences: [X25519MLKEM768 CurveID(65074) CurveP256] connIndex=0 event=0 ip=2606:4700:a0::7
2026-09-10T01:38:48Z ERR failed to run the datagram handler error="context canceled" connIndex=0 event=0 ip=2606:4700:a0::7
2026-09-10T01:38:48Z ERR failed to serve tunnel connection error="control stream encountered a failure while serving" connIndex=0 event=0 ip=2606:4700:a0::7
2026-09-10T01:38:48Z ERR Serve tunnel error error="control stream encountered a failure while serving" connIndex=0 event=0 ip=2606:4700:a0::7
2026-09-10T01:38:48Z INF Retrying connection in up to 1m4s connIndex=0 event=0 ip=2606:4700:a0::7
2026-09-10T01:39:00Z INF Tunnel connection curve preferences: [X25519MLKEM768 CurveID(65074) CurveP256] connIndex=0 event=0 ip=2606:4700:a0::7
2026-09-10T01:39:00Z ERR failed to run the datagram handler error="context canceled" connIndex=0 event=0 ip=2606:4700:a0::7
2026-09-10T01:39:00Z ERR failed to serve tunnel connection error="control stream encountered a failure while serving" connIndex=0 event=0 ip=2606:4700:a0::7
2026-09-10T01:39:00Z ERR Serve tunnel error error="control stream encountered a failure while serving" connIndex=0 event=0 ip=2606:4700:a0::7
2026-09-10T01:39:00Z INF Retrying connection in up to 1m4s connIndex=0 event=0 ip=2606:4700:a0::7
2026-09-10T01:39:10Z INF Tunnel connection curve preferences: [X25519MLKEM768 CurveID(65074) CurveP256] connIndex=0 event=0 ip=2606:4700:a0::7
2026-09-10T01:39:10Z ERR failed to run the datagram handler error="context canceled" connIndex=0 event=0 ip=2606:4700:a0::7
2026-09-10T01:39:10Z ERR failed to serve tunnel connection error="control stream encountered a failure while serving" connIndex=0 event=0 ip=2606:4700:a0::7
2026-09-10T01:39:10Z ERR Serve tunnel error error="control stream encountered a failure while serving" connIndex=0 event=0 ip=2606:4700:a0::7
2026-09-10T01:39:10Z INF Retrying connection in up to 1m4s connIndex=0 event=0 ip=2606:4700:a0::7
2026-09-10T01:39:37Z INF Tunnel connection curve preferences: [X25519MLKEM768 CurveID(65074) CurveP256] connIndex=0 event=0 ip=2606:4700:a0::7
2026-09-10T01:39:37Z ERR failed to run the datagram handler error="context canceled" connIndex=0 event=0 ip=2606:4700:a0::7
2026-09-10T01:39:37Z ERR failed to serve tunnel connection error="control stream encountered a failure while serving" connIndex=0 event=0 ip=2606:4700:a0::7
2026-09-10T01:39:37Z ERR Serve tunnel error error="control stream encountered a failure while serving" connIndex=0 event=0 ip=2606:4700:a0::7
2026-09-10T01:39:37Z INF Retrying connection in up to 1m4s connIndex=0 event=0 ip=2606:4700:a0::7
2026-09-10T01:39:56Z INF Tunnel connection curve preferences: [X25519MLKEM768 CurveID(65074) CurveP256] connIndex=0 event=0 ip=2606:4700:a0::7
2026-09-10T01:39:56Z ERR failed to run the datagram handler error="context canceled" connIndex=0 event=0 ip=2606:4700:a0::7
2026-09-10T01:39:56Z ERR failed to serve tunnel connection error="control stream encountered a failure while serving" connIndex=0 event=0 ip=2606:4700:a0::7
2026-09-10T01:39:56Z ERR Serve tunnel error error="control stream encountered a failure while serving" connIndex=0 event=0 ip=2606:4700:a0::7
2026-09-10T01:39:56Z INF Retrying connection in up to 1m4s connIndex=0 event=0 ip=2606:4700:a0::7
2026-09-10T01:40:11Z INF Tunnel connection curve preferences: [X25519MLKEM768 CurveID(65074) CurveP256] connIndex=0 event=0 ip=2606:4700:a0::7
2026-09-10T01:40:11Z ERR failed to run the datagram handler error="context canceled" connIndex=0 event=0 ip=2606:4700:a0::7
2026-09-10T01:40:11Z ERR failed to serve tunnel connection error="control stream encountered a failure while serving" connIndex=0 event=0 ip=2606:4700:a0::7
2026-09-10T01:40:11Z ERR Serve tunnel error error="control stream encountered a failure while serving" connIndex=0 event=0 ip=2606:4700:a0::7
2026-09-10T01:40:11Z INF Retrying connection in up to 1m4s connIndex=0 event=0 ip=2606:4700:a0::7
2026-09-10T01:40:38Z INF Tunnel connection curve preferences: [X25519MLKEM768 CurveID(65074) CurveP256] connIndex=0 event=0 ip=2606:4700:a0::7
2026-09-10T01:40:38Z ERR failed to run the datagram handler error="context canceled" connIndex=0 event=0 ip=2606:4700:a0::7
2026-09-10T01:40:38Z ERR failed to serve tunnel connection error="control stream encountered a failure while serving" connIndex=0 event=0 ip=2606:4700:a0::7
2026-09-10T01:40:38Z ERR Serve tunnel error error="control stream encountered a failure while serving" connIndex=0 event=0 ip=2606:4700:a0::7
2026-09-10T01:40:38Z INF Retrying connection in up to 1m4s connIndex=0 event=0 ip=2606:4700:a0::7
2026-09-10T01:41:01Z INF Tunnel connection curve preferences: [X25519MLKEM768 CurveID(65074) CurveP256] connIndex=0 event=0 ip=2606:4700:a0::7
2026-09-10T01:41:01Z ERR failed to run the datagram handler error="context canceled" connIndex=0 event=0 ip=2606:4700:a0::7
2026-09-10T01:41:01Z ERR failed to serve tunnel connection error="control stream encountered a failure while serving" connIndex=0 event=0 ip=2606:4700:a0::7
2026-09-10T01:41:01Z ERR Serve tunnel error error="control stream encountered a failure while serving" connIndex=0 event=0 ip=2606:4700:a0::7
2026-09-10T01:41:01Z INF Retrying connection in up to 1m4s connIndex=0 event=0 ip=2606:4700:a0::7
2026-09-10T01:41:05Z INF Tunnel connection curve preferences: [X25519MLKEM768 CurveID(65074) CurveP256] connIndex=0 event=0 ip=2606:4700:a0::7
2026-09-10T01:41:05Z ERR failed to run the datagram handler error="context canceled" connIndex=0 event=0 ip=2606:4700:a0::7
2026-09-10T01:41:05Z ERR failed to serve tunnel connection error="control stream encountered a failure while serving" connIndex=0 event=0 ip=2606:4700:a0::7
2026-09-10T01:41:05Z ERR Serve tunnel error error="control stream encountered a failure while serving" connIndex=0 event=0 ip=2606:4700:a0::7
2026-09-10T01:41:05Z INF Retrying connection in up to 1m4s connIndex=0 event=0 ip=2606:4700:a0::7
2026-09-10T01:41:23Z INF Tunnel connection curve preferences: [X25519MLKEM768 CurveID(65074) CurveP256] connIndex=0 event=0 ip=2606:4700:a0::7
2026-09-10T01:41:23Z ERR failed to run the datagram handler error="context canceled" connIndex=0 event=0 ip=2606:4700:a0::7
2026-09-10T01:41:23Z ERR failed to serve tunnel connection error="control stream encountered a failure while serving" connIndex=0 event=0 ip=2606:4700:a0::7
2026-09-10T01:41:23Z ERR Serve tunnel error error="control stream encountered a failure while serving" connIndex=0 event=0 ip=2606:4700:a0::7
2026-09-10T01:41:23Z INF Retrying connection in up to 1m4s connIndex=0 event=0 ip=2606:4700:a0::7
2026-09-10T01:41:41Z INF Tunnel connection curve preferences: [X25519MLKEM768 CurveID(65074) CurveP256] connIndex=0 event=0 ip=2606:4700:a0::7
2026-09-10T01:41:41Z ERR failed to run the datagram handler error="context canceled" connIndex=0 event=0 ip=2606:4700:a0::7
2026-09-10T01:41:41Z ERR failed to serve tunnel connection error="control stream encountered a failure while serving" connIndex=0 event=0 ip=2606:4700:a0::7
2026-09-10T01:41:41Z ERR Serve tunnel error error="control stream encountered a failure while serving" connIndex=0 event=0 ip=2606:4700:a0::7
2026-09-10T01:41:41Z INF Retrying connection in up to 1m4s connIndex=0 event=0 ip=2606:4700:a0::7
2026-09-10T01:42:07Z INF Tunnel connection curve preferences: [X25519MLKEM768 CurveID(65074) CurveP256] connIndex=0 event=0 ip=2606:4700:a0::7
2026-09-10T01:42:07Z ERR failed to run the datagram handler error="context canceled" connIndex=0 event=0 ip=2606:4700:a0::7
2026-09-10T01:42:07Z ERR failed to serve tunnel connection error="control stream encountered a failure while serving" connIndex=0 event=0 ip=2606:4700:a0::7
2026-09-10T01:42:07Z ERR Serve tunnel error error="control stream encountered a failure while serving" connIndex=0 event=0 ip=2606:4700:a0::7
2026-09-10T01:42:07Z INF Retrying connection in up to 1m4s connIndex=0 event=0 ip=2606:4700:a0::7
2026-09-10T01:42:13Z INF Initiating graceful shutdown due to signal terminated ...
2026-09-10T01:42:13Z ERR Connection terminated connIndex=0
2026-09-10T01:42:13Z ERR no more connections active and exiting
2026-09-10T01:42:13Z INF Tunnel server stopped
2026-09-10T01:42:13Z INF Metrics server stopped
